[18May2025 23:38:09.856] [main/INFO] [cpw.mods.modlauncher.Launcher/MODLAUNCHER]: ModLauncher running: args [--launchTarget, forgeserver, --fml.forgeVersion, 47.3.7, --fml.mcVersion, 1.20.1, --fml.forgeGroup, net.minecraftforge, --fml.mcpVersion, 20230612.114412, nogui]
[18May2025 23:38:09.860] [main/INFO] [cpw.mods.modlauncher.Launcher/MODLAUNCHER]: ModLauncher 10.0.9+10.0.9+main.dcd20f30 starting: java version 17.0.15 by Ubuntu; OS Linux arch amd64 version 6.8.0-1027-azure
[18May2025 23:38:09.880] [main/DEBUG] [cpw.mods.modlauncher.LaunchServiceHandler/MODLAUNCHER]: Found launch services [fmlclientdev,forgeclient,minecraft,forgegametestserverdev,fmlserveruserdev,fmlclient,fmldatauserdev,forgeserverdev,forgeserveruserdev,forgeclientdev,forgeclientuserdev,forgeserver,forgedatadev,fmlserver,fmlclientuserdev,fmlserverdev,forgedatauserdev,testharness,forgegametestserveruserdev]
[18May2025 23:38:09.890] [main/DEBUG] [cpw.mods.modlauncher.NameMappingServiceHandler/MODLAUNCHER]: Found naming services : [srgtomcp]
[18May2025 23:38:09.900] [main/DEBUG] [cpw.mods.modlauncher.LaunchPluginHandler/MODLAUNCHER]: Found launch plugins: [mixin,eventbus,slf4jfixer,object_holder_definalize,runtime_enum_extender,capability_token_subclass,accesstransformer,runtimedistcleaner]
[18May2025 23:38:09.908] [main/DEBUG] [cpw.mods.modlauncher.TransformationServicesHandler/MODLAUNCHER]: Discovering transformation services
[18May2025 23:38:09.911] [main/DEBUG] [net.minecraftforge.fml.loading.FMLPaths/CORE]: Path GAMEDIR is /workspaces/server1/servidor_minecraft
[18May2025 23:38:09.911] [main/DEBUG] [net.minecraftforge.fml.loading.FMLPaths/CORE]: Path MODSDIR is /workspaces/server1/servidor_minecraft/mods
[18May2025 23:38:09.911] [main/DEBUG] [net.minecraftforge.fml.loading.FMLPaths/CORE]: Path CONFIGDIR is /workspaces/server1/servidor_minecraft/config
[18May2025 23:38:09.912] [main/DEBUG] [net.minecraftforge.fml.loading.FMLPaths/CORE]: Path FMLCONFIG is /workspaces/server1/servidor_minecraft/config/fml.toml
[18May2025 23:38:10.254] [main/DEBUG] [cpw.mods.modlauncher.TransformationServicesHandler/MODLAUNCHER]: Found additional transformation services from discovery services: 
[18May2025 23:38:10.260] [main/INFO] [net.minecraftforge.fml.loading.ImmediateWindowHandler/]: ImmediateWindowProvider not loading because launch target is forgeserver
[18May2025 23:38:10.268] [main/DEBUG] [cpw.mods.modlauncher.TransformationServicesHandler/MODLAUNCHER]: Found transformer services : [mixin,fml]
[18May2025 23:38:10.268] [main/DEBUG] [cpw.mods.modlauncher.TransformationServicesHandler/MODLAUNCHER]: Transformation services loading
[18May2025 23:38:10.269] [main/DEBUG] [cpw.mods.modlauncher.TransformationServiceDecorator/MODLAUNCHER]: Loading service mixin
[18May2025 23:38:10.269] [main/DEBUG] [cpw.mods.modlauncher.TransformationServiceDecorator/MODLAUNCHER]: Loaded service mixin
[18May2025 23:38:10.269] [main/DEBUG] [cpw.mods.modlauncher.TransformationServiceDecorator/MODLAUNCHER]: Loading service fml
[18May2025 23:38:10.270] [main/DEBUG] [net.minecraftforge.fml.loading.LauncherVersion/CORE]: Found FMLLauncher version 1.0
[18May2025 23:38:10.270] [main/DEBUG] [net.minecraftforge.fml.loading.FMLLoader/CORE]: FML 1.0 loading
[18May2025 23:38:10.270] [main/DEBUG] [net.minecraftforge.fml.loading.FMLLoader/CORE]: FML found ModLauncher version : 10.0.9+10.0.9+main.dcd20f30
[18May2025 23:38:10.271] [main/DEBUG] [net.minecraftforge.fml.loading.FMLLoader/CORE]: FML found AccessTransformer version : 8.0.4+66+master.c09db6d7
[18May2025 23:38:10.271] [main/DEBUG] [net.minecraftforge.fml.loading.FMLLoader/CORE]: FML found EventBus version : 6.0.5+6.0.5+master.eb8e549b
[18May2025 23:38:10.271] [main/DEBUG] [net.minecraftforge.fml.loading.FMLLoader/CORE]: Found Runtime Dist Cleaner
[18May2025 23:38:10.273] [main/DEBUG] [net.minecraftforge.fml.loading.FMLLoader/CORE]: FML found CoreMod version : 5.1.6
[18May2025 23:38:10.273] [main/DEBUG] [net.minecraftforge.fml.loading.FMLLoader/CORE]: Found ForgeSPI package implementation version 7.0.1+7.0.1+master.d2b38bf6
[18May2025 23:38:10.273] [main/DEBUG] [net.minecraftforge.fml.loading.FMLLoader/CORE]: Found ForgeSPI package specification 5
[18May2025 23:38:10.273] [main/DEBUG] [cpw.mods.modlauncher.TransformationServiceDecorator/MODLAUNCHER]: Loaded service fml
[18May2025 23:38:10.274] [main/DEBUG] [cpw.mods.modlauncher.TransformationServicesHandler/MODLAUNCHER]: Configuring option handling for services
[18May2025 23:38:10.280] [main/DEBUG] [cpw.mods.modlauncher.TransformationServicesHandler/MODLAUNCHER]: Transformation services initializing
[18May2025 23:38:10.281] [main/DEBUG] [cpw.mods.modlauncher.TransformationServiceDecorator/MODLAUNCHER]: Initializing transformation service mixin
[18May2025 23:38:10.293] [main/DEBUG] [mixin/]: MixinService [ModLauncher] was successfully booted in cpw.mods.cl.ModuleClassLoader@1e7c7811
[18May2025 23:38:10.307] [main/INFO] [mixin/]: SpongePowered MIXIN Subsystem Version=0.8.5 Source=union:/workspaces/server1/servidor_minecraft/libraries/org/spongepowered/mixin/0.8.5/mixin-0.8.5.jar%2365!/ Service=ModLauncher Env=SERVER
[18May2025 23:38:10.311] [main/DEBUG] [mixin/]: Initialising Mixin Platform Manager
[18May2025 23:38:10.311] [main/DEBUG] [mixin/]: Adding mixin platform agents for container ModLauncher Root Container(ModLauncher:4f56a0a2)
[18May2025 23:38:10.311] [main/DEBUG] [mixin/]: Instancing new MixinPlatformAgentMinecraftForge for ModLauncher Root Container(ModLauncher:4f56a0a2)
[18May2025 23:38:10.312] [main/DEBUG] [mixin/]: MixinPlatformAgentMinecraftForge rejected container ModLauncher Root Container(ModLauncher:4f56a0a2)
[18May2025 23:38:10.312] [main/DEBUG] [mixin/]: Instancing new MixinPlatformAgentDefault for ModLauncher Root Container(ModLauncher:4f56a0a2)
[18May2025 23:38:10.313] [main/DEBUG] [mixin/]: MixinPlatformAgentDefault accepted container ModLauncher Root Container(ModLauncher:4f56a0a2)
[18May2025 23:38:10.315] [main/DEBUG] [cpw.mods.modlauncher.TransformationServiceDecorator/MODLAUNCHER]: Initialized transformation service mixin
[18May2025 23:38:10.315] [main/DEBUG] [cpw.mods.modlauncher.TransformationServiceDecorator/MODLAUNCHER]: Initializing transformation service fml
[18May2025 23:38:10.315] [main/DEBUG] [net.minecraftforge.fml.loading.FMLServiceProvider/CORE]: Setting up basic FML game directories
[18May2025 23:38:10.316] [main/DEBUG] [net.minecraftforge.fml.loading.FMLPaths/CORE]: Path GAMEDIR is /workspaces/server1/servidor_minecraft
[18May2025 23:38:10.316] [main/DEBUG] [net.minecraftforge.fml.loading.FMLPaths/CORE]: Path MODSDIR is /workspaces/server1/servidor_minecraft/mods
[18May2025 23:38:10.316] [main/DEBUG] [net.minecraftforge.fml.loading.FMLPaths/CORE]: Path CONFIGDIR is /workspaces/server1/servidor_minecraft/config
[18May2025 23:38:10.316] [main/DEBUG] [net.minecraftforge.fml.loading.FMLPaths/CORE]: Path FMLCONFIG is /workspaces/server1/servidor_minecraft/config/fml.toml
[18May2025 23:38:10.316] [main/DEBUG] [net.minecraftforge.fml.loading.FMLServiceProvider/CORE]: Loading configuration
[18May2025 23:38:10.319] [main/DEBUG] [net.minecraftforge.fml.loading.FMLServiceProvider/CORE]: Preparing ModFile
[18May2025 23:38:10.321] [main/DEBUG] [net.minecraftforge.fml.loading.FMLServiceProvider/CORE]: Preparing launch handler
[18May2025 23:38:10.322] [main/DEBUG] [net.minecraftforge.fml.loading.FMLLoader/CORE]: Using forgeserver as launch service
[18May2025 23:38:10.334] [main/DEBUG] [net.minecraftforge.fml.loading.FMLLoader/CORE]: Received command line version data  : VersionInfo[forgeVersion=47.3.7, mcVersion=1.20.1, mcpVersion=20230612.114412, forgeGroup=net.minecraftforge]
[18May2025 23:38:10.335] [main/DEBUG] [cpw.mods.modlauncher.TransformationServiceDecorator/MODLAUNCHER]: Initialized transformation service fml
[18May2025 23:38:10.336] [main/DEBUG] [cpw.mods.modlauncher.NameMappingServiceHandler/MODLAUNCHER]: Current naming domain is 'srg'
[18May2025 23:38:10.336] [main/DEBUG] [cpw.mods.modlauncher.NameMappingServiceHandler/MODLAUNCHER]: Identified name mapping providers {}
[18May2025 23:38:10.336] [main/DEBUG] [cpw.mods.modlauncher.TransformationServicesHandler/MODLAUNCHER]: Transformation services begin scanning
[18May2025 23:38:10.337] [main/DEBUG] [cpw.mods.modlauncher.TransformationServiceDecorator/MODLAUNCHER]: Beginning scan trigger - transformation service mixin
[18May2025 23:38:10.337] [main/DEBUG] [cpw.mods.modlauncher.TransformationServiceDecorator/MODLAUNCHER]: End scan trigger - transformation service mixin
[18May2025 23:38:10.337] [main/DEBUG] [cpw.mods.modlauncher.TransformationServiceDecorator/MODLAUNCHER]: Beginning scan trigger - transformation service fml
[18May2025 23:38:10.337] [main/DEBUG] [net.minecraftforge.fml.loading.FMLServiceProvider/CORE]: Initiating mod scan
[18May2025 23:38:10.347] [main/DEBUG] [net.minecraftforge.fml.loading.moddiscovery.ModListHandler/CORE]: Found mod coordinates from lists: []
[18May2025 23:38:10.350] [main/DEBUG] [net.minecraftforge.fml.loading.moddiscovery.ModDiscoverer/CORE]: Found Mod Locators : (mods folder:null),(maven libs:null),(exploded directory:null),(minecraft:null),(userdev classpath:null)
[18May2025 23:38:10.350] [main/DEBUG] [net.minecraftforge.fml.loading.moddiscovery.ModDiscoverer/CORE]: Found Dependency Locators : (JarInJar:null)
[18May2025 23:38:10.361] [main/DEBUG] [net.minecraftforge.fml.loading.moddiscovery.ModFileParser/LOADING]: Considering mod file candidate /workspaces/server1/servidor_minecraft/mods/[1.20.1] SecurityCraft v1.10.0.1.jar
[18May2025 23:38:10.398] [main/DEBUG] [net.minecraftforge.fml.loading.moddiscovery.ModFileInfo/LOADING]: Found valid mod file [1.20.1] SecurityCraft v1.10.0.1.jar with {securitycraft} mods - versions {1.10.0.1}
[18May2025 23:38:10.399] [main/DEBUG] [net.minecraftforge.fml.loading.moddiscovery.ModFileParser/LOADING]: Considering mod file candidate /workspaces/server1/servidor_minecraft/mods/architectury-9.2.14-forge.jar
[18May2025 23:38:10.401] [main/DEBUG] [net.minecraftforge.fml.loading.moddiscovery.ModFileInfo/LOADING]: Found valid mod file architectury-9.2.14-forge.jar with {architectury} mods - versions {9.2.14}
[18May2025 23:38:10.402] [main/DEBUG] [net.minecraftforge.fml.loading.moddiscovery.ModFileParser/LOADING]: Considering mod file candidate /workspaces/server1/servidor_minecraft/mods/balm-forge-1.20.1-7.3.29-all.jar
[18May2025 23:38:10.403] [main/DEBUG] [net.minecraftforge.fml.loading.moddiscovery.ModFileInfo/LOADING]: Found valid mod file balm-forge-1.20.1-7.3.29-all.jar with {balm} mods - versions {7.3.29}
[18May2025 23:38:10.404] [main/DEBUG] [net.minecraftforge.fml.loading.moddiscovery.ModFileParser/LOADING]: Considering mod file candidate /workspaces/server1/servidor_minecraft/mods/bettervillage-forge-1.20.1-3.3.0-all.jar
[18May2025 23:38:10.406] [main/DEBUG] [net.minecraftforge.fml.loading.moddiscovery.ModFileInfo/LOADING]: Found valid mod file bettervillage-forge-1.20.1-3.3.0-all.jar with {bettervillage} mods - versions {3.3.0}
[18May2025 23:38:10.409] [main/DEBUG] [net.minecraftforge.fml.loading.moddiscovery.ModFileParser/LOADING]: Considering mod file candidate /workspaces/server1/servidor_minecraft/mods/BiomesOPlenty-forge-1.20.1-19.0.0.96.jar
[18May2025 23:38:10.410] [main/DEBUG] [net.minecraftforge.fml.loading.moddiscovery.ModFileInfo/LOADING]: Found valid mod file BiomesOPlenty-forge-1.20.1-19.0.0.96.jar with {biomesoplenty} mods - versions {19.0.0.96}
[18May2025 23:38:10.411] [main/DEBUG] [net.minecraftforge.fml.loading.moddiscovery.ModFileParser/LOADING]: Considering mod file candidate /workspaces/server1/servidor_minecraft/mods/caelus-forge-3.2.0+1.20.1.jar
[18May2025 23:38:10.412] [main/DEBUG] [net.minecraftforge.fml.loading.moddiscovery.ModFileInfo/LOADING]: Found valid mod file caelus-forge-3.2.0+1.20.1.jar with {caelus} mods - versions {3.2.0+1.20.1}
[18May2025 23:38:10.413] [main/DEBUG] [net.minecraftforge.fml.loading.moddiscovery.ModFileParser/LOADING]: Considering mod file candidate /workspaces/server1/servidor_minecraft/mods/comforts-forge-6.4.0+1.20.1.jar
[18May2025 23:38:10.415] [main/DEBUG] [net.minecraftforge.fml.loading.moddiscovery.ModFileInfo/LOADING]: Found valid mod file comforts-forge-6.4.0+1.20.1.jar with {comforts} mods - versions {6.4.0+1.20.1}
[18May2025 23:38:10.415] [main/DEBUG] [net.minecraftforge.fml.loading.moddiscovery.ModFileParser/LOADING]: Considering mod file candidate /workspaces/server1/servidor_minecraft/mods/curios-forge-5.14.1+1.20.1.jar
[18May2025 23:38:10.417] [main/DEBUG] [net.minecraftforge.fml.loading.moddiscovery.ModFileInfo/LOADING]: Found valid mod file curios-forge-5.14.1+1.20.1.jar with {curios} mods - versions {5.14.1+1.20.1}
[18May2025 23:38:10.417] [main/DEBUG] [net.minecraftforge.fml.loading.moddiscovery.ModFileParser/LOADING]: Considering mod file candidate /workspaces/server1/servidor_minecraft/mods/elytraslot-forge-6.4.4+1.20.1.jar
[18May2025 23:38:10.419] [main/DEBUG] [net.minecraftforge.fml.loading.moddiscovery.ModFileInfo/LOADING]: Found valid mod file elytraslot-forge-6.4.4+1.20.1.jar with {elytraslot} mods - versions {6.4.4+1.20.1}
[18May2025 23:38:10.422] [main/DEBUG] [net.minecraftforge.fml.loading.moddiscovery.ModFileParser/LOADING]: Considering mod file candidate /workspaces/server1/servidor_minecraft/mods/FallingTree-1.20.1-4.3.4.jar
[18May2025 23:38:10.423] [main/DEBUG] [net.minecraftforge.fml.loading.moddiscovery.ModFileInfo/LOADING]: Found valid mod file FallingTree-1.20.1-4.3.4.jar with {fallingtree} mods - versions {4.3.4}
[18May2025 23:38:10.430] [main/DEBUG] [net.minecraftforge.fml.loading.moddiscovery.ModFileParser/LOADING]: Considering mod file candidate /workspaces/server1/servidor_minecraft/mods/ferritecore-6.0.1-forge.jar
[18May2025 23:38:10.431] [main/DEBUG] [net.minecraftforge.fml.loading.moddiscovery.ModFileInfo/LOADING]: Found valid mod file ferritecore-6.0.1-forge.jar with {ferritecore} mods - versions {6.0.1}
[18May2025 23:38:10.434] [main/DEBUG] [net.minecraftforge.fml.loading.moddiscovery.ModFileParser/LOADING]: Considering mod file candidate /workspaces/server1/servidor_minecraft/mods/framework-forge-1.20.1-0.7.15.jar
[18May2025 23:38:10.435] [main/DEBUG] [net.minecraftforge.fml.loading.moddiscovery.ModFileInfo/LOADING]: Found valid mod file framework-forge-1.20.1-0.7.15.jar with {framework} mods - versions {0.7.15}
[18May2025 23:38:10.435] [main/DEBUG] [net.minecraftforge.fml.loading.moddiscovery.ModFileParser/LOADING]: Considering mod file candidate /workspaces/server1/servidor_minecraft/mods/GlitchCore-forge-1.20.1-0.0.1.1.jar
[18May2025 23:38:10.436] [main/DEBUG] [net.minecraftforge.fml.loading.moddiscovery.ModFileInfo/LOADING]: Found valid mod file GlitchCore-forge-1.20.1-0.0.1.1.jar with {glitchcore} mods - versions {0.0.1.1}
[18May2025 23:38:10.439] [main/DEBUG] [net.minecraftforge.fml.loading.moddiscovery.ModFileParser/LOADING]: Considering mod file candidate /workspaces/server1/servidor_minecraft/mods/goblintraders-forge-1.20.1-1.9.3.jar
[18May2025 23:38:10.440] [main/DEBUG] [net.minecraftforge.fml.loading.moddiscovery.ModFileInfo/LOADING]: Found valid mod file goblintraders-forge-1.20.1-1.9.3.jar with {goblintraders} mods - versions {1.9.3}
[18May2025 23:38:10.441] [main/DEBUG] [net.minecraftforge.fml.loading.moddiscovery.ModFileParser/LOADING]: Considering mod file candidate /workspaces/server1/servidor_minecraft/mods/Jade-1.20.1-Forge-11.13.1.jar
[18May2025 23:38:10.441] [main/DEBUG] [net.minecraftforge.fml.loading.moddiscovery.ModFileInfo/LOADING]: Found valid mod file Jade-1.20.1-Forge-11.13.1.jar with {jade} mods - versions {11.13.1+forge}
[18May2025 23:38:10.443] [main/DEBUG] [net.minecraftforge.fml.loading.moddiscovery.ModFileParser/LOADING]: Considering mod file candidate /workspaces/server1/servidor_minecraft/mods/jei-1.20.1-forge-15.20.0.106.jar
[18May2025 23:38:10.444] [main/DEBUG] [net.minecraftforge.fml.loading.moddiscovery.ModFileInfo/LOADING]: Found valid mod file jei-1.20.1-forge-15.20.0.106.jar with {jei} mods - versions {15.20.0.106}
[18May2025 23:38:10.445] [main/DEBUG] [net.minecraftforge.fml.loading.moddiscovery.ModFileParser/LOADING]: Considering mod file candidate /workspaces/server1/servidor_minecraft/mods/jumpoverfences-forge-1.20.1-1.3.1.jar
[18May2025 23:38:10.445] [main/DEBUG] [net.minecraftforge.fml.loading.moddiscovery.ModFileInfo/LOADING]: Found valid mod file jumpoverfences-forge-1.20.1-1.3.1.jar with {jumpoverfences} mods - versions {1.3.1}
[18May2025 23:38:10.446] [main/DEBUG] [net.minecraftforge.fml.loading.moddiscovery.ModFileParser/LOADING]: Considering mod file candidate /workspaces/server1/servidor_minecraft/mods/libraryferret-forge-1.20.1-4.0.0.jar
[18May2025 23:38:10.447] [main/DEBUG] [net.minecraftforge.fml.loading.moddiscovery.ModFileInfo/LOADING]: Found valid mod file libraryferret-forge-1.20.1-4.0.0.jar with {libraryferret} mods - versions {4.0.0}
[18May2025 23:38:10.450] [main/DEBUG] [net.minecraftforge.fml.loading.moddiscovery.ModFileParser/LOADING]: Considering mod file candidate /workspaces/server1/servidor_minecraft/mods/minecraft-comes-alive-7.5.14+1.20.1-universal.jar
[18May2025 23:38:10.451] [main/DEBUG] [net.minecraftforge.fml.loading.moddiscovery.ModFileInfo/LOADING]: Found valid mod file minecraft-comes-alive-7.5.14+1.20.1-universal.jar with {mca} mods - versions {7.5.14+1.20.1}
[18May2025 23:38:10.489] [main/DEBUG] [net.minecraftforge.fml.loading.moddiscovery.ModFileParser/LOADING]: Considering mod file candidate /workspaces/server1/servidor_minecraft/mods/refurbished_furniture-forge-1.20.1-1.0.12.jar
[18May2025 23:38:10.490] [main/DEBUG] [net.minecraftforge.fml.loading.moddiscovery.ModFileInfo/LOADING]: Found valid mod file refurbished_furniture-forge-1.20.1-1.0.12.jar with {refurbished_furniture} mods - versions {1.0.12}
[18May2025 23:38:10.491] [main/DEBUG] [net.minecraftforge.fml.loading.moddiscovery.ModFileParser/LOADING]: Considering mod file candidate /workspaces/server1/servidor_minecraft/mods/sophisticatedbackpacks-1.20.1-3.23.17.1246.jar
[18May2025 23:38:10.492] [main/DEBUG] [net.minecraftforge.fml.loading.moddiscovery.ModFileInfo/LOADING]: Found valid mod file sophisticatedbackpacks-1.20.1-3.23.17.1246.jar with {sophisticatedbackpacks} mods - versions {3.23.17.1246}
[18May2025 23:38:10.493] [main/DEBUG] [net.minecraftforge.fml.loading.moddiscovery.ModFileParser/LOADING]: Considering mod file candidate /workspaces/server1/servidor_minecraft/mods/sophisticatedcore-1.20.1-1.2.59.984.jar
[18May2025 23:38:10.494] [main/DEBUG] [net.minecraftforge.fml.loading.moddiscovery.ModFileInfo/LOADING]: Found valid mod file sophisticatedcore-1.20.1-1.2.59.984.jar with {sophisticatedcore} mods - versions {1.2.59.984}
[18May2025 23:38:10.494] [main/DEBUG] [net.minecraftforge.fml.loading.moddiscovery.ModFileParser/LOADING]: Considering mod file candidate /workspaces/server1/servidor_minecraft/mods/TerraBlender-forge-1.20.1-3.0.1.10.jar
[18May2025 23:38:10.495] [main/DEBUG] [net.minecraftforge.fml.loading.moddiscovery.ModFileInfo/LOADING]: Found valid mod file TerraBlender-forge-1.20.1-3.0.1.10.jar with {terrablender} mods - versions {3.0.1.10}
[18May2025 23:38:10.496] [main/DEBUG] [net.minecraftforge.fml.loading.moddiscovery.ModFileParser/LOADING]: Considering mod file candidate /workspaces/server1/servidor_minecraft/mods/THT-Forge-1.20.1-6.2.11.3.jar
[18May2025 23:38:10.496] [main/DEBUG] [net.minecraftforge.fml.loading.moddiscovery.ModFileInfo/LOADING]: Found valid mod file THT-Forge-1.20.1-6.2.11.3.jar with {tht} mods - versions {6.2.11.3}
[18May2025 23:38:10.498] [main/DEBUG] [net.minecraftforge.fml.loading.moddiscovery.ModFileParser/LOADING]: Considering mod file candidate /workspaces/server1/servidor_minecraft/mods/tombstone-1.20.1-8.9.4.jar
[18May2025 23:38:10.498] [main/DEBUG] [net.minecraftforge.fml.loading.moddiscovery.ModFileInfo/LOADING]: Found valid mod file tombstone-1.20.1-8.9.4.jar with {tombstone} mods - versions {8.9.4}
[18May2025 23:38:10.499] [main/DEBUG] [net.minecraftforge.fml.loading.moddiscovery.ModFileParser/LOADING]: Considering mod file candidate /workspaces/server1/servidor_minecraft/mods/trashslot-forge-1.20-15.1.2.jar
[18May2025 23:38:10.499] [main/DEBUG] [net.minecraftforge.fml.loading.moddiscovery.ModFileInfo/LOADING]: Found valid mod file trashslot-forge-1.20-15.1.2.jar with {trashslot} mods - versions {15.1.2}
[18May2025 23:38:10.501] [main/DEBUG] [net.minecraftforge.fml.loading.moddiscovery.ModFileParser/LOADING]: Considering mod file candidate /workspaces/server1/servidor_minecraft/mods/Xaeros_Minimap_25.2.0_Forge_1.20.jar
[18May2025 23:38:10.501] [main/DEBUG] [net.minecraftforge.fml.loading.moddiscovery.ModFileInfo/LOADING]: Found valid mod file Xaeros_Minimap_25.2.0_Forge_1.20.jar with {xaerominimap} mods - versions {25.2.0}
[18May2025 23:38:10.502] [main/DEBUG] [net.minecraftforge.fml.loading.moddiscovery.ModFileParser/LOADING]: Considering mod file candidate /workspaces/server1/servidor_minecraft/mods/XaerosWorldMap_1.39.4_Forge_1.20.jar
[18May2025 23:38:10.503] [main/DEBUG] [net.minecraftforge.fml.loading.moddiscovery.ModFileInfo/LOADING]: Found valid mod file XaerosWorldMap_1.39.4_Forge_1.20.jar with {xaeroworldmap} mods - versions {1.39.4}
[18May2025 23:38:10.612] [main/DEBUG] [net.minecraftforge.fml.loading.moddiscovery.ModFileInfo/LOADING]: Found valid mod file server-1.20.1-20230612.114412-srg.jar with {minecraft} mods - versions {1.20.1}
[18May2025 23:38:10.614] [main/DEBUG] [net.minecraftforge.fml.loading.moddiscovery.ModFileParser/LOADING]: Considering mod file candidate /workspaces/server1/servidor_minecraft/libraries/net/minecraftforge/fmlcore/1.20.1-47.3.7/fmlcore-1.20.1-47.3.7.jar
[18May2025 23:38:10.614] [main/WARN] [net.minecraftforge.fml.loading.moddiscovery.ModFileParser/LOADING]: Mod file /workspaces/server1/servidor_minecraft/libraries/net/minecraftforge/fmlcore/1.20.1-47.3.7/fmlcore-1.20.1-47.3.7.jar is missing mods.toml file
[18May2025 23:38:10.616] [main/DEBUG] [net.minecraftforge.fml.loading.moddiscovery.ModFileParser/LOADING]: Considering mod file candidate /workspaces/server1/servidor_minecraft/libraries/net/minecraftforge/javafmllanguage/1.20.1-47.3.7/javafmllanguage-1.20.1-47.3.7.jar
[18May2025 23:38:10.616] [main/WARN] [net.minecraftforge.fml.loading.moddiscovery.ModFileParser/LOADING]: Mod file /workspaces/server1/servidor_minecraft/libraries/net/minecraftforge/javafmllanguage/1.20.1-47.3.7/javafmllanguage-1.20.1-47.3.7.jar is missing mods.toml file
[18May2025 23:38:10.617] [main/DEBUG] [net.minecraftforge.fml.loading.moddiscovery.ModFileParser/LOADING]: Considering mod file candidate /workspaces/server1/servidor_minecraft/libraries/net/minecraftforge/lowcodelanguage/1.20.1-47.3.7/lowcodelanguage-1.20.1-47.3.7.jar
[18May2025 23:38:10.617] [main/WARN] [net.minecraftforge.fml.loading.moddiscovery.ModFileParser/LOADING]: Mod file /workspaces/server1/servidor_minecraft/libraries/net/minecraftforge/lowcodelanguage/1.20.1-47.3.7/lowcodelanguage-1.20.1-47.3.7.jar is missing mods.toml file
[18May2025 23:38:10.618] [main/DEBUG] [net.minecraftforge.fml.loading.moddiscovery.ModFileParser/LOADING]: Considering mod file candidate /workspaces/server1/servidor_minecraft/libraries/net/minecraftforge/mclanguage/1.20.1-47.3.7/mclanguage-1.20.1-47.3.7.jar
[18May2025 23:38:10.619] [main/WARN] [net.minecraftforge.fml.loading.moddiscovery.ModFileParser/LOADING]: Mod file /workspaces/server1/servidor_minecraft/libraries/net/minecraftforge/mclanguage/1.20.1-47.3.7/mclanguage-1.20.1-47.3.7.jar is missing mods.toml file
[18May2025 23:38:10.657] [main/DEBUG] [net.minecraftforge.fml.loading.moddiscovery.ModFileParser/LOADING]: Considering mod file candidate /workspaces/server1/servidor_minecraft/libraries/net/minecraftforge/forge/1.20.1-47.3.7/forge-1.20.1-47.3.7-universal.jar
[18May2025 23:38:10.658] [main/DEBUG] [net.minecraftforge.fml.loading.moddiscovery.ModFileInfo/LOADING]: Found valid mod file forge-1.20.1-47.3.7-universal.jar with {forge} mods - versions {47.3.7}
[18May2025 23:38:10.669] [main/DEBUG] [net.minecraftforge.fml.loading.moddiscovery.AbstractJarFileDependencyLocator/]: Failed to load resource META-INF/jarjar/metadata.json from server-1.20.1-20230612.114412-srg.jar, it does not contain dependency information.
[18May2025 23:38:10.669] [main/DEBUG] [net.minecraftforge.fml.loading.moddiscovery.AbstractJarFileDependencyLocator/]: Failed to load resource META-INF/jarjar/metadata.json from THT-Forge-1.20.1-6.2.11.3.jar, it does not contain dependency information.
[18May2025 23:38:10.669] [main/DEBUG] [net.minecraftforge.fml.loading.moddiscovery.AbstractJarFileDependencyLocator/]: Failed to load resource META-INF/jarjar/metadata.json from TerraBlender-forge-1.20.1-3.0.1.10.jar, it does not contain dependency information.
[18May2025 23:38:10.669] [main/DEBUG] [net.minecraftforge.fml.loading.moddiscovery.AbstractJarFileDependencyLocator/]: Failed to load resource META-INF/jarjar/metadata.json from trashslot-forge-1.20-15.1.2.jar, it does not contain dependency information.
[18May2025 23:38:10.669] [main/DEBUG] [net.minecraftforge.fml.loading.moddiscovery.AbstractJarFileDependencyLocator/]: Failed to load resource META-INF/jarjar/metadata.json from BiomesOPlenty-forge-1.20.1-19.0.0.96.jar, it does not contain dependency information.
[18May2025 23:38:10.669] [main/DEBUG] [net.minecraftforge.fml.loading.moddiscovery.AbstractJarFileDependencyLocator/]: Failed to load resource META-INF/jarjar/metadata.json from Jade-1.20.1-Forge-11.13.1.jar, it does not contain dependency information.
[18May2025 23:38:10.670] [main/DEBUG] [net.minecraftforge.fml.loading.moddiscovery.AbstractJarFileDependencyLocator/]: Failed to load resource META-INF/jarjar/metadata.json from minecraft-comes-alive-7.5.14+1.20.1-universal.jar, it does not contain dependency information.
[18May2025 23:38:10.670] [main/DEBUG] [net.minecraftforge.fml.loading.moddiscovery.AbstractJarFileDependencyLocator/]: Failed to load resource META-INF/jarjar/metadata.json from jei-1.20.1-forge-15.20.0.106.jar, it does not contain dependency information.
[18May2025 23:38:10.670] [main/DEBUG] [net.minecraftforge.fml.loading.moddiscovery.AbstractJarFileDependencyLocator/]: Failed to load resource META-INF/jarjar/metadata.json from libraryferret-forge-1.20.1-4.0.0.jar, it does not contain dependency information.
[18May2025 23:38:10.670] [main/DEBUG] [net.minecraftforge.fml.loading.moddiscovery.AbstractJarFileDependencyLocator/]: Failed to load resource META-INF/jarjar/metadata.json from goblintraders-forge-1.20.1-1.9.3.jar, it does not contain dependency information.
[18May2025 23:38:10.670] [main/DEBUG] [net.minecraftforge.fml.loading.moddiscovery.AbstractJarFileDependencyLocator/]: Failed to load resource META-INF/jarjar/metadata.json from caelus-forge-3.2.0+1.20.1.jar, it does not contain dependency information.
[18May2025 23:38:10.671] [main/DEBUG] [net.minecraftforge.fml.loading.moddiscovery.AbstractJarFileDependencyLocator/]: Failed to load resource META-INF/jarjar/metadata.json from sophisticatedcore-1.20.1-1.2.59.984.jar, it does not contain dependency information.
[18May2025 23:38:10.671] [main/DEBUG] [net.minecraftforge.fml.loading.moddiscovery.AbstractJarFileDependencyLocator/]: Failed to load resource META-INF/jarjar/metadata.json from curios-forge-5.14.1+1.20.1.jar, it does not contain dependency information.
[18May2025 23:38:10.671] [main/DEBUG] [net.minecraftforge.fml.loading.moddiscovery.AbstractJarFileDependencyLocator/]: Failed to load resource META-INF/jarjar/metadata.json from Xaeros_Minimap_25.2.0_Forge_1.20.jar, it does not contain dependency information.
[18May2025 23:38:10.671] [main/DEBUG] [net.minecraftforge.fml.loading.moddiscovery.AbstractJarFileDependencyLocator/]: Failed to load resource META-INF/jarjar/metadata.json from XaerosWorldMap_1.39.4_Forge_1.20.jar, it does not contain dependency information.
[18May2025 23:38:10.671] [main/DEBUG] [net.minecraftforge.fml.loading.moddiscovery.AbstractJarFileDependencyLocator/]: Failed to load resource META-INF/jarjar/metadata.json from jumpoverfences-forge-1.20.1-1.3.1.jar, it does not contain dependency information.
[18May2025 23:38:10.672] [main/DEBUG] [net.minecraftforge.fml.loading.moddiscovery.AbstractJarFileDependencyLocator/]: Failed to load resource META-INF/jarjar/metadata.json from [1.20.1] SecurityCraft v1.10.0.1.jar, it does not contain dependency information.
[18May2025 23:38:10.672] [main/DEBUG] [net.minecraftforge.fml.loading.moddiscovery.AbstractJarFileDependencyLocator/]: Failed to load resource META-INF/jarjar/metadata.json from tombstone-1.20.1-8.9.4.jar, it does not contain dependency information.
[18May2025 23:38:10.672] [main/DEBUG] [net.minecraftforge.fml.loading.moddiscovery.AbstractJarFileDependencyLocator/]: Failed to load resource META-INF/jarjar/metadata.json from GlitchCore-forge-1.20.1-0.0.1.1.jar, it does not contain dependency information.
[18May2025 23:38:10.672] [main/DEBUG] [net.minecraftforge.fml.loading.moddiscovery.AbstractJarFileDependencyLocator/]: Failed to load resource META-INF/jarjar/metadata.json from sophisticatedbackpacks-1.20.1-3.23.17.1246.jar, it does not contain dependency information.
[18May2025 23:38:10.673] [main/DEBUG] [net.minecraftforge.fml.loading.moddiscovery.AbstractJarFileDependencyLocator/]: Failed to load resource META-INF/jarjar/metadata.json from architectury-9.2.14-forge.jar, it does not contain dependency information.
[18May2025 23:38:10.673] [main/DEBUG] [net.minecraftforge.fml.loading.moddiscovery.AbstractJarFileDependencyLocator/]: Failed to load resource META-INF/jarjar/metadata.json from ferritecore-6.0.1-forge.jar, it does not contain dependency information.
[18May2025 23:38:10.673] [main/DEBUG] [net.minecraftforge.fml.loading.moddiscovery.AbstractJarFileDependencyLocator/]: Failed to load resource META-INF/jarjar/metadata.json from refurbished_furniture-forge-1.20.1-1.0.12.jar, it does not contain dependency information.
[18May2025 23:38:10.673] [main/DEBUG] [net.minecraftforge.fml.loading.moddiscovery.AbstractJarFileDependencyLocator/]: Failed to load resource META-INF/jarjar/metadata.json from framework-forge-1.20.1-0.7.15.jar, it does not contain dependency information.
[18May2025 23:38:10.674] [main/DEBUG] [net.minecraftforge.fml.loading.moddiscovery.AbstractJarFileDependencyLocator/]: Failed to load resource META-INF/jarjar/metadata.json from FallingTree-1.20.1-4.3.4.jar, it does not contain dependency information.
[18May2025 23:38:10.674] [main/DEBUG] [net.minecraftforge.fml.loading.moddiscovery.AbstractJarFileDependencyLocator/]: Failed to load resource META-INF/jarjar/metadata.json from forge-1.20.1-47.3.7-universal.jar, it does not contain dependency information.
[18May2025 23:38:10.674] [main/DEBUG] [net.minecraftforge.fml.loading.moddiscovery.AbstractJarFileDependencyLocator/]: Failed to load resource META-INF/jarjar/metadata.json from mclanguage-1.20.1-47.3.7.jar, it does not contain dependency information.
[18May2025 23:38:10.674] [main/DEBUG] [net.minecraftforge.fml.loading.moddiscovery.AbstractJarFileDependencyLocator/]: Failed to load resource META-INF/jarjar/metadata.json from javafmllanguage-1.20.1-47.3.7.jar, it does not contain dependency information.
[18May2025 23:38:10.674] [main/DEBUG] [net.minecraftforge.fml.loading.moddiscovery.AbstractJarFileDependencyLocator/]: Failed to load resource META-INF/jarjar/metadata.json from fmlcore-1.20.1-47.3.7.jar, it does not contain dependency information.
[18May2025 23:38:10.675] [main/DEBUG] [net.minecraftforge.fml.loading.moddiscovery.AbstractJarFileDependencyLocator/]: Failed to load resource META-INF/jarjar/metadata.json from lowcodelanguage-1.20.1-47.3.7.jar, it does not contain dependency information.
[18May2025 23:38:10.725] [main/DEBUG] [net.minecraftforge.fml.loading.moddiscovery.ModFileParser/LOADING]: Considering mod file candidate 
[18May2025 23:38:10.726] [main/DEBUG] [net.minecraftforge.fml.loading.moddiscovery.ModFileInfo/LOADING]: Found valid mod file mixinsquared-forge-0.1.2-beta.6.jar with {mixinsquared} mods - versions {0.1.2-beta.6}
[18May2025 23:38:10.728] [main/DEBUG] [net.minecraftforge.fml.loading.moddiscovery.ModFileParser/LOADING]: Considering mod file candidate 
[18May2025 23:38:10.729] [main/DEBUG] [net.minecraftforge.fml.loading.moddiscovery.ModFileInfo/LOADING]: Found valid mod file mixinextras-forge-0.4.1.jar with {mixinextras} mods - versions {0.4.1}
[18May2025 23:38:10.731] [main/DEBUG] [net.minecraftforge.fml.loading.moddiscovery.ModFileParser/LOADING]: Considering mod file candidate 
[18May2025 23:38:10.731] [main/DEBUG] [net.minecraftforge.fml.loading.moddiscovery.ModFileInfo/LOADING]: Found valid mod file kuma-api-forge-20.1.10+1.20.1.jar with {kuma_api} mods - versions {20.1.10}
[18May2025 23:38:10.734] [main/DEBUG] [net.minecraftforge.fml.loading.moddiscovery.ModFileParser/LOADING]: Considering mod file candidate 
[18May2025 23:38:10.735] [main/DEBUG] [net.minecraftforge.fml.loading.moddiscovery.ModFileInfo/LOADING]: Found valid mod file spectrelib-forge-0.13.15+1.20.1.jar with {spectrelib} mods - versions {0.13.15+1.20.1}
[18May2025 23:38:10.748] [main/DEBUG] [net.minecraftforge.fml.loading.moddiscovery.AbstractJarFileDependencyLocator/]: Failed to load resource META-INF/jarjar/metadata.json from kuma-api-forge-20.1.10+1.20.1.jar, it does not contain dependency information.
[18May2025 23:38:10.748] [main/DEBUG] [net.minecraftforge.fml.loading.moddiscovery.AbstractJarFileDependencyLocator/]: Failed to load resource META-INF/jarjar/metadata.json from spectrelib-forge-0.13.15+1.20.1.jar, it does not contain dependency information.
[18May2025 23:38:10.748] [main/DEBUG] [net.minecraftforge.fml.loading.moddiscovery.AbstractJarFileDependencyLocator/]: Failed to load resource META-INF/jarjar/metadata.json from MixinSquared-0.1.2-beta.6.jar, it does not contain dependency information.
[18May2025 23:38:10.749] [main/DEBUG] [net.minecraftforge.fml.loading.moddiscovery.AbstractJarFileDependencyLocator/]: Failed to load resource META-INF/jarjar/metadata.json from MixinExtras-0.4.1.jar, it does not contain dependency information.
[18May2025 23:38:10.778] [main/DEBUG] [net.minecraftforge.fml.loading.moddiscovery.ModFileParser/LOADING]: Considering mod file candidate 
[18May2025 23:38:10.779] [main/DEBUG] [net.minecraftforge.fml.loading.moddiscovery.ModFileInfo/LOADING]: Found valid mod file spectrelib-forge-0.13.15+1.20.1.jar with {spectrelib} mods - versions {0.13.15+1.20.1}
[18May2025 23:38:10.780] [main/DEBUG] [net.minecraftforge.fml.loading.moddiscovery.ModFileParser/LOADING]: Considering mod file candidate 
[18May2025 23:38:10.781] [main/DEBUG] [net.minecraftforge.fml.loading.moddiscovery.ModFileInfo/LOADING]: Found valid mod file mixinextras-forge-0.4.1.jar with {mixinextras} mods - versions {0.4.1}
[18May2025 23:38:10.783] [main/DEBUG] [net.minecraftforge.fml.loading.moddiscovery.ModFileParser/LOADING]: Considering mod file candidate 
[18May2025 23:38:10.784] [main/DEBUG] [net.minecraftforge.fml.loading.moddiscovery.ModFileInfo/LOADING]: Found valid mod file kuma-api-forge-20.1.10+1.20.1.jar with {kuma_api} mods - versions {20.1.10}
[18May2025 23:38:10.784] [main/DEBUG] [net.minecraftforge.fml.loading.moddiscovery.ModFileParser/LOADING]: Considering mod file candidate 
[18May2025 23:38:10.785] [main/DEBUG] [net.minecraftforge.fml.loading.moddiscovery.ModFileInfo/LOADING]: Found valid mod file mixinsquared-forge-0.1.2-beta.6.jar with {mixinsquared} mods - versions {0.1.2-beta.6}
[18May2025 23:38:10.787] [main/INFO] [net.minecraftforge.fml.loading.moddiscovery.JarInJarDependencyLocator/]: Found 6 dependencies adding them to mods collection
[18May2025 23:38:10.789] [main/DEBUG] [net.minecraftforge.fml.loading.moddiscovery.ModFileInfo/LOADING]: Found valid mod file server-1.20.1-20230612.114412-srg.jar with {minecraft} mods - versions {1.20.1}
[18May2025 23:38:10.792] [main/DEBUG] [net.minecraftforge.fml.loading.moddiscovery.ModFile/LOADING]: Loading mod file /workspaces/server1/servidor_minecraft/libraries/net/minecraft/server/1.20.1-20230612.114412/server-1.20.1-20230612.114412-srg.jar with languages [LanguageSpec[languageName=minecraft, acceptedVersions=1]]
[18May2025 23:38:10.793] [main/DEBUG] [net.minecraftforge.fml.loading.moddiscovery.ModFileParser/LOADING]: Considering mod file candidate /workspaces/server1/servidor_minecraft/mods/elytraslot-forge-6.4.4+1.20.1.jar
[18May2025 23:38:10.794] [main/DEBUG] [net.minecraftforge.fml.loading.moddiscovery.ModFileInfo/LOADING]: Found valid mod file elytraslot-forge-6.4.4+1.20.1.jar with {elytraslot} mods - versions {6.4.4+1.20.1}
[18May2025 23:38:10.794] [main/DEBUG] [net.minecraftforge.fml.loading.moddiscovery.ModFile/LOADING]: Loading mod file /workspaces/server1/servidor_minecraft/mods/elytraslot-forge-6.4.4+1.20.1.jar with languages [LanguageSpec[languageName=javafml, acceptedVersions=[41,)]]
[18May2025 23:38:10.794] [main/DEBUG] [net.minecraftforge.fml.loading.moddiscovery.ModFileParser/LOADING]: Considering mod file candidate /workspaces/server1/servidor_minecraft/mods/THT-Forge-1.20.1-6.2.11.3.jar
[18May2025 23:38:10.795] [main/DEBUG] [net.minecraftforge.fml.loading.moddiscovery.ModFileInfo/LOADING]: Found valid mod file THT-Forge-1.20.1-6.2.11.3.jar with {tht} mods - versions {6.2.11.3}
[18May2025 23:38:10.795] [main/DEBUG] [net.minecraftforge.fml.loading.moddiscovery.ModFile/LOADING]: Loading mod file /workspaces/server1/servidor_minecraft/mods/THT-Forge-1.20.1-6.2.11.3.jar with languages [LanguageSpec[languageName=javafml, acceptedVersions=[47,)]]
[18May2025 23:38:10.795] [main/DEBUG] [net.minecraftforge.fml.loading.moddiscovery.ModFileParser/LOADING]: Considering mod file candidate 
[18May2025 23:38:10.796] [main/DEBUG] [net.minecraftforge.fml.loading.moddiscovery.ModFileInfo/LOADING]: Found valid mod file kuma-api-forge-20.1.10+1.20.1.jar with {kuma_api} mods - versions {20.1.10}
[18May2025 23:38:10.796] [main/DEBUG] [net.minecraftforge.fml.loading.moddiscovery.ModFile/LOADING]: Loading mod file  with languages [LanguageSpec[languageName=javafml, acceptedVersions=[47,)]]
[18May2025 23:38:10.796] [main/DEBUG] [net.minecraftforge.fml.loading.moddiscovery.ModFileParser/LOADING]: Considering mod file candidate /workspaces/server1/servidor_minecraft/mods/TerraBlender-forge-1.20.1-3.0.1.10.jar
[18May2025 23:38:10.797] [main/DEBUG] [net.minecraftforge.fml.loading.moddiscovery.ModFileInfo/LOADING]: Found valid mod file TerraBlender-forge-1.20.1-3.0.1.10.jar with {terrablender} mods - versions {3.0.1.10}
[18May2025 23:38:10.797] [main/DEBUG] [net.minecraftforge.fml.loading.moddiscovery.ModFile/LOADING]: Loading mod file /workspaces/server1/servidor_minecraft/mods/TerraBlender-forge-1.20.1-3.0.1.10.jar with languages [LanguageSpec[languageName=javafml, acceptedVersions=[47,)]]
[18May2025 23:38:10.797] [main/DEBUG] [net.minecraftforge.fml.loading.moddiscovery.ModFileParser/LOADING]: Considering mod file candidate /workspaces/server1/servidor_minecraft/mods/trashslot-forge-1.20-15.1.2.jar
[18May2025 23:38:10.798] [main/DEBUG] [net.minecraftforge.fml.loading.moddiscovery.ModFileInfo/LOADING]: Found valid mod file trashslot-forge-1.20-15.1.2.jar with {trashslot} mods - versions {15.1.2}
[18May2025 23:38:10.798] [main/DEBUG] [net.minecraftforge.fml.loading.moddiscovery.ModFile/LOADING]: Loading mod file /workspaces/server1/servidor_minecraft/mods/trashslot-forge-1.20-15.1.2.jar with languages [LanguageSpec[languageName=javafml, acceptedVersions=[46,)]]
[18May2025 23:38:10.798] [main/DEBUG] [net.minecraftforge.fml.loading.moddiscovery.ModFileParser/LOADING]: Considering mod file candidate /workspaces/server1/servidor_minecraft/mods/BiomesOPlenty-forge-1.20.1-19.0.0.96.jar
[18May2025 23:38:10.799] [main/DEBUG] [net.minecraftforge.fml.loading.moddiscovery.ModFileInfo/LOADING]: Found valid mod file BiomesOPlenty-forge-1.20.1-19.0.0.96.jar with {biomesoplenty} mods - versions {19.0.0.96}
[18May2025 23:38:10.799] [main/DEBUG] [net.minecraftforge.fml.loading.moddiscovery.ModFile/LOADING]: Loading mod file /workspaces/server1/servidor_minecraft/mods/BiomesOPlenty-forge-1.20.1-19.0.0.96.jar with languages [LanguageSpec[languageName=javafml, acceptedVersions=[47,)]]
[18May2025 23:38:10.800] [main/DEBUG] [net.minecraftforge.fml.loading.moddiscovery.ModFileParser/LOADING]: Considering mod file candidate /workspaces/server1/servidor_minecraft/mods/Jade-1.20.1-Forge-11.13.1.jar
[18May2025 23:38:10.800] [main/DEBUG] [net.minecraftforge.fml.loading.moddiscovery.ModFileInfo/LOADING]: Found valid mod file Jade-1.20.1-Forge-11.13.1.jar with {jade} mods - versions {11.13.1+forge}
[18May2025 23:38:10.801] [main/DEBUG] [net.minecraftforge.fml.loading.moddiscovery.ModFile/LOADING]: Loading mod file /workspaces/server1/servidor_minecraft/mods/Jade-1.20.1-Forge-11.13.1.jar with languages [LanguageSpec[languageName=javafml, acceptedVersions=[46,)]]
[18May2025 23:38:10.801] [main/DEBUG] [net.minecraftforge.fml.loading.moddiscovery.ModFileParser/LOADING]: Considering mod file candidate /workspaces/server1/servidor_minecraft/mods/minecraft-comes-alive-7.5.14+1.20.1-universal.jar
[18May2025 23:38:10.802] [main/DEBUG] [net.minecraftforge.fml.loading.moddiscovery.ModFileInfo/LOADING]: Found valid mod file minecraft-comes-alive-7.5.14+1.20.1-universal.jar with {mca} mods - versions {7.5.14+1.20.1}
[18May2025 23:38:10.803] [main/DEBUG] [net.minecraftforge.fml.loading.moddiscovery.ModFile/LOADING]: Loading mod file /workspaces/server1/servidor_minecraft/mods/minecraft-comes-alive-7.5.14+1.20.1-universal.jar with languages [LanguageSpec[languageName=javafml, acceptedVersions=[44,)]]
[18May2025 23:38:10.803] [main/DEBUG] [net.minecraftforge.fml.loading.moddiscovery.ModFileParser/LOADING]: Considering mod file candidate 
[18May2025 23:38:10.807] [main/DEBUG] [net.minecraftforge.fml.loading.moddiscovery.ModFileInfo/LOADING]: Found valid mod file spectrelib-forge-0.13.15+1.20.1.jar with {spectrelib} mods - versions {0.13.15+1.20.1}
[18May2025 23:38:10.809] [main/DEBUG] [net.minecraftforge.fml.loading.moddiscovery.ModFile/LOADING]: Loading mod file  with languages [LanguageSpec[languageName=javafml, acceptedVersions=[41,)]]
[18May2025 23:38:10.809] [main/DEBUG] [net.minecraftforge.fml.loading.moddiscovery.ModFileParser/LOADING]: Considering mod file candidate /workspaces/server1/servidor_minecraft/mods/jei-1.20.1-forge-15.20.0.106.jar
[18May2025 23:38:10.810] [main/DEBUG] [net.minecraftforge.fml.loading.moddiscovery.ModFileInfo/LOADING]: Found valid mod file jei-1.20.1-forge-15.20.0.106.jar with {jei} mods - versions {15.20.0.106}
[18May2025 23:38:10.810] [main/DEBUG] [net.minecraftforge.fml.loading.moddiscovery.ModFile/LOADING]: Loading mod file /workspaces/server1/servidor_minecraft/mods/jei-1.20.1-forge-15.20.0.106.jar with languages [LanguageSpec[languageName=javafml, acceptedVersions=[47,)]]
[18May2025 23:38:10.810] [main/DEBUG] [net.minecraftforge.fml.loading.moddiscovery.ModFileParser/LOADING]: Considering mod file candidate /workspaces/server1/servidor_minecraft/mods/goblintraders-forge-1.20.1-1.9.3.jar
[18May2025 23:38:10.811] [main/DEBUG] [net.minecraftforge.fml.loading.moddiscovery.ModFileInfo/LOADING]: Found valid mod file goblintraders-forge-1.20.1-1.9.3.jar with {goblintraders} mods - versions {1.9.3}
[18May2025 23:38:10.811] [main/DEBUG] [net.minecraftforge.fml.loading.moddiscovery.ModFile/LOADING]: Loading mod file /workspaces/server1/servidor_minecraft/mods/goblintraders-forge-1.20.1-1.9.3.jar with languages [LanguageSpec[languageName=javafml, acceptedVersions=[39,)]]
[18May2025 23:38:10.811] [main/DEBUG] [net.minecraftforge.fml.loading.moddiscovery.ModFileParser/LOADING]: Considering mod file candidate /workspaces/server1/servidor_minecraft/mods/libraryferret-forge-1.20.1-4.0.0.jar
[18May2025 23:38:10.813] [main/DEBUG] [net.minecraftforge.fml.loading.moddiscovery.ModFileInfo/LOADING]: Found valid mod file libraryferret-forge-1.20.1-4.0.0.jar with {libraryferret} mods - versions {4.0.0}
[18May2025 23:38:10.813] [main/DEBUG] [net.minecraftforge.fml.loading.moddiscovery.ModFile/LOADING]: Loading mod file /workspaces/server1/servidor_minecraft/mods/libraryferret-forge-1.20.1-4.0.0.jar with languages [LanguageSpec[languageName=javafml, acceptedVersions=[47,)]]
[18May2025 23:38:10.813] [main/DEBUG] [net.minecraftforge.fml.loading.moddiscovery.ModFileParser/LOADING]: Considering mod file candidate /workspaces/server1/servidor_minecraft/mods/caelus-forge-3.2.0+1.20.1.jar
[18May2025 23:38:10.814] [main/DEBUG] [net.minecraftforge.fml.loading.moddiscovery.ModFileInfo/LOADING]: Found valid mod file caelus-forge-3.2.0+1.20.1.jar with {caelus} mods - versions {3.2.0+1.20.1}
[18May2025 23:38:10.814] [main/DEBUG] [net.minecraftforge.fml.loading.moddiscovery.ModFile/LOADING]: Loading mod file /workspaces/server1/servidor_minecraft/mods/caelus-forge-3.2.0+1.20.1.jar with languages [LanguageSpec[languageName=javafml, acceptedVersions=[46,)]]
[18May2025 23:38:10.814] [main/DEBUG] [net.minecraftforge.fml.loading.moddiscovery.ModFileParser/LOADING]: Considering mod file candidate /workspaces/server1/servidor_minecraft/mods/sophisticatedcore-1.20.1-1.2.59.984.jar
[18May2025 23:38:10.814] [main/DEBUG] [net.minecraftforge.fml.loading.moddiscovery.ModFileInfo/LOADING]: Found valid mod file sophisticatedcore-1.20.1-1.2.59.984.jar with {sophisticatedcore} mods - versions {1.2.59.984}
[18May2025 23:38:10.815] [main/DEBUG] [net.minecraftforge.fml.loading.moddiscovery.ModFile/LOADING]: Loading mod file /workspaces/server1/servidor_minecraft/mods/sophisticatedcore-1.20.1-1.2.59.984.jar with languages [LanguageSpec[languageName=javafml, acceptedVersions=[47,)]]
[18May2025 23:38:10.815] [main/DEBUG] [net.minecraftforge.fml.loading.moddiscovery.ModFileParser/LOADING]: Considering mod file candidate /workspaces/server1/servidor_minecraft/mods/curios-forge-5.14.1+1.20.1.jar
[18May2025 23:38:10.815] [main/DEBUG] [net.minecraftforge.fml.loading.moddiscovery.ModFileInfo/LOADING]: Found valid mod file curios-forge-5.14.1+1.20.1.jar with {curios} mods - versions {5.14.1+1.20.1}
[18May2025 23:38:10.816] [main/DEBUG] [net.minecraftforge.fml.loading.moddiscovery.ModFile/LOADING]: Loading mod file /workspaces/server1/servidor_minecraft/mods/curios-forge-5.14.1+1.20.1.jar with languages [LanguageSpec[languageName=javafml, acceptedVersions=[41,)]]
[18May2025 23:38:10.816] [main/DEBUG] [net.minecraftforge.fml.loading.moddiscovery.ModFileParser/LOADING]: Considering mod file candidate /workspaces/server1/servidor_minecraft/mods/Xaeros_Minimap_25.2.0_Forge_1.20.jar
[18May2025 23:38:10.816] [main/DEBUG] [net.minecraftforge.fml.loading.moddiscovery.ModFileInfo/LOADING]: Found valid mod file Xaeros_Minimap_25.2.0_Forge_1.20.jar with {xaerominimap} mods - versions {25.2.0}
[18May2025 23:38:10.816] [main/DEBUG] [net.minecraftforge.fml.loading.moddiscovery.ModFile/LOADING]: Loading mod file /workspaces/server1/servidor_minecraft/mods/Xaeros_Minimap_25.2.0_Forge_1.20.jar with languages [LanguageSpec[languageName=javafml, acceptedVersions=[46,48)]]
[18May2025 23:38:10.819] [main/DEBUG] [net.minecraftforge.fml.loading.moddiscovery.ModFileParser/LOADING]: Found coremod xaerohud_core with Javascript path META-INF/xaerohud_core.js
[18May2025 23:38:10.819] [main/DEBUG] [net.minecraftforge.fml.loading.moddiscovery.ModFile/LOADING]: Found coremod META-INF/xaerohud_core.js
[18May2025 23:38:10.819] [main/DEBUG] [net.minecraftforge.fml.loading.moddiscovery.ModFileParser/LOADING]: Considering mod file candidate /workspaces/server1/servidor_minecraft/mods/XaerosWorldMap_1.39.4_Forge_1.20.jar
[18May2025 23:38:10.820] [main/DEBUG] [net.minecraftforge.fml.loading.moddiscovery.ModFileInfo/LOADING]: Found valid mod file XaerosWorldMap_1.39.4_Forge_1.20.jar with {xaeroworldmap} mods - versions {1.39.4}
[18May2025 23:38:10.820] [main/DEBUG] [net.minecraftforge.fml.loading.moddiscovery.ModFile/LOADING]: Loading mod file /workspaces/server1/servidor_minecraft/mods/XaerosWorldMap_1.39.4_Forge_1.20.jar with languages [LanguageSpec[languageName=javafml, acceptedVersions=[46,48)]]
[18May2025 23:38:10.821] [main/DEBUG] [net.minecraftforge.fml.loading.moddiscovery.ModFileParser/LOADING]: Found coremod xaeroworldmap_core with Javascript path META-INF/xaeroworldmap_core.js
[18May2025 23:38:10.821] [main/DEBUG] [net.minecraftforge.fml.loading.moddiscovery.ModFile/LOADING]: Found coremod META-INF/xaeroworldmap_core.js
[18May2025 23:38:10.821] [main/DEBUG] [net.minecraftforge.fml.loading.moddiscovery.ModFileParser/LOADING]: Considering mod file candidate /workspaces/server1/servidor_minecraft/mods/[1.20.1] SecurityCraft v1.10.0.1.jar
[18May2025 23:38:10.822] [main/DEBUG] [net.minecraftforge.fml.loading.moddiscovery.ModFileInfo/LOADING]: Found valid mod file [1.20.1] SecurityCraft v1.10.0.1.jar with {securitycraft} mods - versions {1.10.0.1}
[18May2025 23:38:10.822] [main/DEBUG] [net.minecraftforge.fml.loading.moddiscovery.ModFile/LOADING]: Loading mod file /workspaces/server1/servidor_minecraft/mods/[1.20.1] SecurityCraft v1.10.0.1.jar with languages [LanguageSpec[languageName=javafml, acceptedVersions=[46,)]]
[18May2025 23:38:10.825] [main/DEBUG] [net.minecraftforge.fml.loading.moddiscovery.ModFileParser/LOADING]: Considering mod file candidate /workspaces/server1/servidor_minecraft/mods/comforts-forge-6.4.0+1.20.1.jar
[18May2025 23:38:10.827] [main/DEBUG] [net.minecraftforge.fml.loading.moddiscovery.ModFileInfo/LOADING]: Found valid mod file comforts-forge-6.4.0+1.20.1.jar with {comforts} mods - versions {6.4.0+1.20.1}
[18May2025 23:38:10.827] [main/DEBUG] [net.minecraftforge.fml.loading.moddiscovery.ModFile/LOADING]: Loading mod file /workspaces/server1/servidor_minecraft/mods/comforts-forge-6.4.0+1.20.1.jar with languages [LanguageSpec[languageName=javafml, acceptedVersions=[46,)]]
[18May2025 23:38:10.827] [main/DEBUG] [net.minecraftforge.fml.loading.moddiscovery.ModFileParser/LOADING]: Considering mod file candidate /workspaces/server1/servidor_minecraft/mods/jumpoverfences-forge-1.20.1-1.3.1.jar
[18May2025 23:38:10.828] [main/DEBUG] [net.minecraftforge.fml.loading.moddiscovery.ModFileInfo/LOADING]: Found valid mod file jumpoverfences-forge-1.20.1-1.3.1.jar with {jumpoverfences} mods - versions {1.3.1}
[18May2025 23:38:10.828] [main/DEBUG] [net.minecraftforge.fml.loading.moddiscovery.ModFile/LOADING]: Loading mod file /workspaces/server1/servidor_minecraft/mods/jumpoverfences-forge-1.20.1-1.3.1.jar with languages [LanguageSpec[languageName=javafml, acceptedVersions=[46,)]]
[18May2025 23:38:10.828] [main/DEBUG] [net.minecraftforge.fml.loading.moddiscovery.ModFileParser/LOADING]: Considering mod file candidate /workspaces/server1/servidor_minecraft/mods/bettervillage-forge-1.20.1-3.3.0-all.jar
[18May2025 23:38:10.829] [main/DEBUG] [net.minecraftforge.fml.loading.moddiscovery.ModFileInfo/LOADING]: Found valid mod file bettervillage-forge-1.20.1-3.3.0-all.jar with {bettervillage} mods - versions {3.3.0}
[18May2025 23:38:10.829] [main/DEBUG] [net.minecraftforge.fml.loading.moddiscovery.ModFile/LOADING]: Loading mod file /workspaces/server1/servidor_minecraft/mods/bettervillage-forge-1.20.1-3.3.0-all.jar with languages [LanguageSpec[languageName=javafml, acceptedVersions=[0,)]]
[18May2025 23:38:10.830] [main/DEBUG] [net.minecraftforge.fml.loading.moddiscovery.ModFileParser/LOADING]: Considering mod file candidate /workspaces/server1/servidor_minecraft/mods/tombstone-1.20.1-8.9.4.jar
[18May2025 23:38:10.832] [main/DEBUG] [net.minecraftforge.fml.loading.moddiscovery.ModFileInfo/LOADING]: Found valid mod file tombstone-1.20.1-8.9.4.jar with {tombstone} mods - versions {8.9.4}
[18May2025 23:38:10.832] [main/DEBUG] [net.minecraftforge.fml.loading.moddiscovery.ModFile/LOADING]: Loading mod file /workspaces/server1/servidor_minecraft/mods/tombstone-1.20.1-8.9.4.jar with languages [LanguageSpec[languageName=javafml, acceptedVersions=[46,)]]
[18May2025 23:38:10.833] [main/DEBUG] [net.minecraftforge.fml.loading.moddiscovery.ModFileParser/LOADING]: Considering mod file candidate /workspaces/server1/servidor_minecraft/mods/GlitchCore-forge-1.20.1-0.0.1.1.jar
[18May2025 23:38:10.833] [main/DEBUG] [net.minecraftforge.fml.loading.moddiscovery.ModFileInfo/LOADING]: Found valid mod file GlitchCore-forge-1.20.1-0.0.1.1.jar with {glitchcore} mods - versions {0.0.1.1}
[18May2025 23:38:10.834] [main/DEBUG] [net.minecraftforge.fml.loading.moddiscovery.ModFile/LOADING]: Loading mod file /workspaces/server1/servidor_minecraft/mods/GlitchCore-forge-1.20.1-0.0.1.1.jar with languages [LanguageSpec[languageName=javafml, acceptedVersions=[47,)]]
[18May2025 23:38:10.834] [main/DEBUG] [net.minecraftforge.fml.loading.moddiscovery.ModFileParser/LOADING]: Considering mod file candidate /workspaces/server1/servidor_minecraft/mods/sophisticatedbackpacks-1.20.1-3.23.17.1246.jar
[18May2025 23:38:10.835] [main/DEBUG] [net.minecraftforge.fml.loading.moddiscovery.ModFileInfo/LOADING]: Found valid mod file sophisticatedbackpacks-1.20.1-3.23.17.1246.jar with {sophisticatedbackpacks} mods - versions {3.23.17.1246}
[18May2025 23:38:10.835] [main/DEBUG] [net.minecraftforge.fml.loading.moddiscovery.ModFile/LOADING]: Loading mod file /workspaces/server1/servidor_minecraft/mods/sophisticatedbackpacks-1.20.1-3.23.17.1246.jar with languages [LanguageSpec[languageName=javafml, acceptedVersions=[47,)]]
[18May2025 23:38:10.835] [main/DEBUG] [net.minecraftforge.fml.loading.moddiscovery.ModFileParser/LOADING]: Considering mod file candidate /workspaces/server1/servidor_minecraft/mods/architectury-9.2.14-forge.jar
[18May2025 23:38:10.835] [main/DEBUG] [net.minecraftforge.fml.loading.moddiscovery.ModFileInfo/LOADING]: Found valid mod file architectury-9.2.14-forge.jar with {architectury} mods - versions {9.2.14}
[18May2025 23:38:10.836] [main/DEBUG] [net.minecraftforge.fml.loading.moddiscovery.ModFile/LOADING]: Loading mod file /workspaces/server1/servidor_minecraft/mods/architectury-9.2.14-forge.jar with languages [LanguageSpec[languageName=javafml, acceptedVersions=[46,)]]
[18May2025 23:38:10.836] [main/DEBUG] [net.minecraftforge.fml.loading.moddiscovery.ModFileParser/LOADING]: Considering mod file candidate /workspaces/server1/servidor_minecraft/mods/ferritecore-6.0.1-forge.jar
[18May2025 23:38:10.836] [main/DEBUG] [net.minecraftforge.fml.loading.moddiscovery.ModFileInfo/LOADING]: Found valid mod file ferritecore-6.0.1-forge.jar with {ferritecore} mods - versions {6.0.1}
[18May2025 23:38:10.837] [main/DEBUG] [net.minecraftforge.fml.loading.moddiscovery.ModFile/LOADING]: Loading mod file /workspaces/server1/servidor_minecraft/mods/ferritecore-6.0.1-forge.jar with languages [LanguageSpec[languageName=javafml, acceptedVersions=[28,)]]
[18May2025 23:38:10.837] [main/DEBUG] [net.minecraftforge.fml.loading.moddiscovery.ModFileParser/LOADING]: Considering mod file candidate /workspaces/server1/servidor_minecraft/mods/balm-forge-1.20.1-7.3.29-all.jar
[18May2025 23:38:10.837] [main/DEBUG] [net.minecraftforge.fml.loading.moddiscovery.ModFileInfo/LOADING]: Found valid mod file balm-forge-1.20.1-7.3.29-all.jar with {balm} mods - versions {7.3.29}
[18May2025 23:38:10.837] [main/DEBUG] [net.minecraftforge.fml.loading.moddiscovery.ModFile/LOADING]: Loading mod file /workspaces/server1/servidor_minecraft/mods/balm-forge-1.20.1-7.3.29-all.jar with languages [LanguageSpec[languageName=javafml, acceptedVersions=[46,)]]
[18May2025 23:38:10.837] [main/DEBUG] [net.minecraftforge.fml.loading.moddiscovery.ModFileParser/LOADING]: Considering mod file candidate /workspaces/server1/servidor_minecraft/mods/refurbished_furniture-forge-1.20.1-1.0.12.jar
[18May2025 23:38:10.838] [main/DEBUG] [net.minecraftforge.fml.loading.moddiscovery.ModFileInfo/LOADING]: Found valid mod file refurbished_furniture-forge-1.20.1-1.0.12.jar with {refurbished_furniture} mods - versions {1.0.12}
[18May2025 23:38:10.838] [main/DEBUG] [net.minecraftforge.fml.loading.moddiscovery.ModFile/LOADING]: Loading mod file /workspaces/server1/servidor_minecraft/mods/refurbished_furniture-forge-1.20.1-1.0.12.jar with languages [LanguageSpec[languageName=javafml, acceptedVersions=[39,)]]
[18May2025 23:38:10.838] [main/DEBUG] [net.minecraftforge.fml.loading.moddiscovery.ModFileParser/LOADING]: Considering mod file candidate /workspaces/server1/servidor_minecraft/mods/FallingTree-1.20.1-4.3.4.jar
[18May2025 23:38:10.839] [main/DEBUG] [net.minecraftforge.fml.loading.moddiscovery.ModFileInfo/LOADING]: Found valid mod file FallingTree-1.20.1-4.3.4.jar with {fallingtree} mods - versions {4.3.4}
[18May2025 23:38:10.839] [main/DEBUG] [net.minecraftforge.fml.loading.moddiscovery.ModFile/LOADING]: Loading mod file /workspaces/server1/servidor_minecraft/mods/FallingTree-1.20.1-4.3.4.jar with languages [LanguageSpec[languageName=javafml, acceptedVersions=[47,)]]
[18May2025 23:38:10.839] [main/DEBUG] [net.minecraftforge.fml.loading.moddiscovery.ModFileParser/LOADING]: Considering mod file candidate /workspaces/server1/servidor_minecraft/mods/framework-forge-1.20.1-0.7.15.jar
[18May2025 23:38:10.840] [main/DEBUG] [net.minecraftforge.fml.loading.moddiscovery.ModFileInfo/LOADING]: Found valid mod file framework-forge-1.20.1-0.7.15.jar with {framework} mods - versions {0.7.15}
[18May2025 23:38:10.840] [main/DEBUG] [net.minecraftforge.fml.loading.moddiscovery.ModFile/LOADING]: Loading mod file /workspaces/server1/servidor_minecraft/mods/framework-forge-1.20.1-0.7.15.jar with languages [LanguageSpec[languageName=javafml, acceptedVersions=[39,)]]
[18May2025 23:38:10.840] [main/DEBUG] [net.minecraftforge.fml.loading.moddiscovery.ModFileParser/LOADING]: Considering mod file candidate /workspaces/server1/servidor_minecraft/libraries/net/minecraftforge/forge/1.20.1-47.3.7/forge-1.20.1-47.3.7-universal.jar
[18May2025 23:38:10.841] [main/DEBUG] [net.minecraftforge.fml.loading.moddiscovery.ModFileInfo/LOADING]: Found valid mod file forge-1.20.1-47.3.7-universal.jar with {forge} mods - versions {47.3.7}
[18May2025 23:38:10.841] [main/DEBUG] [net.minecraftforge.fml.loading.moddiscovery.ModFile/LOADING]: Loading mod file /workspaces/server1/servidor_minecraft/libraries/net/minecraftforge/forge/1.20.1-47.3.7/forge-1.20.1-47.3.7-universal.jar with languages [LanguageSpec[languageName=javafml, acceptedVersions=[24,]]]
[18May2025 23:38:10.841] [main/DEBUG] [net.minecraftforge.fml.loading.moddiscovery.ModFileParser/LOADING]: Found coremod field_to_method with Javascript path coremods/field_to_method.js
[18May2025 23:38:10.842] [main/DEBUG] [net.minecraftforge.fml.loading.moddiscovery.ModFileParser/LOADING]: Found coremod field_to_instanceof with Javascript path coremods/field_to_instanceof.js
[18May2025 23:38:10.842] [main/DEBUG] [net.minecraftforge.fml.loading.moddiscovery.ModFileParser/LOADING]: Found coremod add_bouncer_method with Javascript path coremods/add_bouncer_method.js
[18May2025 23:38:10.842] [main/DEBUG] [net.minecraftforge.fml.loading.moddiscovery.ModFileParser/LOADING]: Found coremod method_redirector with Javascript path coremods/method_redirector.js
[18May2025 23:38:10.842] [main/DEBUG] [net.minecraftforge.fml.loading.moddiscovery.ModFile/LOADING]: Found coremod coremods/field_to_method.js
[18May2025 23:38:10.842] [main/DEBUG] [net.minecraftforge.fml.loading.moddiscovery.ModFile/LOADING]: Found coremod coremods/field_to_instanceof.js
[18May2025 23:38:10.842] [main/DEBUG] [net.minecraftforge.fml.loading.moddiscovery.ModFile/LOADING]: Found coremod coremods/add_bouncer_method.js
[18May2025 23:38:10.842] [main/DEBUG] [net.minecraftforge.fml.loading.moddiscovery.ModFile/LOADING]: Found coremod coremods/method_redirector.js
[18May2025 23:38:10.842] [main/DEBUG] [net.minecraftforge.fml.loading.moddiscovery.ModFileParser/LOADING]: Considering mod file candidate 
[18May2025 23:38:10.843] [main/DEBUG] [net.minecraftforge.fml.loading.moddiscovery.ModFileInfo/LOADING]: Found valid mod file mixinsquared-forge-0.1.2-beta.6.jar with {mixinsquared} mods - versions {0.1.2-beta.6}
[18May2025 23:38:10.843] [main/DEBUG] [net.minecraftforge.fml.loading.moddiscovery.ModFile/LOADING]: Loading mod file  with languages [LanguageSpec[languageName=javafml, acceptedVersions=*]]
[18May2025 23:38:10.843] [main/DEBUG] [net.minecraftforge.fml.loading.moddiscovery.ModFile/LOADING]: Loading mod file  with languages []
[18May2025 23:38:10.843] [main/DEBUG] [net.minecraftforge.fml.loading.moddiscovery.ModFileParser/LOADING]: Considering mod file candidate 
[18May2025 23:38:10.845] [main/DEBUG] [net.minecraftforge.fml.loading.moddiscovery.ModFileInfo/LOADING]: Found valid mod file mixinextras-forge-0.4.1.jar with {mixinextras} mods - versions {0.4.1}
[18May2025 23:38:10.845] [main/DEBUG] [net.minecraftforge.fml.loading.moddiscovery.ModFile/LOADING]: Loading mod file  with languages [LanguageSpec[languageName=javafml, acceptedVersions=*]]
[18May2025 23:38:10.845] [main/DEBUG] [net.minecraftforge.fml.loading.moddiscovery.ModFile/LOADING]: Loading mod file  with languages []
[18May2025 23:38:10.845] [main/DEBUG] [net.minecraftforge.fml.loading.moddiscovery.ModFileParser/LOADING]: Considering mod file candidate 
[18May2025 23:38:10.846] [main/DEBUG] [net.minecraftforge.fml.loading.moddiscovery.ModFileInfo/LOADING]: Found valid mod file mixinsquared-forge-0.1.2-beta.6.jar with {mixinsquared} mods - versions {0.1.2-beta.6}
[18May2025 23:38:10.846] [main/DEBUG] [net.minecraftforge.fml.loading.moddiscovery.ModFile/LOADING]: Loading mod file  with languages [LanguageSpec[languageName=javafml, acceptedVersions=*]]
[18May2025 23:38:10.846] [main/DEBUG] [net.minecraftforge.fml.loading.moddiscovery.ModFile/LOADING]: Loading mod file  with languages []
[18May2025 23:38:10.846] [main/DEBUG] [net.minecraftforge.fml.loading.moddiscovery.ModFileParser/LOADING]: Considering mod file candidate 
[18May2025 23:38:10.846] [main/DEBUG] [net.minecraftforge.fml.loading.moddiscovery.ModFileInfo/LOADING]: Found valid mod file mixinextras-forge-0.4.1.jar with {mixinextras} mods - versions {0.4.1}
[18May2025 23:38:10.847] [main/DEBUG] [net.minecraftforge.fml.loading.moddiscovery.ModFile/LOADING]: Loading mod file  with languages [LanguageSpec[languageName=javafml, acceptedVersions=*]]
[18May2025 23:38:10.847] [main/DEBUG] [net.minecraftforge.fml.loading.moddiscovery.ModFile/LOADING]: Loading mod file  with languages []
[18May2025 23:38:10.848] [main/DEBUG] [cpw.mods.modlauncher.TransformationServiceDecorator/MODLAUNCHER]: End scan trigger - transformation service fml
[18May2025 23:38:10.858] [main/DEBUG] [net.minecraftforge.fml.loading.LanguageLoadingProvider/CORE]: Found 3 language providers
[18May2025 23:38:10.859] [main/DEBUG] [net.minecraftforge.fml.loading.LanguageLoadingProvider/CORE]: Found language provider minecraft, version 1.0
[18May2025 23:38:10.859] [main/DEBUG] [net.minecraftforge.fml.loading.LanguageLoadingProvider/CORE]: Found language provider lowcodefml, version 47
[18May2025 23:38:10.860] [main/DEBUG] [net.minecraftforge.fml.loading.LanguageLoadingProvider/CORE]: Found language provider javafml, version 47
[18May2025 23:38:10.863] [main/DEBUG] [net.minecraftforge.fml.loading.UniqueModListBuilder/]: Found 2 mods for first modid mixinsquared, selecting most recent based on version data
[18May2025 23:38:10.863] [main/DEBUG] [net.minecraftforge.fml.loading.UniqueModListBuilder/]: Selected file mixinsquared-forge-0.1.2-beta.6.jar for modid mixinsquared with version 0.1.2-beta.6
[18May2025 23:38:10.864] [main/DEBUG] [net.minecraftforge.fml.loading.UniqueModListBuilder/]: Found 2 mods for first modid MixinSquared.beta._6, selecting most recent based on version data
[18May2025 23:38:10.864] [main/DEBUG] [net.minecraftforge.fml.loading.UniqueModListBuilder/]: Selected file MixinSquared-0.1.2-beta.6.jar for modid MixinSquared.beta._6 with version 0.0NONE
[18May2025 23:38:10.864] [main/DEBUG] [net.minecraftforge.fml.loading.UniqueModListBuilder/]: Found 2 mods for first modid mixinextras, selecting most recent based on version data
[18May2025 23:38:10.864] [main/DEBUG] [net.minecraftforge.fml.loading.UniqueModListBuilder/]: Selected file mixinextras-forge-0.4.1.jar for modid mixinextras with version 0.4.1
[18May2025 23:38:10.864] [main/DEBUG] [net.minecraftforge.fml.loading.UniqueModListBuilder/]: Found 2 mods for first modid MixinExtras, selecting most recent based on version data
[18May2025 23:38:10.864] [main/DEBUG] [net.minecraftforge.fml.loading.UniqueModListBuilder/]: Selected file MixinExtras-0.4.1.jar for modid MixinExtras with version 0.0NONE
[18May2025 23:38:10.866] [main/DEBUG] [net.minecraftforge.fml.loading.ModSorter/]: Configured system mods: [minecraft, forge]
[18May2025 23:38:10.866] [main/DEBUG] [net.minecraftforge.fml.loading.ModSorter/]: Found system mod: minecraft
[18May2025 23:38:10.866] [main/DEBUG] [net.minecraftforge.fml.loading.ModSorter/]: Found system mod: forge
[18May2025 23:38:10.869] [main/DEBUG] [net.minecraftforge.fml.loading.ModSorter/LOADING]: Found 65 mod requirements (63 mandatory, 2 optional)
[18May2025 23:38:10.871] [main/DEBUG] [net.minecraftforge.fml.loading.ModSorter/LOADING]: Found 0 mod requirements missing (0 mandatory, 0 optional)
[18May2025 23:38:11.387] [main/DEBUG] [cpw.mods.modlauncher.TransformationServicesHandler/MODLAUNCHER]: Transformation services loading transformers
[18May2025 23:38:11.387] [main/DEBUG] [cpw.mods.modlauncher.TransformationServiceDecorator/MODLAUNCHER]: Initializing transformers for transformation service mixin
[18May2025 23:38:11.391] [main/DEBUG] [cpw.mods.modlauncher.TransformationServiceDecorator/MODLAUNCHER]: Initialized transformers for transformation service mixin
[18May2025 23:38:11.391] [main/DEBUG] [cpw.mods.modlauncher.TransformationServiceDecorator/MODLAUNCHER]: Initializing transformers for transformation service fml
[18May2025 23:38:11.391] [main/DEBUG] [net.minecraftforge.fml.loading.FMLServiceProvider/CORE]: Loading coremod transformers
[18May2025 23:38:11.391] [main/DEBUG] [net.minecraftforge.coremod.CoreModEngine/COREMOD]: Loading CoreMod from META-INF/xaerohud_core.js
[18May2025 23:38:11.849] [main/DEBUG] [net.minecraftforge.coremod.CoreModEngine/COREMOD]: CoreMod loaded successfully
[18May2025 23:38:11.850] [main/DEBUG] [net.minecraftforge.coremod.CoreModEngine/COREMOD]: Loading CoreMod from META-INF/xaeroworldmap_core.js
[18May2025 23:38:12.066] [main/DEBUG] [net.minecraftforge.coremod.CoreModEngine/COREMOD]: CoreMod loaded successfully
[18May2025 23:38:12.067] [main/DEBUG] [net.minecraftforge.coremod.CoreModEngine/COREMOD]: Loading CoreMod from coremods/field_to_method.js
[18May2025 23:38:12.104] [main/DEBUG] [net.minecraftforge.coremod.CoreModEngine/COREMOD]: CoreMod loaded successfully
[18May2025 23:38:12.107] [main/DEBUG] [net.minecraftforge.coremod.CoreModEngine/COREMOD]: Loading CoreMod from coremods/field_to_instanceof.js
[18May2025 23:38:12.194] [main/DEBUG] [net.minecraftforge.coremod.CoreModEngine/COREMOD]: CoreMod loaded successfully
[18May2025 23:38:12.194] [main/DEBUG] [net.minecraftforge.coremod.CoreModEngine/COREMOD]: Loading CoreMod from coremods/add_bouncer_method.js
[18May2025 23:38:12.233] [main/DEBUG] [net.minecraftforge.coremod.CoreModEngine/COREMOD]: CoreMod loaded successfully
[18May2025 23:38:12.235] [main/DEBUG] [net.minecraftforge.coremod.CoreModEngine/COREMOD]: Loading CoreMod from coremods/method_redirector.js
[18May2025 23:38:12.316] [main/DEBUG] [net.minecraftforge.coremod.CoreModEngine/COREMOD]: CoreMod loaded successfully
[18May2025 23:38:12.333] [main/DEBUG] [cpw.mods.modlauncher.TransformStore/MODLAUNCHER]: Adding transformer net.minecraftforge.coremod.transformer.CoreModClassTransformer@656a3d6b to Target : CLASS {Lnet/minecraft/world/level/chunk/LevelChunk;} {} {V}
[18May2025 23:38:12.334] [main/DEBUG] [cpw.mods.modlauncher.TransformStore/MODLAUNCHER]: Adding transformer net.minecraftforge.coremod.transformer.CoreModClassTransformer@7f3ca64a to Target : CLASS {Lnet/minecraft/client/multiplayer/ClientPacketListener;} {} {V}
[18May2025 23:38:12.334] [main/DEBUG] [cpw.mods.modlauncher.TransformStore/MODLAUNCHER]: Adding transformer net.minecraftforge.coremod.transformer.CoreModClassTransformer@4d464510 to Target : CLASS {Lnet/minecraft/client/multiplayer/ClientLevel;} {} {V}
[18May2025 23:38:12.334] [main/DEBUG] [cpw.mods.modlauncher.TransformStore/MODLAUNCHER]: Adding transformer net.minecraftforge.coremod.transformer.CoreModClassTransformer@64e7d698 to Target : CLASS {Lnet/minecraft/network/protocol/game/ClientboundSectionBlocksUpdatePacket;} {} {V}
[18May2025 23:38:12.335] [main/DEBUG] [cpw.mods.modlauncher.TransformStore/MODLAUNCHER]: Adding transformer net.minecraftforge.coremod.transformer.CoreModClassTransformer@2519026b to Target : CLASS {Lnet/minecraft/client/gui/components/CycleButton;} {} {V}
[18May2025 23:38:12.335] [main/DEBUG] [cpw.mods.modlauncher.TransformStore/MODLAUNCHER]: Adding transformer net.minecraftforge.coremod.transformer.CoreModClassTransformer@3f8dfe74 to Target : CLASS {Lnet/minecraft/server/MinecraftServer;} {} {V}
[18May2025 23:38:12.335] [main/DEBUG] [cpw.mods.modlauncher.TransformStore/MODLAUNCHER]: Adding transformer net.minecraftforge.coremod.transformer.CoreModClassTransformer@401c4250 to Target : CLASS {Lnet/minecraft/server/level/ServerPlayer;} {} {V}
[18May2025 23:38:12.335] [main/DEBUG] [cpw.mods.modlauncher.TransformStore/MODLAUNCHER]: Adding transformer net.minecraftforge.coremod.transformer.CoreModClassTransformer@1a950fdd to Target : CLASS {Lnet/minecraft/client/Minecraft;} {} {V}
[18May2025 23:38:12.336] [main/DEBUG] [cpw.mods.modlauncher.TransformStore/MODLAUNCHER]: Adding transformer net.minecraftforge.coremod.transformer.CoreModClassTransformer@77724cbe to Target : CLASS {Lnet/minecraft/client/gui/components/AbstractSelectionList;} {} {V}
[18May2025 23:38:12.336] [main/DEBUG] [cpw.mods.modlauncher.TransformStore/MODLAUNCHER]: Adding transformer net.minecraftforge.coremod.transformer.CoreModClassTransformer@27dc627a to Target : CLASS {Lnet/minecraft/world/level/chunk/LevelChunk;} {} {V}
[18May2025 23:38:12.337] [main/DEBUG] [cpw.mods.modlauncher.TransformStore/MODLAUNCHER]: Adding transformer net.minecraftforge.coremod.transformer.CoreModClassTransformer@570ba13 to Target : CLASS {Lnet/minecraft/client/multiplayer/ClientPacketListener;} {} {V}
[18May2025 23:38:12.337] [main/DEBUG] [cpw.mods.modlauncher.TransformStore/MODLAUNCHER]: Adding transformer net.minecraftforge.coremod.transformer.CoreModClassTransformer@37a9b687 to Target : CLASS {Lnet/minecraft/client/multiplayer/ClientLevel;} {} {V}
[18May2025 23:38:12.337] [main/DEBUG] [cpw.mods.modlauncher.TransformStore/MODLAUNCHER]: Adding transformer net.minecraftforge.coremod.transformer.CoreModClassTransformer@525b1b70 to Target : CLASS {Lnet/minecraft/network/protocol/game/ClientboundSectionBlocksUpdatePacket;} {} {V}
[18May2025 23:38:12.337] [main/DEBUG] [cpw.mods.modlauncher.TransformStore/MODLAUNCHER]: Adding transformer net.minecraftforge.coremod.transformer.CoreModClassTransformer@16d07cf3 to Target : CLASS {Lnet/minecraft/client/gui/components/CycleButton;} {} {V}
[18May2025 23:38:12.338] [main/DEBUG] [cpw.mods.modlauncher.TransformStore/MODLAUNCHER]: Adding transformer net.minecraftforge.coremod.transformer.CoreModClassTransformer@16f0ec18 to Target : CLASS {Lnet/minecraft/server/MinecraftServer;} {} {V}
[18May2025 23:38:12.338] [main/DEBUG] [cpw.mods.modlauncher.TransformStore/MODLAUNCHER]: Adding transformer net.minecraftforge.coremod.transformer.CoreModClassTransformer@6c977dcf to Target : CLASS {Lnet/minecraft/server/level/ServerPlayer;} {} {V}
[18May2025 23:38:12.338] [main/DEBUG] [cpw.mods.modlauncher.TransformStore/MODLAUNCHER]: Adding transformer net.minecraftforge.coremod.transformer.CoreModClassTransformer@661d6bb6 to Target : CLASS {Lnet/minecraft/client/Minecraft;} {} {V}
[18May2025 23:38:12.338] [main/DEBUG] [cpw.mods.modlauncher.TransformStore/MODLAUNCHER]: Adding transformer net.minecraftforge.coremod.transformer.CoreModClassTransformer@733fb462 to Target : CLASS {Lnet/minecraft/server/level/ServerLevel;} {} {V}
[18May2025 23:38:12.339] [main/DEBUG] [cpw.mods.modlauncher.TransformStore/MODLAUNCHER]: Adding transformer net.minecraftforge.coremod.transformer.CoreModClassTransformer@623e0631 to Target : CLASS {Lnet/minecraft/world/level/biome/Biome;} {} {V}
[18May2025 23:38:12.339] [main/DEBUG] [cpw.mods.modlauncher.TransformStore/MODLAUNCHER]: Adding transformer net.minecraftforge.coremod.transformer.CoreModClassTransformer@359066bc to Target : CLASS {Lnet/minecraft/world/level/levelgen/structure/Structure;} {} {V}
[18May2025 23:38:12.339] [main/DEBUG] [cpw.mods.modlauncher.TransformStore/MODLAUNCHER]: Adding transformer net.minecraftforge.coremod.transformer.CoreModClassTransformer@385dfb63 to Target : CLASS {Lnet/minecraft/world/effect/MobEffectInstance;} {} {V}
[18May2025 23:38:12.339] [main/DEBUG] [cpw.mods.modlauncher.TransformStore/MODLAUNCHER]: Adding transformer net.minecraftforge.coremod.transformer.CoreModClassTransformer@364fd4ae to Target : CLASS {Lnet/minecraft/world/level/block/LiquidBlock;} {} {V}
[18May2025 23:38:12.340] [main/DEBUG] [cpw.mods.modlauncher.TransformStore/MODLAUNCHER]: Adding transformer net.minecraftforge.coremod.transformer.CoreModClassTransformer@245253d8 to Target : CLASS {Lnet/minecraft/world/item/BucketItem;} {} {V}
[18May2025 23:38:12.341] [main/DEBUG] [cpw.mods.modlauncher.TransformStore/MODLAUNCHER]: Adding transformer net.minecraftforge.coremod.transformer.CoreModClassTransformer@12417468 to Target : CLASS {Lnet/minecraft/world/level/block/StairBlock;} {} {V}
[18May2025 23:38:12.341] [main/DEBUG] [cpw.mods.modlauncher.TransformStore/MODLAUNCHER]: Adding transformer net.minecraftforge.coremod.transformer.CoreModClassTransformer@459003a0 to Target : CLASS {Lnet/minecraft/world/level/block/FlowerPotBlock;} {} {V}
[18May2025 23:38:12.341] [main/DEBUG] [cpw.mods.modlauncher.TransformStore/MODLAUNCHER]: Adding transformer net.minecraftforge.coremod.transformer.CoreModClassTransformer@d325518 to Target : CLASS {Lnet/minecraft/world/item/ItemStack;} {} {V}
[18May2025 23:38:12.342] [main/DEBUG] [cpw.mods.modlauncher.TransformStore/MODLAUNCHER]: Adding transformer net.minecraftforge.coremod.transformer.CoreModClassTransformer@3b481bf5 to Target : CLASS {Lnet/minecraft/network/play/client/CClientSettingsPacket;} {} {V}
[18May2025 23:38:12.342] [main/DEBUG] [cpw.mods.modlauncher.TransformStore/MODLAUNCHER]: Adding transformer net.minecraftforge.coremod.transformer.CoreModClassTransformer@2233cac0 to Target : CLASS {Lnet/minecraft/world/entity/monster/Spider;} {} {V}
[18May2025 23:38:12.342] [main/DEBUG] [cpw.mods.modlauncher.TransformStore/MODLAUNCHER]: Adding transformer net.minecraftforge.coremod.transformer.CoreModClassTransformer@2233cac0 to Target : CLASS {Lnet/minecraft/world/entity/monster/Zombie;} {} {V}
[18May2025 23:38:12.342] [main/DEBUG] [cpw.mods.modlauncher.TransformStore/MODLAUNCHER]: Adding transformer net.minecraftforge.coremod.transformer.CoreModClassTransformer@2233cac0 to Target : CLASS {Lnet/minecraft/world/entity/npc/Villager;} {} {V}
[18May2025 23:38:12.342] [main/DEBUG] [cpw.mods.modlauncher.TransformStore/MODLAUNCHER]: Adding transformer net.minecraftforge.coremod.transformer.CoreModClassTransformer@2233cac0 to Target : CLASS {Lnet/minecraft/server/commands/RaidCommand;} {} {V}
[18May2025 23:38:12.342] [main/DEBUG] [cpw.mods.modlauncher.TransformStore/MODLAUNCHER]: Adding transformer net.minecraftforge.coremod.transformer.CoreModClassTransformer@2233cac0 to Target : CLASS {Lnet/minecraft/world/entity/monster/Strider;} {} {V}
[18May2025 23:38:12.342] [main/DEBUG] [cpw.mods.modlauncher.TransformStore/MODLAUNCHER]: Adding transformer net.minecraftforge.coremod.transformer.CoreModClassTransformer@2233cac0 to Target : CLASS {Lnet/minecraft/world/entity/ai/village/VillageSiege;} {} {V}
[18May2025 23:38:12.342] [main/DEBUG] [cpw.mods.modlauncher.TransformStore/MODLAUNCHER]: Adding transformer net.minecraftforge.coremod.transformer.CoreModClassTransformer@2233cac0 to Target : CLASS {Lnet/minecraft/server/commands/SummonCommand;} {} {V}
[18May2025 23:38:12.343] [main/DEBUG] [cpw.mods.modlauncher.TransformStore/MODLAUNCHER]: Adding transformer net.minecraftforge.coremod.transformer.CoreModClassTransformer@2233cac0 to Target : CLASS {Lnet/minecraft/world/entity/monster/Evoker$EvokerSummonSpellGoal;} {} {V}
[18May2025 23:38:12.343] [main/DEBUG] [cpw.mods.modlauncher.TransformStore/MODLAUNCHER]: Adding transformer net.minecraftforge.coremod.transformer.CoreModClassTransformer@2233cac0 to Target : CLASS {Lnet/minecraft/world/level/levelgen/PatrolSpawner;} {} {V}
[18May2025 23:38:12.343] [main/DEBUG] [cpw.mods.modlauncher.TransformStore/MODLAUNCHER]: Adding transformer net.minecraftforge.coremod.transformer.CoreModClassTransformer@2233cac0 to Target : CLASS {Lnet/minecraft/world/level/levelgen/PhantomSpawner;} {} {V}
[18May2025 23:38:12.343] [main/DEBUG] [cpw.mods.modlauncher.TransformStore/MODLAUNCHER]: Adding transformer net.minecraftforge.coremod.transformer.CoreModClassTransformer@2233cac0 to Target : CLASS {Lnet/minecraft/world/level/levelgen/structure/structures/SwampHutPiece;} {} {V}
[18May2025 23:38:12.343] [main/DEBUG] [cpw.mods.modlauncher.TransformStore/MODLAUNCHER]: Adding transformer net.minecraftforge.coremod.transformer.CoreModClassTransformer@2233cac0 to Target : CLASS {Lnet/minecraft/world/entity/animal/frog/Tadpole;} {} {V}
[18May2025 23:38:12.345] [main/DEBUG] [cpw.mods.modlauncher.TransformStore/MODLAUNCHER]: Adding transformer net.minecraftforge.coremod.transformer.CoreModClassTransformer@2233cac0 to Target : CLASS {Lnet/minecraft/world/entity/EntityType;} {} {V}
[18May2025 23:38:12.345] [main/DEBUG] [cpw.mods.modlauncher.TransformStore/MODLAUNCHER]: Adding transformer net.minecraftforge.coremod.transformer.CoreModClassTransformer@2233cac0 to Target : CLASS {Lnet/minecraft/world/entity/raid/Raid;} {} {V}
[18May2025 23:38:12.345] [main/DEBUG] [cpw.mods.modlauncher.TransformStore/MODLAUNCHER]: Adding transformer net.minecraftforge.coremod.transformer.CoreModClassTransformer@2233cac0 to Target : CLASS {Lnet/minecraft/world/level/levelgen/structure/structures/OceanRuinPieces$OceanRuinPiece;} {} {V}
[18May2025 23:38:12.346] [main/DEBUG] [cpw.mods.modlauncher.TransformStore/MODLAUNCHER]: Adding transformer net.minecraftforge.coremod.transformer.CoreModClassTransformer@2233cac0 to Target : CLASS {Lnet/minecraft/world/level/levelgen/structure/structures/WoodlandMansionPieces$WoodlandMansionPiece;} {} {V}
[18May2025 23:38:12.346] [main/DEBUG] [cpw.mods.modlauncher.TransformStore/MODLAUNCHER]: Adding transformer net.minecraftforge.coremod.transformer.CoreModClassTransformer@2233cac0 to Target : CLASS {Lnet/minecraft/world/level/levelgen/structure/templatesystem/StructureTemplate;} {} {V}
[18May2025 23:38:12.346] [main/DEBUG] [cpw.mods.modlauncher.TransformStore/MODLAUNCHER]: Adding transformer net.minecraftforge.coremod.transformer.CoreModClassTransformer@2233cac0 to Target : CLASS {Lnet/minecraft/world/entity/animal/horse/SkeletonTrapGoal;} {} {V}
[18May2025 23:38:12.346] [main/DEBUG] [cpw.mods.modlauncher.TransformStore/MODLAUNCHER]: Adding transformer net.minecraftforge.coremod.transformer.CoreModClassTransformer@2233cac0 to Target : CLASS {Lnet/minecraft/world/entity/monster/ZombieVillager;} {} {V}
[18May2025 23:38:12.346] [main/DEBUG] [cpw.mods.modlauncher.TransformStore/MODLAUNCHER]: Adding transformer net.minecraftforge.coremod.transformer.CoreModClassTransformer@2233cac0 to Target : CLASS {Lnet/minecraft/world/entity/npc/CatSpawner;} {} {V}
[18May2025 23:38:12.346] [main/DEBUG] [cpw.mods.modlauncher.TransformStore/MODLAUNCHER]: Adding transformer net.minecraftforge.coremod.transformer.CoreModClassTransformer@2233cac0 to Target : CLASS {Lnet/minecraft/world/level/NaturalSpawner;} {} {V}
[18May2025 23:38:12.346] [main/DEBUG] [cpw.mods.modlauncher.TransformStore/MODLAUNCHER]: Adding transformer net.minecraftforge.coremod.transformer.CoreModClassTransformer@2233cac0 to Target : CLASS {Lnet/minecraft/world/level/levelgen/structure/structures/OceanMonumentPieces$OceanMonumentPiece;} {} {V}
[18May2025 23:38:12.346] [main/DEBUG] [cpw.mods.modlauncher.TransformStore/MODLAUNCHER]: Adding transformer net.minecraftforge.coremod.transformer.CoreModMethodTransformer@787e4357 to Target : METHOD {Lnet/minecraft/client/multiplayer/ClientPacketListener;} {m_6773_} {(Lnet/minecraft/network/protocol/game/ClientboundBlockUpdatePacket;)V}
[18May2025 23:38:12.347] [main/DEBUG] [cpw.mods.modlauncher.TransformStore/MODLAUNCHER]: Adding transformer net.minecraftforge.coremod.transformer.CoreModMethodTransformer@392781e to Target : METHOD {Lnet/minecraft/client/multiplayer/ClientPacketListener;} {m_5771_} {(Lnet/minecraft/network/protocol/game/ClientboundSectionBlocksUpdatePacket;)V}
[18May2025 23:38:12.347] [main/DEBUG] [cpw.mods.modlauncher.TransformStore/MODLAUNCHER]: Adding transformer net.minecraftforge.coremod.transformer.CoreModMethodTransformer@3fcbc766 to Target : METHOD {Lnet/minecraft/client/multiplayer/ClientPacketListener;} {m_194198_} {(IILnet/minecraft/network/protocol/game/ClientboundLevelChunkPacketData;)V}
[18May2025 23:38:12.347] [main/DEBUG] [cpw.mods.modlauncher.TransformStore/MODLAUNCHER]: Adding transformer net.minecraftforge.coremod.transformer.CoreModMethodTransformer@28cd2c2 to Target : METHOD {Lnet/minecraft/client/multiplayer/ClientPacketListener;} {m_183388_} {(Lnet/minecraft/network/protocol/game/ClientboundLevelChunkWithLightPacket;)V}
[18May2025 23:38:12.347] [main/DEBUG] [cpw.mods.modlauncher.TransformStore/MODLAUNCHER]: Adding transformer net.minecraftforge.coremod.transformer.CoreModMethodTransformer@8e25d3f to Target : METHOD {Lnet/minecraft/client/multiplayer/ClientPacketListener;} {m_183514_} {(Lnet/minecraft/network/protocol/game/ClientboundLightUpdatePacket;)V}
[18May2025 23:38:12.347] [main/DEBUG] [cpw.mods.modlauncher.TransformStore/MODLAUNCHER]: Adding transformer net.minecraftforge.coremod.transformer.CoreModMethodTransformer@18a096b5 to Target : METHOD {Lnet/minecraft/client/multiplayer/ClientPacketListener;} {m_194252_} {(Lnet/minecraft/network/protocol/game/ClientboundForgetLevelChunkPacket;)V}
[18May2025 23:38:12.347] [main/DEBUG] [cpw.mods.modlauncher.TransformStore/MODLAUNCHER]: Adding transformer net.minecraftforge.coremod.transformer.CoreModMethodTransformer@79b18230 to Target : METHOD {Lnet/minecraft/client/multiplayer/ClientPacketListener;} {m_6571_} {(Lnet/minecraft/network/protocol/game/ClientboundSetDefaultSpawnPositionPacket;)V}
[18May2025 23:38:12.347] [main/DEBUG] [cpw.mods.modlauncher.TransformStore/MODLAUNCHER]: Adding transformer net.minecraftforge.coremod.transformer.CoreModMethodTransformer@1d4f5506 to Target : METHOD {Lnet/minecraft/client/player/AbstractClientPlayer;} {m_108561_} {()Lnet/minecraft/resources/ResourceLocation;}
[18May2025 23:38:12.348] [main/DEBUG] [cpw.mods.modlauncher.TransformStore/MODLAUNCHER]: Adding transformer net.minecraftforge.coremod.transformer.CoreModMethodTransformer@7dee835 to Target : METHOD {Lnet/minecraft/world/entity/player/Player;} {m_36170_} {(Lnet/minecraft/world/entity/player/PlayerModelPart;)Z}
[18May2025 23:38:12.348] [main/DEBUG] [cpw.mods.modlauncher.TransformStore/MODLAUNCHER]: Adding transformer net.minecraftforge.coremod.transformer.CoreModMethodTransformer@1b57c345 to Target : METHOD {Lnet/minecraft/client/multiplayer/ClientPacketListener;} {m_5998_} {(Lnet/minecraft/network/protocol/game/ClientboundLoginPacket;)V}
[18May2025 23:38:12.348] [main/DEBUG] [cpw.mods.modlauncher.TransformStore/MODLAUNCHER]: Adding transformer net.minecraftforge.coremod.transformer.CoreModMethodTransformer@6e02721d to Target : METHOD {Lnet/minecraft/client/multiplayer/ClientPacketListener;} {m_261044_} {()V}
[18May2025 23:38:12.350] [main/DEBUG] [cpw.mods.modlauncher.TransformStore/MODLAUNCHER]: Adding transformer net.minecraftforge.coremod.transformer.CoreModMethodTransformer@902fdbe to Target : METHOD {Lnet/minecraft/client/player/LocalPlayer;} {m_7583_} {()V}
[18May2025 23:38:12.351] [main/DEBUG] [cpw.mods.modlauncher.TransformStore/MODLAUNCHER]: Adding transformer net.minecraftforge.coremod.transformer.CoreModMethodTransformer@796d33eb to Target : METHOD {Lnet/minecraft/server/players/PlayerList;} {m_11229_} {(Lnet/minecraft/server/level/ServerPlayer;Lnet/minecraft/server/level/ServerLevel;)V}
[18May2025 23:38:12.351] [main/DEBUG] [cpw.mods.modlauncher.TransformStore/MODLAUNCHER]: Adding transformer net.minecraftforge.coremod.transformer.CoreModMethodTransformer@5c059a68 to Target : METHOD {Lnet/minecraft/client/gui/components/BossHealthOverlay;} {m_280652_} {(Lnet/minecraft/client/gui/GuiGraphics;)V}
[18May2025 23:38:12.351] [main/DEBUG] [cpw.mods.modlauncher.TransformStore/MODLAUNCHER]: Adding transformer net.minecraftforge.coremod.transformer.CoreModMethodTransformer@21ea996f to Target : METHOD {Lnet/minecraft/client/model/ListModel;} {m_7695_} {(Lcom/mojang/blaze3d/vertex/PoseStack;Lcom/mojang/blaze3d/vertex/VertexConsumer;IIFFFF)V}
[18May2025 23:38:12.351] [main/DEBUG] [cpw.mods.modlauncher.TransformStore/MODLAUNCHER]: Adding transformer net.minecraftforge.coremod.transformer.CoreModMethodTransformer@3f9b7fe1 to Target : METHOD {Lnet/minecraft/client/model/AgeableListModel;} {m_7695_} {(Lcom/mojang/blaze3d/vertex/PoseStack;Lcom/mojang/blaze3d/vertex/VertexConsumer;IIFFFF)V}
[18May2025 23:38:12.351] [main/DEBUG] [cpw.mods.modlauncher.TransformStore/MODLAUNCHER]: Adding transformer net.minecraftforge.coremod.transformer.CoreModMethodTransformer@2f79f192 to Target : METHOD {Lnet/minecraft/client/model/LlamaModel;} {m_7695_} {(Lcom/mojang/blaze3d/vertex/PoseStack;Lcom/mojang/blaze3d/vertex/VertexConsumer;IIFFFF)V}
[18May2025 23:38:12.351] [main/DEBUG] [cpw.mods.modlauncher.TransformStore/MODLAUNCHER]: Adding transformer net.minecraftforge.coremod.transformer.CoreModMethodTransformer@5fdfe8cf to Target : METHOD {Lnet/minecraft/client/model/RabbitModel;} {m_7695_} {(Lcom/mojang/blaze3d/vertex/PoseStack;Lcom/mojang/blaze3d/vertex/VertexConsumer;IIFFFF)V}
[18May2025 23:38:12.351] [main/DEBUG] [cpw.mods.modlauncher.TransformStore/MODLAUNCHER]: Adding transformer net.minecraftforge.coremod.transformer.CoreModMethodTransformer@2a8b33ba to Target : METHOD {Lnet/minecraft/client/renderer/entity/EnderDragonRenderer$DragonModel;} {m_7695_} {(Lcom/mojang/blaze3d/vertex/PoseStack;Lcom/mojang/blaze3d/vertex/VertexConsumer;IIFFFF)V}
[18May2025 23:38:12.352] [main/DEBUG] [cpw.mods.modlauncher.TransformStore/MODLAUNCHER]: Adding transformer net.minecraftforge.coremod.transformer.CoreModMethodTransformer@4e8b357d to Target : METHOD {Lnet/minecraft/client/model/HierarchicalModel;} {m_7695_} {(Lcom/mojang/blaze3d/vertex/PoseStack;Lcom/mojang/blaze3d/vertex/VertexConsumer;IIFFFF)V}
[18May2025 23:38:12.352] [main/DEBUG] [cpw.mods.modlauncher.TransformStore/MODLAUNCHER]: Adding transformer net.minecraftforge.coremod.transformer.CoreModMethodTransformer@2e1eb85f to Target : METHOD {Lnet/minecraft/client/model/geom/ModelPart;} {m_104290_} {(Lcom/mojang/blaze3d/vertex/PoseStack$Pose;Lcom/mojang/blaze3d/vertex/VertexConsumer;IIFFFF)V}
[18May2025 23:38:12.352] [main/DEBUG] [cpw.mods.modlauncher.TransformStore/MODLAUNCHER]: Adding transformer net.minecraftforge.coremod.transformer.CoreModMethodTransformer@ea7a4c3 to Target : METHOD {Lnet/minecraft/world/level/storage/LevelStorageSource$LevelStorageAccess;} {m_78311_} {()V}
[18May2025 23:38:12.352] [main/DEBUG] [cpw.mods.modlauncher.TransformStore/MODLAUNCHER]: Adding transformer net.minecraftforge.coremod.transformer.CoreModMethodTransformer@7d42404e to Target : METHOD {Lnet/minecraft/client/multiplayer/ClientPacketListener;} {m_246623_} {(Ljava/lang/String;)V}
[18May2025 23:38:12.352] [main/DEBUG] [cpw.mods.modlauncher.TransformStore/MODLAUNCHER]: Adding transformer net.minecraftforge.coremod.transformer.CoreModMethodTransformer@6af5b246 to Target : METHOD {Lnet/minecraft/client/multiplayer/ClientPacketListener;} {m_246979_} {(Ljava/lang/String;)Z}
[18May2025 23:38:12.352] [main/DEBUG] [cpw.mods.modlauncher.TransformStore/MODLAUNCHER]: Adding transformer net.minecraftforge.coremod.transformer.CoreModMethodTransformer@31723307 to Target : METHOD {Lnet/minecraft/client/multiplayer/chat/ChatListener;} {m_240494_} {(Lnet/minecraft/network/chat/Component;Z)V}
[18May2025 23:38:12.352] [main/DEBUG] [cpw.mods.modlauncher.TransformStore/MODLAUNCHER]: Adding transformer net.minecraftforge.coremod.transformer.CoreModMethodTransformer@2401856 to Target : METHOD {Lnet/minecraft/client/multiplayer/chat/ChatListener;} {m_245141_} {(Lnet/minecraft/network/chat/Component;Lnet/minecraft/network/chat/ChatType$Bound;)V}
[18May2025 23:38:12.353] [main/DEBUG] [cpw.mods.modlauncher.TransformStore/MODLAUNCHER]: Adding transformer net.minecraftforge.coremod.transformer.CoreModMethodTransformer@6d6f6860 to Target : METHOD {Lnet/minecraft/client/ToggleKeyMapping;} {m_90857_} {()Z}
[18May2025 23:38:12.353] [main/DEBUG] [cpw.mods.modlauncher.TransformStore/MODLAUNCHER]: Adding transformer net.minecraftforge.coremod.transformer.CoreModMethodTransformer@2a4f8009 to Target : METHOD {Lnet/minecraft/client/multiplayer/ClientPacketListener;} {m_6773_} {(Lnet/minecraft/network/protocol/game/ClientboundBlockUpdatePacket;)V}
[18May2025 23:38:12.353] [main/DEBUG] [cpw.mods.modlauncher.TransformStore/MODLAUNCHER]: Adding transformer net.minecraftforge.coremod.transformer.CoreModMethodTransformer@a85644c to Target : METHOD {Lnet/minecraft/client/multiplayer/ClientPacketListener;} {m_5771_} {(Lnet/minecraft/network/protocol/game/ClientboundSectionBlocksUpdatePacket;)V}
[18May2025 23:38:12.353] [main/DEBUG] [cpw.mods.modlauncher.TransformStore/MODLAUNCHER]: Adding transformer net.minecraftforge.coremod.transformer.CoreModMethodTransformer@8054fe2 to Target : METHOD {Lnet/minecraft/client/multiplayer/ClientPacketListener;} {m_194198_} {(IILnet/minecraft/network/protocol/game/ClientboundLevelChunkPacketData;)V}
[18May2025 23:38:12.355] [main/DEBUG] [cpw.mods.modlauncher.TransformStore/MODLAUNCHER]: Adding transformer net.minecraftforge.coremod.transformer.CoreModMethodTransformer@1e3f0aea to Target : METHOD {Lnet/minecraft/client/multiplayer/ClientPacketListener;} {m_183388_} {(Lnet/minecraft/network/protocol/game/ClientboundLevelChunkWithLightPacket;)V}
[18May2025 23:38:12.355] [main/DEBUG] [cpw.mods.modlauncher.TransformStore/MODLAUNCHER]: Adding transformer net.minecraftforge.coremod.transformer.CoreModMethodTransformer@48268eec to Target : METHOD {Lnet/minecraft/client/multiplayer/ClientPacketListener;} {m_183514_} {(Lnet/minecraft/network/protocol/game/ClientboundLightUpdatePacket;)V}
[18May2025 23:38:12.356] [main/DEBUG] [cpw.mods.modlauncher.TransformStore/MODLAUNCHER]: Adding transformer net.minecraftforge.coremod.transformer.CoreModMethodTransformer@69a024a0 to Target : METHOD {Lnet/minecraft/client/multiplayer/ClientPacketListener;} {m_194252_} {(Lnet/minecraft/network/protocol/game/ClientboundForgetLevelChunkPacket;)V}
[18May2025 23:38:12.356] [main/DEBUG] [cpw.mods.modlauncher.TransformStore/MODLAUNCHER]: Adding transformer net.minecraftforge.coremod.transformer.CoreModMethodTransformer@4bf80c29 to Target : METHOD {Lnet/minecraft/client/player/AbstractClientPlayer;} {m_108561_} {()Lnet/minecraft/resources/ResourceLocation;}
[18May2025 23:38:12.356] [main/DEBUG] [cpw.mods.modlauncher.TransformStore/MODLAUNCHER]: Adding transformer net.minecraftforge.coremod.transformer.CoreModMethodTransformer@2d7637e6 to Target : METHOD {Lnet/minecraft/world/entity/player/Player;} {m_36170_} {(Lnet/minecraft/world/entity/player/PlayerModelPart;)Z}
[18May2025 23:38:12.356] [main/DEBUG] [cpw.mods.modlauncher.TransformStore/MODLAUNCHER]: Adding transformer net.minecraftforge.coremod.transformer.CoreModMethodTransformer@515b9d4a to Target : METHOD {Lnet/minecraft/client/multiplayer/ClientPacketListener;} {m_5998_} {(Lnet/minecraft/network/protocol/game/ClientboundLoginPacket;)V}
[18May2025 23:38:12.356] [main/DEBUG] [cpw.mods.modlauncher.TransformStore/MODLAUNCHER]: Adding transformer net.minecraftforge.coremod.transformer.CoreModMethodTransformer@39b626e5 to Target : METHOD {Lnet/minecraft/client/multiplayer/ClientPacketListener;} {m_261044_} {()V}
[18May2025 23:38:12.356] [main/DEBUG] [cpw.mods.modlauncher.TransformStore/MODLAUNCHER]: Adding transformer net.minecraftforge.coremod.transformer.CoreModMethodTransformer@32a4ecbe to Target : METHOD {Lnet/minecraft/server/players/PlayerList;} {m_11229_} {(Lnet/minecraft/server/level/ServerPlayer;Lnet/minecraft/server/level/ServerLevel;)V}
[18May2025 23:38:12.357] [main/DEBUG] [cpw.mods.modlauncher.TransformStore/MODLAUNCHER]: Adding transformer net.minecraftforge.coremod.transformer.CoreModMethodTransformer@2e71240b to Target : METHOD {Lnet/minecraft/world/level/storage/LevelStorageSource$LevelStorageAccess;} {m_78311_} {()V}
[18May2025 23:38:12.357] [main/DEBUG] [cpw.mods.modlauncher.TransformStore/MODLAUNCHER]: Adding transformer net.minecraftforge.coremod.transformer.CoreModMethodTransformer@23cd5d42 to Target : METHOD {Lnet/minecraft/client/Minecraft;} {m_91383_} {(Z)V}
[18May2025 23:38:12.357] [main/DEBUG] [cpw.mods.modlauncher.TransformStore/MODLAUNCHER]: Adding transformer net.minecraftforge.coremod.transformer.CoreModMethodTransformer@2b44d6d0 to Target : METHOD {Lnet/minecraft/client/Minecraft;} {m_91383_} {(Z)V}
[18May2025 23:38:12.357] [main/DEBUG] [cpw.mods.modlauncher.TransformStore/MODLAUNCHER]: Adding transformer net.minecraftforge.coremod.transformer.CoreModMethodTransformer@3e900e1a to Target : METHOD {Lnet/minecraft/client/multiplayer/chat/ChatListener;} {m_240494_} {(Lnet/minecraft/network/chat/Component;Z)V}
[18May2025 23:38:12.357] [main/DEBUG] [cpw.mods.modlauncher.TransformStore/MODLAUNCHER]: Adding transformer net.minecraftforge.coremod.transformer.CoreModMethodTransformer@196624bf to Target : METHOD {Lnet/minecraft/client/multiplayer/chat/ChatListener;} {m_245141_} {(Lnet/minecraft/network/chat/Component;Lnet/minecraft/network/chat/ChatType$Bound;)V}
[18May2025 23:38:12.357] [main/DEBUG] [cpw.mods.modlauncher.TransformStore/MODLAUNCHER]: Adding transformer net.minecraftforge.coremod.transformer.CoreModMethodTransformer@50085d9c to Target : METHOD {Lnet/minecraft/client/multiplayer/ClientPacketListener;} {m_6571_} {(Lnet/minecraft/network/protocol/game/ClientboundSetDefaultSpawnPositionPacket;)V}
[18May2025 23:38:12.357] [main/DEBUG] [cpw.mods.modlauncher.TransformationServiceDecorator/MODLAUNCHER]: Initialized transformers for transformation service fml
[18May2025 23:38:13.172] [main/DEBUG] [mixin/]: Processing prepare() for PlatformAgent[MixinPlatformAgentDefault:ModLauncher Root Container(ModLauncher:4f56a0a2)]
[18May2025 23:38:13.173] [main/DEBUG] [mixin/]: Processing launch tasks for PlatformAgent[MixinPlatformAgentDefault:ModLauncher Root Container(ModLauncher:4f56a0a2)]
[18May2025 23:38:13.173] [main/DEBUG] [mixin/]: Adding mixin platform agents for container SecureJarResource(minecraft)
[18May2025 23:38:13.173] [main/DEBUG] [mixin/]: Instancing new MixinPlatformAgentMinecraftForge for SecureJarResource(minecraft)
[18May2025 23:38:13.173] [main/DEBUG] [mixin/]: MixinPlatformAgentMinecraftForge rejected container SecureJarResource(minecraft)
[18May2025 23:38:13.173] [main/DEBUG] [mixin/]: Instancing new MixinPlatformAgentDefault for SecureJarResource(minecraft)
[18May2025 23:38:13.174] [main/DEBUG] [mixin/]: MixinPlatformAgentDefault accepted container SecureJarResource(minecraft)
[18May2025 23:38:13.174] [main/DEBUG] [mixin/]: Processing prepare() for PlatformAgent[MixinPlatformAgentDefault:SecureJarResource(minecraft)]
[18May2025 23:38:13.174] [main/DEBUG] [mixin/]: Adding mixin platform agents for container SecureJarResource(tht)
[18May2025 23:38:13.174] [main/DEBUG] [mixin/]: Instancing new MixinPlatformAgentMinecraftForge for SecureJarResource(tht)
[18May2025 23:38:13.174] [main/DEBUG] [mixin/]: MixinPlatformAgentMinecraftForge rejected container SecureJarResource(tht)
[18May2025 23:38:13.175] [main/DEBUG] [mixin/]: Instancing new MixinPlatformAgentDefault for SecureJarResource(tht)
[18May2025 23:38:13.175] [main/DEBUG] [mixin/]: MixinPlatformAgentDefault accepted container SecureJarResource(tht)
[18May2025 23:38:13.175] [main/DEBUG] [mixin/]: Processing prepare() for PlatformAgent[MixinPlatformAgentDefault:SecureJarResource(tht)]
[18May2025 23:38:13.175] [main/DEBUG] [mixin/]: Adding mixin platform agents for container SecureJarResource(elytraslot)
[18May2025 23:38:13.175] [main/DEBUG] [mixin/]: Instancing new MixinPlatformAgentMinecraftForge for SecureJarResource(elytraslot)
[18May2025 23:38:13.176] [main/DEBUG] [mixin/]: MixinPlatformAgentMinecraftForge rejected container SecureJarResource(elytraslot)
[18May2025 23:38:13.176] [main/DEBUG] [mixin/]: Instancing new MixinPlatformAgentDefault for SecureJarResource(elytraslot)
[18May2025 23:38:13.176] [main/DEBUG] [mixin/]: MixinPlatformAgentDefault accepted container SecureJarResource(elytraslot)
[18May2025 23:38:13.176] [main/DEBUG] [mixin/]: Processing prepare() for PlatformAgent[MixinPlatformAgentDefault:SecureJarResource(elytraslot)]
[18May2025 23:38:13.176] [main/DEBUG] [mixin/]: Registering mixin config: elytraslot-integrations.mixins.json
[18May2025 23:38:13.190] [main/DEBUG] [mixin/]: Registering mixin config: elytraslot-forge-integrations.mixins.json
[18May2025 23:38:13.191] [main/DEBUG] [mixin/]: Adding mixin platform agents for container SecureJarResource(kuma_api)
[18May2025 23:38:13.192] [main/DEBUG] [mixin/]: Instancing new MixinPlatformAgentMinecraftForge for SecureJarResource(kuma_api)
[18May2025 23:38:13.192] [main/DEBUG] [mixin/]: MixinPlatformAgentMinecraftForge rejected container SecureJarResource(kuma_api)
[18May2025 23:38:13.192] [main/DEBUG] [mixin/]: Instancing new MixinPlatformAgentDefault for SecureJarResource(kuma_api)
[18May2025 23:38:13.192] [main/DEBUG] [mixin/]: MixinPlatformAgentDefault accepted container SecureJarResource(kuma_api)
[18May2025 23:38:13.192] [main/DEBUG] [mixin/]: Processing prepare() for PlatformAgent[MixinPlatformAgentDefault:SecureJarResource(kuma_api)]
[18May2025 23:38:13.193] [main/DEBUG] [mixin/]: Registering mixin config: kuma_api.mixins.json
[18May2025 23:38:13.195] [main/DEBUG] [mixin/]: Compatibility level JAVA_17 specified by kuma_api.mixins.json is higher than the maximum level supported by this version of mixin (JAVA_13).
[18May2025 23:38:13.197] [main/INFO] [mixin/]: Compatibility level set to JAVA_17
[18May2025 23:38:13.198] [main/DEBUG] [mixin/]: Registering mixin config: kuma_api.forge.mixins.json
[18May2025 23:38:13.202] [main/DEBUG] [mixin/]: Adding mixin platform agents for container SecureJarResource(terrablender)
[18May2025 23:38:13.202] [main/DEBUG] [mixin/]: Instancing new MixinPlatformAgentMinecraftForge for SecureJarResource(terrablender)
[18May2025 23:38:13.202] [main/DEBUG] [mixin/]: MixinPlatformAgentMinecraftForge rejected container SecureJarResource(terrablender)
[18May2025 23:38:13.203] [main/DEBUG] [mixin/]: Instancing new MixinPlatformAgentDefault for SecureJarResource(terrablender)
[18May2025 23:38:13.203] [main/DEBUG] [mixin/]: MixinPlatformAgentDefault accepted container SecureJarResource(terrablender)
[18May2025 23:38:13.204] [main/DEBUG] [mixin/]: Processing prepare() for PlatformAgent[MixinPlatformAgentDefault:SecureJarResource(terrablender)]
[18May2025 23:38:13.204] [main/DEBUG] [mixin/]: Registering mixin config: terrablender.mixins.json
[18May2025 23:38:13.205] [main/DEBUG] [mixin/]: Registering mixin config: terrablender_forge.mixins.json
[18May2025 23:38:13.208] [main/DEBUG] [mixin/]: Adding mixin platform agents for container SecureJarResource(trashslot)
[18May2025 23:38:13.208] [main/DEBUG] [mixin/]: Instancing new MixinPlatformAgentMinecraftForge for SecureJarResource(trashslot)
[18May2025 23:38:13.209] [main/DEBUG] [mixin/]: MixinPlatformAgentMinecraftForge rejected container SecureJarResource(trashslot)
[18May2025 23:38:13.211] [main/DEBUG] [mixin/]: Instancing new MixinPlatformAgentDefault for SecureJarResource(trashslot)
[18May2025 23:38:13.212] [main/DEBUG] [mixin/]: MixinPlatformAgentDefault accepted container SecureJarResource(trashslot)
[18May2025 23:38:13.212] [main/DEBUG] [mixin/]: Processing prepare() for PlatformAgent[MixinPlatformAgentDefault:SecureJarResource(trashslot)]
[18May2025 23:38:13.212] [main/DEBUG] [mixin/]: Registering mixin config: trashslot.mixins.json
[18May2025 23:38:13.213] [main/DEBUG] [mixin/]: Adding mixin platform agents for container SecureJarResource(mixinsquared)
[18May2025 23:38:13.213] [main/DEBUG] [mixin/]: Instancing new MixinPlatformAgentMinecraftForge for SecureJarResource(mixinsquared)
[18May2025 23:38:13.213] [main/DEBUG] [mixin/]: MixinPlatformAgentMinecraftForge rejected container SecureJarResource(mixinsquared)
[18May2025 23:38:13.213] [main/DEBUG] [mixin/]: Instancing new MixinPlatformAgentDefault for SecureJarResource(mixinsquared)
[18May2025 23:38:13.214] [main/DEBUG] [mixin/]: MixinPlatformAgentDefault accepted container SecureJarResource(mixinsquared)
[18May2025 23:38:13.214] [main/DEBUG] [mixin/]: Processing prepare() for PlatformAgent[MixinPlatformAgentDefault:SecureJarResource(mixinsquared)]
[18May2025 23:38:13.214] [main/DEBUG] [mixin/]: Registering mixin config: mixinsquared.init.mixins.json
[18May2025 23:38:13.216] [main/DEBUG] [mixin/]: Adding mixin platform agents for container SecureJarResource(jade)
[18May2025 23:38:13.218] [main/DEBUG] [mixin/]: Instancing new MixinPlatformAgentMinecraftForge for SecureJarResource(jade)
[18May2025 23:38:13.218] [main/DEBUG] [mixin/]: MixinPlatformAgentMinecraftForge rejected container SecureJarResource(jade)
[18May2025 23:38:13.218] [main/DEBUG] [mixin/]: Instancing new MixinPlatformAgentDefault for SecureJarResource(jade)
[18May2025 23:38:13.218] [main/DEBUG] [mixin/]: MixinPlatformAgentDefault accepted container SecureJarResource(jade)
[18May2025 23:38:13.218] [main/DEBUG] [mixin/]: Processing prepare() for PlatformAgent[MixinPlatformAgentDefault:SecureJarResource(jade)]
[18May2025 23:38:13.218] [main/DEBUG] [mixin/]: Registering mixin config: jade.mixins.json
[18May2025 23:38:13.220] [main/DEBUG] [mixin/]: Compatibility level JAVA_16 specified by jade.mixins.json is higher than the maximum level supported by this version of mixin (JAVA_13).
[18May2025 23:38:13.220] [main/DEBUG] [mixin/]: Adding mixin platform agents for container SecureJarResource(jei)
[18May2025 23:38:13.223] [main/DEBUG] [mixin/]: Instancing new MixinPlatformAgentMinecraftForge for SecureJarResource(jei)
[18May2025 23:38:13.223] [main/DEBUG] [mixin/]: MixinPlatformAgentMinecraftForge rejected container SecureJarResource(jei)
[18May2025 23:38:13.224] [main/DEBUG] [mixin/]: Instancing new MixinPlatformAgentDefault for SecureJarResource(jei)
[18May2025 23:38:13.224] [main/DEBUG] [mixin/]: MixinPlatformAgentDefault accepted container SecureJarResource(jei)
[18May2025 23:38:13.224] [main/DEBUG] [mixin/]: Processing prepare() for PlatformAgent[MixinPlatformAgentDefault:SecureJarResource(jei)]
[18May2025 23:38:13.224] [main/DEBUG] [mixin/]: Adding mixin platform agents for container SecureJarResource(spectrelib)
[18May2025 23:38:13.224] [main/DEBUG] [mixin/]: Instancing new MixinPlatformAgentMinecraftForge for SecureJarResource(spectrelib)
[18May2025 23:38:13.224] [main/DEBUG] [mixin/]: MixinPlatformAgentMinecraftForge rejected container SecureJarResource(spectrelib)
[18May2025 23:38:13.224] [main/DEBUG] [mixin/]: Instancing new MixinPlatformAgentDefault for SecureJarResource(spectrelib)
[18May2025 23:38:13.224] [main/DEBUG] [mixin/]: MixinPlatformAgentDefault accepted container SecureJarResource(spectrelib)
[18May2025 23:38:13.224] [main/DEBUG] [mixin/]: Processing prepare() for PlatformAgent[MixinPlatformAgentDefault:SecureJarResource(spectrelib)]
[18May2025 23:38:13.225] [main/DEBUG] [mixin/]: Adding mixin platform agents for container SecureJarResource(libraryferret)
[18May2025 23:38:13.225] [main/DEBUG] [mixin/]: Instancing new MixinPlatformAgentMinecraftForge for SecureJarResource(libraryferret)
[18May2025 23:38:13.225] [main/DEBUG] [mixin/]: MixinPlatformAgentMinecraftForge rejected container SecureJarResource(libraryferret)
[18May2025 23:38:13.225] [main/DEBUG] [mixin/]: Instancing new MixinPlatformAgentDefault for SecureJarResource(libraryferret)
[18May2025 23:38:13.225] [main/DEBUG] [mixin/]: MixinPlatformAgentDefault accepted container SecureJarResource(libraryferret)
[18May2025 23:38:13.225] [main/DEBUG] [mixin/]: Processing prepare() for PlatformAgent[MixinPlatformAgentDefault:SecureJarResource(libraryferret)]
[18May2025 23:38:13.225] [main/DEBUG] [mixin/]: Adding mixin platform agents for container SecureJarResource(goblintraders)
[18May2025 23:38:13.225] [main/DEBUG] [mixin/]: Instancing new MixinPlatformAgentMinecraftForge for SecureJarResource(goblintraders)
[18May2025 23:38:13.225] [main/DEBUG] [mixin/]: MixinPlatformAgentMinecraftForge rejected container SecureJarResource(goblintraders)
[18May2025 23:38:13.225] [main/DEBUG] [mixin/]: Instancing new MixinPlatformAgentDefault for SecureJarResource(goblintraders)
[18May2025 23:38:13.225] [main/DEBUG] [mixin/]: MixinPlatformAgentDefault accepted container SecureJarResource(goblintraders)
[18May2025 23:38:13.226] [main/DEBUG] [mixin/]: Processing prepare() for PlatformAgent[MixinPlatformAgentDefault:SecureJarResource(goblintraders)]
[18May2025 23:38:13.226] [main/DEBUG] [mixin/]: Registering mixin config: goblintraders.common.mixins.json
[18May2025 23:38:13.227] [main/DEBUG] [mixin/]: Adding mixin platform agents for container SecureJarResource(caelus)
[18May2025 23:38:13.228] [main/DEBUG] [mixin/]: Instancing new MixinPlatformAgentMinecraftForge for SecureJarResource(caelus)
[18May2025 23:38:13.228] [main/DEBUG] [mixin/]: MixinPlatformAgentMinecraftForge rejected container SecureJarResource(caelus)
[18May2025 23:38:13.228] [main/DEBUG] [mixin/]: Instancing new MixinPlatformAgentDefault for SecureJarResource(caelus)
[18May2025 23:38:13.229] [main/DEBUG] [mixin/]: MixinPlatformAgentDefault accepted container SecureJarResource(caelus)
[18May2025 23:38:13.229] [main/DEBUG] [mixin/]: Processing prepare() for PlatformAgent[MixinPlatformAgentDefault:SecureJarResource(caelus)]
[18May2025 23:38:13.229] [main/DEBUG] [mixin/]: Registering mixin config: caelus.mixins.json
[18May2025 23:38:13.230] [main/DEBUG] [mixin/]: Adding mixin platform agents for container SecureJarResource(sophisticatedcore)
[18May2025 23:38:13.230] [main/DEBUG] [mixin/]: Instancing new MixinPlatformAgentMinecraftForge for SecureJarResource(sophisticatedcore)
[18May2025 23:38:13.230] [main/DEBUG] [mixin/]: MixinPlatformAgentMinecraftForge rejected container SecureJarResource(sophisticatedcore)
[18May2025 23:38:13.230] [main/DEBUG] [mixin/]: Instancing new MixinPlatformAgentDefault for SecureJarResource(sophisticatedcore)
[18May2025 23:38:13.231] [main/DEBUG] [mixin/]: MixinPlatformAgentDefault accepted container SecureJarResource(sophisticatedcore)
[18May2025 23:38:13.231] [main/DEBUG] [mixin/]: Processing prepare() for PlatformAgent[MixinPlatformAgentDefault:SecureJarResource(sophisticatedcore)]
[18May2025 23:38:13.231] [main/DEBUG] [mixin/]: Adding mixin platform agents for container SecureJarResource(curios)
[18May2025 23:38:13.231] [main/DEBUG] [mixin/]: Instancing new MixinPlatformAgentMinecraftForge for SecureJarResource(curios)
[18May2025 23:38:13.231] [main/DEBUG] [mixin/]: MixinPlatformAgentMinecraftForge rejected container SecureJarResource(curios)
[18May2025 23:38:13.231] [main/DEBUG] [mixin/]: Instancing new MixinPlatformAgentDefault for SecureJarResource(curios)
[18May2025 23:38:13.232] [main/DEBUG] [mixin/]: MixinPlatformAgentDefault accepted container SecureJarResource(curios)
[18May2025 23:38:13.232] [main/DEBUG] [mixin/]: Processing prepare() for PlatformAgent[MixinPlatformAgentDefault:SecureJarResource(curios)]
[18May2025 23:38:13.232] [main/DEBUG] [mixin/]: Registering mixin config: curios.mixins.json
[18May2025 23:38:13.233] [main/DEBUG] [mixin/]: Adding mixin platform agents for container SecureJarResource(xaerominimap)
[18May2025 23:38:13.233] [main/DEBUG] [mixin/]: Instancing new MixinPlatformAgentMinecraftForge for SecureJarResource(xaerominimap)
[18May2025 23:38:13.233] [main/DEBUG] [mixin/]: MixinPlatformAgentMinecraftForge rejected container SecureJarResource(xaerominimap)
[18May2025 23:38:13.234] [main/DEBUG] [mixin/]: Instancing new MixinPlatformAgentDefault for SecureJarResource(xaerominimap)
[18May2025 23:38:13.234] [main/DEBUG] [mixin/]: MixinPlatformAgentDefault accepted container SecureJarResource(xaerominimap)
[18May2025 23:38:13.234] [main/DEBUG] [mixin/]: Processing prepare() for PlatformAgent[MixinPlatformAgentDefault:SecureJarResource(xaerominimap)]
[18May2025 23:38:13.234] [main/DEBUG] [mixin/]: Adding mixin platform agents for container SecureJarResource(xaeroworldmap)
[18May2025 23:38:13.234] [main/DEBUG] [mixin/]: Instancing new MixinPlatformAgentMinecraftForge for SecureJarResource(xaeroworldmap)
[18May2025 23:38:13.234] [main/DEBUG] [mixin/]: MixinPlatformAgentMinecraftForge rejected container SecureJarResource(xaeroworldmap)
[18May2025 23:38:13.235] [main/DEBUG] [mixin/]: Instancing new MixinPlatformAgentDefault for SecureJarResource(xaeroworldmap)
[18May2025 23:38:13.235] [main/DEBUG] [mixin/]: MixinPlatformAgentDefault accepted container SecureJarResource(xaeroworldmap)
[18May2025 23:38:13.235] [main/DEBUG] [mixin/]: Processing prepare() for PlatformAgent[MixinPlatformAgentDefault:SecureJarResource(xaeroworldmap)]
[18May2025 23:38:13.235] [main/DEBUG] [mixin/]: Adding mixin platform agents for container SecureJarResource(jumpoverfences)
[18May2025 23:38:13.235] [main/DEBUG] [mixin/]: Instancing new MixinPlatformAgentMinecraftForge for SecureJarResource(jumpoverfences)
[18May2025 23:38:13.235] [main/DEBUG] [mixin/]: MixinPlatformAgentMinecraftForge rejected container SecureJarResource(jumpoverfences)
[18May2025 23:38:13.236] [main/DEBUG] [mixin/]: Instancing new MixinPlatformAgentDefault for SecureJarResource(jumpoverfences)
[18May2025 23:38:13.236] [main/DEBUG] [mixin/]: MixinPlatformAgentDefault accepted container SecureJarResource(jumpoverfences)
[18May2025 23:38:13.236] [main/DEBUG] [mixin/]: Processing prepare() for PlatformAgent[MixinPlatformAgentDefault:SecureJarResource(jumpoverfences)]
[18May2025 23:38:13.236] [main/DEBUG] [mixin/]: Adding mixin platform agents for container SecureJarResource(comforts)
[18May2025 23:38:13.236] [main/DEBUG] [mixin/]: Instancing new MixinPlatformAgentMinecraftForge for SecureJarResource(comforts)
[18May2025 23:38:13.236] [main/DEBUG] [mixin/]: MixinPlatformAgentMinecraftForge rejected container SecureJarResource(comforts)
[18May2025 23:38:13.236] [main/DEBUG] [mixin/]: Instancing new MixinPlatformAgentDefault for SecureJarResource(comforts)
[18May2025 23:38:13.237] [main/DEBUG] [mixin/]: MixinPlatformAgentDefault accepted container SecureJarResource(comforts)
[18May2025 23:38:13.237] [main/DEBUG] [mixin/]: Processing prepare() for PlatformAgent[MixinPlatformAgentDefault:SecureJarResource(comforts)]
[18May2025 23:38:13.237] [main/DEBUG] [mixin/]: Registering mixin config: comforts.mixins.json
[18May2025 23:38:13.238] [main/DEBUG] [mixin/]: Adding mixin platform agents for container SecureJarResource(securitycraft)
[18May2025 23:38:13.238] [main/DEBUG] [mixin/]: Instancing new MixinPlatformAgentMinecraftForge for SecureJarResource(securitycraft)
[18May2025 23:38:13.239] [main/DEBUG] [mixin/]: MixinPlatformAgentMinecraftForge rejected container SecureJarResource(securitycraft)
[18May2025 23:38:13.239] [main/DEBUG] [mixin/]: Instancing new MixinPlatformAgentDefault for SecureJarResource(securitycraft)
[18May2025 23:38:13.239] [main/DEBUG] [mixin/]: MixinPlatformAgentDefault accepted container SecureJarResource(securitycraft)
[18May2025 23:38:13.239] [main/DEBUG] [mixin/]: Processing prepare() for PlatformAgent[MixinPlatformAgentDefault:SecureJarResource(securitycraft)]
[18May2025 23:38:13.239] [main/DEBUG] [mixin/]: Registering mixin config: securitycraft.mixins.json
[18May2025 23:38:13.241] [main/DEBUG] [mixin/]: Adding mixin platform agents for container SecureJarResource(bettervillage)
[18May2025 23:38:13.241] [main/DEBUG] [mixin/]: Instancing new MixinPlatformAgentMinecraftForge for SecureJarResource(bettervillage)
[18May2025 23:38:13.241] [main/DEBUG] [mixin/]: MixinPlatformAgentMinecraftForge rejected container SecureJarResource(bettervillage)
[18May2025 23:38:13.241] [main/DEBUG] [mixin/]: Instancing new MixinPlatformAgentDefault for SecureJarResource(bettervillage)
[18May2025 23:38:13.242] [main/DEBUG] [mixin/]: MixinPlatformAgentDefault accepted container SecureJarResource(bettervillage)
[18May2025 23:38:13.242] [main/DEBUG] [mixin/]: Processing prepare() for PlatformAgent[MixinPlatformAgentDefault:SecureJarResource(bettervillage)]
[18May2025 23:38:13.242] [main/DEBUG] [mixin/]: Registering mixin config: bettervillage.mixins.json
[18May2025 23:38:13.245] [main/DEBUG] [mixin/]: Adding mixin platform agents for container SecureJarResource(mixinextras)
[18May2025 23:38:13.245] [main/DEBUG] [mixin/]: Instancing new MixinPlatformAgentMinecraftForge for SecureJarResource(mixinextras)
[18May2025 23:38:13.245] [main/DEBUG] [mixin/]: MixinPlatformAgentMinecraftForge rejected container SecureJarResource(mixinextras)
[18May2025 23:38:13.245] [main/DEBUG] [mixin/]: Instancing new MixinPlatformAgentDefault for SecureJarResource(mixinextras)
[18May2025 23:38:13.245] [main/DEBUG] [mixin/]: MixinPlatformAgentDefault accepted container SecureJarResource(mixinextras)
[18May2025 23:38:13.245] [main/DEBUG] [mixin/]: Processing prepare() for PlatformAgent[MixinPlatformAgentDefault:SecureJarResource(mixinextras)]
[18May2025 23:38:13.245] [main/DEBUG] [mixin/]: Registering mixin config: mixinextras.init.mixins.json
[18May2025 23:38:13.247] [main/DEBUG] [mixin/]: Adding mixin platform agents for container SecureJarResource(tombstone)
[18May2025 23:38:13.248] [main/DEBUG] [mixin/]: Instancing new MixinPlatformAgentMinecraftForge for SecureJarResource(tombstone)
[18May2025 23:38:13.248] [main/DEBUG] [mixin/]: MixinPlatformAgentMinecraftForge rejected container SecureJarResource(tombstone)
[18May2025 23:38:13.248] [main/DEBUG] [mixin/]: Instancing new MixinPlatformAgentDefault for SecureJarResource(tombstone)
[18May2025 23:38:13.248] [main/DEBUG] [mixin/]: MixinPlatformAgentDefault accepted container SecureJarResource(tombstone)
[18May2025 23:38:13.248] [main/DEBUG] [mixin/]: Processing prepare() for PlatformAgent[MixinPlatformAgentDefault:SecureJarResource(tombstone)]
[18May2025 23:38:13.249] [main/DEBUG] [mixin/]: Registering mixin config: tombstone.mixins.json
[18May2025 23:38:13.250] [main/DEBUG] [mixin/]: Adding mixin platform agents for container SecureJarResource(glitchcore)
[18May2025 23:38:13.253] [main/DEBUG] [mixin/]: Instancing new MixinPlatformAgentMinecraftForge for SecureJarResource(glitchcore)
[18May2025 23:38:13.253] [main/DEBUG] [mixin/]: MixinPlatformAgentMinecraftForge rejected container SecureJarResource(glitchcore)
[18May2025 23:38:13.254] [main/DEBUG] [mixin/]: Instancing new MixinPlatformAgentDefault for SecureJarResource(glitchcore)
[18May2025 23:38:13.254] [main/DEBUG] [mixin/]: MixinPlatformAgentDefault accepted container SecureJarResource(glitchcore)
[18May2025 23:38:13.254] [main/DEBUG] [mixin/]: Processing prepare() for PlatformAgent[MixinPlatformAgentDefault:SecureJarResource(glitchcore)]
[18May2025 23:38:13.254] [main/DEBUG] [mixin/]: Registering mixin config: glitchcore.mixins.json
[18May2025 23:38:13.255] [main/DEBUG] [mixin/]: Registering mixin config: glitchcore.forge.mixins.json
[18May2025 23:38:13.259] [main/DEBUG] [mixin/]: Adding mixin platform agents for container SecureJarResource(biomesoplenty)
[18May2025 23:38:13.259] [main/DEBUG] [mixin/]: Instancing new MixinPlatformAgentMinecraftForge for SecureJarResource(biomesoplenty)
[18May2025 23:38:13.260] [main/DEBUG] [mixin/]: MixinPlatformAgentMinecraftForge rejected container SecureJarResource(biomesoplenty)
[18May2025 23:38:13.260] [main/DEBUG] [mixin/]: Instancing new MixinPlatformAgentDefault for SecureJarResource(biomesoplenty)
[18May2025 23:38:13.260] [main/DEBUG] [mixin/]: MixinPlatformAgentDefault accepted container SecureJarResource(biomesoplenty)
[18May2025 23:38:13.260] [main/DEBUG] [mixin/]: Processing prepare() for PlatformAgent[MixinPlatformAgentDefault:SecureJarResource(biomesoplenty)]
[18May2025 23:38:13.260] [main/DEBUG] [mixin/]: Registering mixin config: biomesoplenty.mixins.json
[18May2025 23:38:13.261] [main/DEBUG] [mixin/]: Registering mixin config: biomesoplenty.forge.mixins.json
[18May2025 23:38:13.262] [main/DEBUG] [mixin/]: Adding mixin platform agents for container SecureJarResource(sophisticatedbackpacks)
[18May2025 23:38:13.265] [main/DEBUG] [mixin/]: Instancing new MixinPlatformAgentMinecraftForge for SecureJarResource(sophisticatedbackpacks)
[18May2025 23:38:13.266] [main/DEBUG] [mixin/]: MixinPlatformAgentMinecraftForge rejected container SecureJarResource(sophisticatedbackpacks)
[18May2025 23:38:13.266] [main/DEBUG] [mixin/]: Instancing new MixinPlatformAgentDefault for SecureJarResource(sophisticatedbackpacks)
[18May2025 23:38:13.266] [main/DEBUG] [mixin/]: MixinPlatformAgentDefault accepted container SecureJarResource(sophisticatedbackpacks)
[18May2025 23:38:13.266] [main/DEBUG] [mixin/]: Processing prepare() for PlatformAgent[MixinPlatformAgentDefault:SecureJarResource(sophisticatedbackpacks)]
[18May2025 23:38:13.266] [main/DEBUG] [mixin/]: Adding mixin platform agents for container SecureJarResource(architectury)
[18May2025 23:38:13.266] [main/DEBUG] [mixin/]: Instancing new MixinPlatformAgentMinecraftForge for SecureJarResource(architectury)
[18May2025 23:38:13.266] [main/DEBUG] [mixin/]: MixinPlatformAgentMinecraftForge rejected container SecureJarResource(architectury)
[18May2025 23:38:13.266] [main/DEBUG] [mixin/]: Instancing new MixinPlatformAgentDefault for SecureJarResource(architectury)
[18May2025 23:38:13.266] [main/DEBUG] [mixin/]: MixinPlatformAgentDefault accepted container SecureJarResource(architectury)
[18May2025 23:38:13.266] [main/DEBUG] [mixin/]: Processing prepare() for PlatformAgent[MixinPlatformAgentDefault:SecureJarResource(architectury)]
[18May2025 23:38:13.266] [main/DEBUG] [mixin/]: Registering mixin config: architectury.mixins.json
[18May2025 23:38:13.268] [main/DEBUG] [mixin/]: Compatibility level JAVA_16 specified by architectury.mixins.json is higher than the maximum level supported by this version of mixin (JAVA_13).
[18May2025 23:38:13.268] [main/DEBUG] [mixin/]: Registering mixin config: architectury-common.mixins.json
[18May2025 23:38:13.269] [main/DEBUG] [mixin/]: Compatibility level JAVA_16 specified by architectury-common.mixins.json is higher than the maximum level supported by this version of mixin (JAVA_13).
[18May2025 23:38:13.273] [main/DEBUG] [mixin/]: Adding mixin platform agents for container SecureJarResource(mca)
[18May2025 23:38:13.273] [main/DEBUG] [mixin/]: Instancing new MixinPlatformAgentMinecraftForge for SecureJarResource(mca)
[18May2025 23:38:13.273] [main/DEBUG] [mixin/]: MixinPlatformAgentMinecraftForge rejected container SecureJarResource(mca)
[18May2025 23:38:13.273] [main/DEBUG] [mixin/]: Instancing new MixinPlatformAgentDefault for SecureJarResource(mca)
[18May2025 23:38:13.273] [main/DEBUG] [mixin/]: MixinPlatformAgentDefault accepted container SecureJarResource(mca)
[18May2025 23:38:13.273] [main/DEBUG] [mixin/]: Processing prepare() for PlatformAgent[MixinPlatformAgentDefault:SecureJarResource(mca)]
[18May2025 23:38:13.273] [main/DEBUG] [mixin/]: Registering mixin config: forge-mca.mixin.json
[18May2025 23:38:13.274] [main/DEBUG] [mixin/]: Adding mixin platform agents for container SecureJarResource(ferritecore)
[18May2025 23:38:13.277] [main/DEBUG] [mixin/]: Instancing new MixinPlatformAgentMinecraftForge for SecureJarResource(ferritecore)
[18May2025 23:38:13.277] [main/DEBUG] [mixin/]: MixinPlatformAgentMinecraftForge rejected container SecureJarResource(ferritecore)
[18May2025 23:38:13.278] [main/DEBUG] [mixin/]: Instancing new MixinPlatformAgentDefault for SecureJarResource(ferritecore)
[18May2025 23:38:13.278] [main/DEBUG] [mixin/]: MixinPlatformAgentDefault accepted container SecureJarResource(ferritecore)
[18May2025 23:38:13.278] [main/DEBUG] [mixin/]: Processing prepare() for PlatformAgent[MixinPlatformAgentDefault:SecureJarResource(ferritecore)]
[18May2025 23:38:13.278] [main/DEBUG] [mixin/]: Registering mixin config: ferritecore.predicates.mixin.json
[18May2025 23:38:13.279] [main/DEBUG] [mixin/]: Registering mixin config: ferritecore.fastmap.mixin.json
[18May2025 23:38:13.280] [main/DEBUG] [mixin/]: Registering mixin config: ferritecore.mrl.mixin.json
[18May2025 23:38:13.285] [main/DEBUG] [mixin/]: Registering mixin config: ferritecore.dedupmultipart.mixin.json
[18May2025 23:38:13.287] [main/DEBUG] [mixin/]: Registering mixin config: ferritecore.blockstatecache.mixin.json
[18May2025 23:38:13.289] [main/DEBUG] [mixin/]: Registering mixin config: ferritecore.dedupbakedquad.mixin.json
[18May2025 23:38:13.291] [main/DEBUG] [mixin/]: Registering mixin config: ferritecore.threaddetec.mixin.json
[18May2025 23:38:13.293] [main/DEBUG] [mixin/]: Registering mixin config: ferritecore.modelsides.mixin.json
[18May2025 23:38:13.294] [main/DEBUG] [mixin/]: Adding mixin platform agents for container SecureJarResource(balm)
[18May2025 23:38:13.297] [main/DEBUG] [mixin/]: Instancing new MixinPlatformAgentMinecraftForge for SecureJarResource(balm)
[18May2025 23:38:13.297] [main/DEBUG] [mixin/]: MixinPlatformAgentMinecraftForge rejected container SecureJarResource(balm)
[18May2025 23:38:13.298] [main/DEBUG] [mixin/]: Instancing new MixinPlatformAgentDefault for SecureJarResource(balm)
[18May2025 23:38:13.298] [main/DEBUG] [mixin/]: MixinPlatformAgentDefault accepted container SecureJarResource(balm)
[18May2025 23:38:13.298] [main/DEBUG] [mixin/]: Processing prepare() for PlatformAgent[MixinPlatformAgentDefault:SecureJarResource(balm)]
[18May2025 23:38:13.298] [main/DEBUG] [mixin/]: Registering mixin config: balm.mixins.json
[18May2025 23:38:13.299] [main/DEBUG] [mixin/]: Adding mixin platform agents for container SecureJarResource(refurbished_furniture)
[18May2025 23:38:13.299] [main/DEBUG] [mixin/]: Instancing new MixinPlatformAgentMinecraftForge for SecureJarResource(refurbished_furniture)
[18May2025 23:38:13.299] [main/DEBUG] [mixin/]: MixinPlatformAgentMinecraftForge rejected container SecureJarResource(refurbished_furniture)
[18May2025 23:38:13.299] [main/DEBUG] [mixin/]: Instancing new MixinPlatformAgentDefault for SecureJarResource(refurbished_furniture)
[18May2025 23:38:13.299] [main/DEBUG] [mixin/]: MixinPlatformAgentDefault accepted container SecureJarResource(refurbished_furniture)
[18May2025 23:38:13.299] [main/DEBUG] [mixin/]: Processing prepare() for PlatformAgent[MixinPlatformAgentDefault:SecureJarResource(refurbished_furniture)]
[18May2025 23:38:13.299] [main/DEBUG] [mixin/]: Registering mixin config: refurbished_furniture.common.mixins.json
[18May2025 23:38:13.301] [main/DEBUG] [mixin/]: Adding mixin platform agents for container SecureJarResource(framework)
[18May2025 23:38:13.303] [main/DEBUG] [mixin/]: Instancing new MixinPlatformAgentMinecraftForge for SecureJarResource(framework)
[18May2025 23:38:13.303] [main/DEBUG] [mixin/]: MixinPlatformAgentMinecraftForge rejected container SecureJarResource(framework)
[18May2025 23:38:13.303] [main/DEBUG] [mixin/]: Instancing new MixinPlatformAgentDefault for SecureJarResource(framework)
[18May2025 23:38:13.303] [main/DEBUG] [mixin/]: MixinPlatformAgentDefault accepted container SecureJarResource(framework)
[18May2025 23:38:13.304] [main/DEBUG] [mixin/]: Processing prepare() for PlatformAgent[MixinPlatformAgentDefault:SecureJarResource(framework)]
[18May2025 23:38:13.304] [main/DEBUG] [mixin/]: Adding mixin platform agents for container SecureJarResource(fallingtree)
[18May2025 23:38:13.304] [main/DEBUG] [mixin/]: Instancing new MixinPlatformAgentMinecraftForge for SecureJarResource(fallingtree)
[18May2025 23:38:13.304] [main/DEBUG] [mixin/]: MixinPlatformAgentMinecraftForge rejected container SecureJarResource(fallingtree)
[18May2025 23:38:13.304] [main/DEBUG] [mixin/]: Instancing new MixinPlatformAgentDefault for SecureJarResource(fallingtree)
[18May2025 23:38:13.304] [main/DEBUG] [mixin/]: MixinPlatformAgentDefault accepted container SecureJarResource(fallingtree)
[18May2025 23:38:13.304] [main/DEBUG] [mixin/]: Processing prepare() for PlatformAgent[MixinPlatformAgentDefault:SecureJarResource(fallingtree)]
[18May2025 23:38:13.304] [main/DEBUG] [mixin/]: Adding mixin platform agents for container SecureJarResource(forge)
[18May2025 23:38:13.304] [main/DEBUG] [mixin/]: Instancing new MixinPlatformAgentMinecraftForge for SecureJarResource(forge)
[18May2025 23:38:13.304] [main/DEBUG] [mixin/]: MixinPlatformAgentMinecraftForge rejected container SecureJarResource(forge)
[18May2025 23:38:13.304] [main/DEBUG] [mixin/]: Instancing new MixinPlatformAgentDefault for SecureJarResource(forge)
[18May2025 23:38:13.305] [main/DEBUG] [mixin/]: MixinPlatformAgentDefault accepted container SecureJarResource(forge)
[18May2025 23:38:13.305] [main/DEBUG] [mixin/]: Processing prepare() for PlatformAgent[MixinPlatformAgentDefault:SecureJarResource(forge)]
[18May2025 23:38:13.305] [main/DEBUG] [mixin/]: Adding mixin platform agents for container SecureJarResource(MixinSquared.beta._6)
[18May2025 23:38:13.305] [main/DEBUG] [mixin/]: Instancing new MixinPlatformAgentMinecraftForge for SecureJarResource(MixinSquared.beta._6)
[18May2025 23:38:13.305] [main/DEBUG] [mixin/]: MixinPlatformAgentMinecraftForge rejected container SecureJarResource(MixinSquared.beta._6)
[18May2025 23:38:13.305] [main/DEBUG] [mixin/]: Instancing new MixinPlatformAgentDefault for SecureJarResource(MixinSquared.beta._6)
[18May2025 23:38:13.305] [main/DEBUG] [mixin/]: MixinPlatformAgentDefault accepted container SecureJarResource(MixinSquared.beta._6)
[18May2025 23:38:13.305] [main/DEBUG] [mixin/]: Processing prepare() for PlatformAgent[MixinPlatformAgentDefault:SecureJarResource(MixinSquared.beta._6)]
[18May2025 23:38:13.305] [main/DEBUG] [mixin/]: Adding mixin platform agents for container SecureJarResource(MixinExtras)
[18May2025 23:38:13.305] [main/DEBUG] [mixin/]: Instancing new MixinPlatformAgentMinecraftForge for SecureJarResource(MixinExtras)
[18May2025 23:38:13.305] [main/DEBUG] [mixin/]: MixinPlatformAgentMinecraftForge rejected container SecureJarResource(MixinExtras)
[18May2025 23:38:13.305] [main/DEBUG] [mixin/]: Instancing new MixinPlatformAgentDefault for SecureJarResource(MixinExtras)
[18May2025 23:38:13.305] [main/DEBUG] [mixin/]: MixinPlatformAgentDefault accepted container SecureJarResource(MixinExtras)
[18May2025 23:38:13.305] [main/DEBUG] [mixin/]: Processing prepare() for PlatformAgent[MixinPlatformAgentDefault:SecureJarResource(MixinExtras)]
[18May2025 23:38:13.305] [main/DEBUG] [mixin/]: inject() running with 37 agents
[18May2025 23:38:13.306] [main/DEBUG] [mixin/]: Processing inject() for PlatformAgent[MixinPlatformAgentDefault:ModLauncher Root Container(ModLauncher:4f56a0a2)]
[18May2025 23:38:13.306] [main/DEBUG] [mixin/]: Processing inject() for PlatformAgent[MixinPlatformAgentDefault:SecureJarResource(minecraft)]
[18May2025 23:38:13.306] [main/DEBUG] [mixin/]: Processing inject() for PlatformAgent[MixinPlatformAgentDefault:SecureJarResource(tht)]
[18May2025 23:38:13.306] [main/DEBUG] [mixin/]: Processing inject() for PlatformAgent[MixinPlatformAgentDefault:SecureJarResource(elytraslot)]
[18May2025 23:38:13.306] [main/DEBUG] [mixin/]: Processing inject() for PlatformAgent[MixinPlatformAgentDefault:SecureJarResource(kuma_api)]
[18May2025 23:38:13.306] [main/DEBUG] [mixin/]: Processing inject() for PlatformAgent[MixinPlatformAgentDefault:SecureJarResource(terrablender)]
[18May2025 23:38:13.306] [main/DEBUG] [mixin/]: Processing inject() for PlatformAgent[MixinPlatformAgentDefault:SecureJarResource(trashslot)]
[18May2025 23:38:13.306] [main/DEBUG] [mixin/]: Processing inject() for PlatformAgent[MixinPlatformAgentDefault:SecureJarResource(mixinsquared)]
[18May2025 23:38:13.306] [main/DEBUG] [mixin/]: Processing inject() for PlatformAgent[MixinPlatformAgentDefault:SecureJarResource(jade)]
[18May2025 23:38:13.306] [main/DEBUG] [mixin/]: Processing inject() for PlatformAgent[MixinPlatformAgentDefault:SecureJarResource(jei)]
[18May2025 23:38:13.306] [main/DEBUG] [mixin/]: Processing inject() for PlatformAgent[MixinPlatformAgentDefault:SecureJarResource(spectrelib)]
[18May2025 23:38:13.306] [main/DEBUG] [mixin/]: Processing inject() for PlatformAgent[MixinPlatformAgentDefault:SecureJarResource(libraryferret)]
[18May2025 23:38:13.306] [main/DEBUG] [mixin/]: Processing inject() for PlatformAgent[MixinPlatformAgentDefault:SecureJarResource(goblintraders)]
[18May2025 23:38:13.306] [main/DEBUG] [mixin/]: Processing inject() for PlatformAgent[MixinPlatformAgentDefault:SecureJarResource(caelus)]
[18May2025 23:38:13.306] [main/DEBUG] [mixin/]: Processing inject() for PlatformAgent[MixinPlatformAgentDefault:SecureJarResource(sophisticatedcore)]
[18May2025 23:38:13.306] [main/DEBUG] [mixin/]: Processing inject() for PlatformAgent[MixinPlatformAgentDefault:SecureJarResource(curios)]
[18May2025 23:38:13.306] [main/DEBUG] [mixin/]: Processing inject() for PlatformAgent[MixinPlatformAgentDefault:SecureJarResource(xaerominimap)]
[18May2025 23:38:13.306] [main/DEBUG] [mixin/]: Processing inject() for PlatformAgent[MixinPlatformAgentDefault:SecureJarResource(xaeroworldmap)]
[18May2025 23:38:13.306] [main/DEBUG] [mixin/]: Processing inject() for PlatformAgent[MixinPlatformAgentDefault:SecureJarResource(jumpoverfences)]
[18May2025 23:38:13.306] [main/DEBUG] [mixin/]: Processing inject() for PlatformAgent[MixinPlatformAgentDefault:SecureJarResource(comforts)]
[18May2025 23:38:13.307] [main/DEBUG] [mixin/]: Processing inject() for PlatformAgent[MixinPlatformAgentDefault:SecureJarResource(securitycraft)]
[18May2025 23:38:13.307] [main/DEBUG] [mixin/]: Processing inject() for PlatformAgent[MixinPlatformAgentDefault:SecureJarResource(bettervillage)]
[18May2025 23:38:13.307] [main/DEBUG] [mixin/]: Processing inject() for PlatformAgent[MixinPlatformAgentDefault:SecureJarResource(mixinextras)]
[18May2025 23:38:13.307] [main/DEBUG] [mixin/]: Processing inject() for PlatformAgent[MixinPlatformAgentDefault:SecureJarResource(tombstone)]
[18May2025 23:38:13.307] [main/DEBUG] [mixin/]: Processing inject() for PlatformAgent[MixinPlatformAgentDefault:SecureJarResource(glitchcore)]
[18May2025 23:38:13.307] [main/DEBUG] [mixin/]: Processing inject() for PlatformAgent[MixinPlatformAgentDefault:SecureJarResource(biomesoplenty)]
[18May2025 23:38:13.307] [main/DEBUG] [mixin/]: Processing inject() for PlatformAgent[MixinPlatformAgentDefault:SecureJarResource(sophisticatedbackpacks)]
[18May2025 23:38:13.307] [main/DEBUG] [mixin/]: Processing inject() for PlatformAgent[MixinPlatformAgentDefault:SecureJarResource(architectury)]
[18May2025 23:38:13.307] [main/DEBUG] [mixin/]: Processing inject() for PlatformAgent[MixinPlatformAgentDefault:SecureJarResource(mca)]
[18May2025 23:38:13.307] [main/DEBUG] [mixin/]: Processing inject() for PlatformAgent[MixinPlatformAgentDefault:SecureJarResource(ferritecore)]
[18May2025 23:38:13.307] [main/DEBUG] [mixin/]: Processing inject() for PlatformAgent[MixinPlatformAgentDefault:SecureJarResource(balm)]
[18May2025 23:38:13.307] [main/DEBUG] [mixin/]: Processing inject() for PlatformAgent[MixinPlatformAgentDefault:SecureJarResource(refurbished_furniture)]
[18May2025 23:38:13.307] [main/DEBUG] [mixin/]: Processing inject() for PlatformAgent[MixinPlatformAgentDefault:SecureJarResource(framework)]
[18May2025 23:38:13.307] [main/DEBUG] [mixin/]: Processing inject() for PlatformAgent[MixinPlatformAgentDefault:SecureJarResource(fallingtree)]
[18May2025 23:38:13.307] [main/DEBUG] [mixin/]: Processing inject() for PlatformAgent[MixinPlatformAgentDefault:SecureJarResource(forge)]
[18May2025 23:38:13.309] [main/DEBUG] [mixin/]: Processing inject() for PlatformAgent[MixinPlatformAgentDefault:SecureJarResource(MixinSquared.beta._6)]
[18May2025 23:38:13.309] [main/DEBUG] [mixin/]: Processing inject() for PlatformAgent[MixinPlatformAgentDefault:SecureJarResource(MixinExtras)]
[18May2025 23:38:13.309] [main/INFO] [cpw.mods.modlauncher.LaunchServiceHandler/MODLAUNCHER]: Launching target 'forgeserver' with arguments [nogui]
[18May2025 23:38:13.339] [main/DEBUG] [mixin/]: Error cleaning class output directory: .mixin.out
[18May2025 23:38:13.340] [main/DEBUG] [mixin/]: Preparing mixins for MixinEnvironment[DEFAULT]
[18May2025 23:38:13.340] [main/DEBUG] [mixin/]: Selecting config elytraslot-integrations.mixins.json
[18May2025 23:38:13.359] [main/DEBUG] [mixin/]: Selecting config elytraslot-forge-integrations.mixins.json
[18May2025 23:38:13.360] [main/DEBUG] [mixin/]: Selecting config kuma_api.mixins.json
[18May2025 23:38:13.361] [main/DEBUG] [mixin/]: Selecting config kuma_api.forge.mixins.json
[18May2025 23:38:13.364] [main/DEBUG] [mixin/]: Selecting config terrablender.mixins.json
[18May2025 23:38:13.365] [main/DEBUG] [mixin/]: Selecting config terrablender_forge.mixins.json
[18May2025 23:38:13.368] [main/DEBUG] [mixin/]: Selecting config trashslot.mixins.json
[18May2025 23:38:13.371] [main/WARN] [mixin/]: Reference map 'trashslot.refmap.json' for trashslot.mixins.json could not be read. If this is a development environment you can ignore this message
[18May2025 23:38:13.373] [main/DEBUG] [mixin/]: Selecting config mixinsquared.init.mixins.json
[18May2025 23:38:13.392] [main/DEBUG] [mixin/]: Registering new target selector for @mixinsquared:handler with com.bawnorton.mixinsquared.selector.DynamicSelectorHandler
[18May2025 23:38:13.408] [main/DEBUG] [mixin/]: Selecting config jade.mixins.json
[18May2025 23:38:13.409] [main/DEBUG] [mixin/]: Selecting config goblintraders.common.mixins.json
[18May2025 23:38:13.410] [main/DEBUG] [mixin/]: Selecting config caelus.mixins.json
[18May2025 23:38:13.411] [main/DEBUG] [mixin/]: Selecting config curios.mixins.json
[18May2025 23:38:13.412] [main/DEBUG] [mixin/]: Selecting config comforts.mixins.json
[18May2025 23:38:13.413] [main/DEBUG] [mixin/]: Selecting config securitycraft.mixins.json
[18May2025 23:38:13.415] [main/DEBUG] [mixin/]: Selecting config bettervillage.mixins.json
[18May2025 23:38:13.416] [main/DEBUG] [mixin/]: Selecting config mixinextras.init.mixins.json
[18May2025 23:38:13.449] [main/DEBUG] [MixinExtras|Service/]: com.llamalad7.mixinextras.service.MixinExtrasServiceImpl(version=0.4.1) is taking over from null
[18May2025 23:38:13.480] [main/DEBUG] [mixin/]: Registering new injector for @Inject with org.spongepowered.asm.mixin.injection.struct.CallbackInjectionInfo
[18May2025 23:38:13.482] [main/DEBUG] [mixin/]: Registering new injector for @ModifyArg with org.spongepowered.asm.mixin.injection.struct.ModifyArgInjectionInfo
[18May2025 23:38:13.483] [main/DEBUG] [mixin/]: Registering new injector for @ModifyArgs with org.spongepowered.asm.mixin.injection.struct.ModifyArgsInjectionInfo
[18May2025 23:38:13.484] [main/DEBUG] [mixin/]: Registering new injector for @Redirect with org.spongepowered.asm.mixin.injection.struct.RedirectInjectionInfo
[18May2025 23:38:13.485] [main/DEBUG] [mixin/]: Registering new injector for @ModifyVariable with org.spongepowered.asm.mixin.injection.struct.ModifyVariableInjectionInfo
[18May2025 23:38:13.486] [main/DEBUG] [mixin/]: Registering new injector for @ModifyConstant with org.spongepowered.asm.mixin.injection.struct.ModifyConstantInjectionInfo
[18May2025 23:38:13.500] [main/DEBUG] [mixin/]: Selecting config tombstone.mixins.json
[18May2025 23:38:13.503] [main/DEBUG] [mixin/]: Selecting config glitchcore.mixins.json
[18May2025 23:38:13.507] [main/DEBUG] [mixin/]: Selecting config glitchcore.forge.mixins.json
[18May2025 23:38:13.509] [main/DEBUG] [mixin/]: Selecting config biomesoplenty.mixins.json
[18May2025 23:38:13.509] [main/DEBUG] [mixin/]: Selecting config biomesoplenty.forge.mixins.json
[18May2025 23:38:13.513] [main/DEBUG] [mixin/]: Selecting config architectury.mixins.json
[18May2025 23:38:13.515] [main/DEBUG] [mixin/]: Selecting config architectury-common.mixins.json
[18May2025 23:38:13.519] [main/DEBUG] [mixin/]: Selecting config forge-mca.mixin.json
[18May2025 23:38:13.521] [main/DEBUG] [mixin/]: Selecting config ferritecore.predicates.mixin.json
[18May2025 23:38:13.542] [main/DEBUG] [mixin/]: Selecting config ferritecore.fastmap.mixin.json
[18May2025 23:38:13.545] [main/DEBUG] [mixin/]: Selecting config ferritecore.mrl.mixin.json
[18May2025 23:38:13.547] [main/DEBUG] [mixin/]: Selecting config ferritecore.dedupmultipart.mixin.json
[18May2025 23:38:13.551] [main/DEBUG] [mixin/]: Selecting config ferritecore.blockstatecache.mixin.json
[18May2025 23:38:13.553] [main/DEBUG] [mixin/]: Selecting config ferritecore.dedupbakedquad.mixin.json
[18May2025 23:38:13.556] [main/DEBUG] [mixin/]: Selecting config ferritecore.threaddetec.mixin.json
[18May2025 23:38:13.558] [main/DEBUG] [mixin/]: Selecting config ferritecore.modelsides.mixin.json
[18May2025 23:38:13.559] [main/DEBUG] [mixin/]: Selecting config balm.mixins.json
[18May2025 23:38:13.561] [main/DEBUG] [mixin/]: Selecting config refurbished_furniture.common.mixins.json
[18May2025 23:38:13.563] [main/DEBUG] [mixin/]: Preparing elytraslot-integrations.mixins.json (3)
[18May2025 23:38:13.593] [main/DEBUG] [Elytra Slot/]: Loaded com.illusivesoulworks.elytraslot.platform.ForgeElytraPlatform@7b9088f2 for service interface com.illusivesoulworks.elytraslot.platform.services.IElytraPlatform
[18May2025 23:38:13.594] [main/DEBUG] [Elytra Slot/]: Loaded com.illusivesoulworks.elytraslot.platform.ForgePlatform@486bd064 for service interface com.illusivesoulworks.elytraslot.platform.services.IPlatform
[18May2025 23:38:13.595] [main/DEBUG] [Elytra Slot/]: Loaded com.illusivesoulworks.elytraslot.platform.ForgeClientPlatform@6b1321b7 for service interface com.illusivesoulworks.elytraslot.platform.services.IClientPlatform
[18May2025 23:38:13.598] [main/DEBUG] [Elytra Slot/]: Loaded com.illusivesoulworks.elytraslot.platform.ForgeLoadingPlatform@3002e397 for service interface com.illusivesoulworks.elytraslot.platform.services.ILoadingPlatform
[18May2025 23:38:13.602] [main/DEBUG] [mixin/]: Preparing elytraslot-forge-integrations.mixins.json (1)
[18May2025 23:38:13.602] [main/DEBUG] [mixin/]: Preparing kuma_api.mixins.json (1)
[18May2025 23:38:13.603] [main/DEBUG] [mixin/]: Preparing kuma_api.forge.mixins.json (0)
[18May2025 23:38:13.603] [main/DEBUG] [mixin/]: Preparing terrablender.mixins.json (7)
[18May2025 23:38:13.647] [main/DEBUG] [mixin/]: Preparing terrablender_forge.mixins.json (0)
[18May2025 23:38:13.647] [main/DEBUG] [mixin/]: Preparing trashslot.mixins.json (0)
[18May2025 23:38:13.647] [main/DEBUG] [mixin/]: Preparing mixinsquared.init.mixins.json (0)
[18May2025 23:38:13.647] [main/DEBUG] [mixin/]: Preparing jade.mixins.json (2)
[18May2025 23:38:13.647] [main/DEBUG] [mixin/]: Preparing goblintraders.common.mixins.json (5)
[18May2025 23:38:13.666] [main/DEBUG] [mixin/]: Preparing caelus.mixins.json (4)
[18May2025 23:38:13.708] [main/DEBUG] [mixin/]: Preparing curios.mixins.json (13)
[18May2025 23:38:13.761] [main/DEBUG] [mixin/]: Preparing comforts.mixins.json (3)
[18May2025 23:38:13.771] [main/DEBUG] [net.minecraftforge.coremod.transformer.CoreModBaseTransformer/COREMOD]: Transforming m_36170_ with desc (Lnet/minecraft/world/entity/player/PlayerModelPart;)Z
[18May2025 23:38:13.773] [main/DEBUG] [net.minecraftforge.coremod.transformer.CoreModBaseTransformer/COREMOD]: Transforming m_36170_ with desc (Lnet/minecraft/world/entity/player/PlayerModelPart;)Z
[18May2025 23:38:13.794] [main/DEBUG] [net.minecraftforge.coremod.transformer.CoreModBaseTransformer/COREMOD]: Transforming net/minecraft/server/level/ServerLevel
[18May2025 23:38:13.965] [main/DEBUG] [mixin/]: Preparing securitycraft.mixins.json (23)
[18May2025 23:38:13.995] [main/DEBUG] [net.minecraftforge.coremod.transformer.CoreModBaseTransformer/COREMOD]: Transforming m_11229_ with desc (Lnet/minecraft/server/level/ServerPlayer;Lnet/minecraft/server/level/ServerLevel;)V
[18May2025 23:38:14.011] [main/DEBUG] [net.minecraftforge.coremod.transformer.CoreModBaseTransformer/COREMOD]: Transforming m_11229_ with desc (Lnet/minecraft/server/level/ServerPlayer;Lnet/minecraft/server/level/ServerLevel;)V
[18May2025 23:38:14.031] [main/DEBUG] [net.minecraftforge.coremod.transformer.CoreModBaseTransformer/COREMOD]: Transforming net/minecraft/server/level/ServerPlayer
[18May2025 23:38:14.092] [main/DEBUG] [net.minecraftforge.coremod.transformer.CoreModBaseTransformer/COREMOD]: Transforming net/minecraft/server/level/ServerPlayer
[18May2025 23:38:14.118] [main/DEBUG] [net.minecraftforge.coremod.transformer.CoreModBaseTransformer/COREMOD]: Transforming m_36170_ with desc (Lnet/minecraft/world/entity/player/PlayerModelPart;)Z
[18May2025 23:38:14.118] [main/DEBUG] [net.minecraftforge.coremod.transformer.CoreModBaseTransformer/COREMOD]: Transforming m_36170_ with desc (Lnet/minecraft/world/entity/player/PlayerModelPart;)Z
[18May2025 23:38:14.233] [main/DEBUG] [net.minecraftforge.coremod.transformer.CoreModBaseTransformer/COREMOD]: Transforming net/minecraft/world/level/levelgen/structure/templatesystem/StructureTemplate
[18May2025 23:38:14.543] [main/DEBUG] [mixin/]: Preparing bettervillage.mixins.json (2)
[18May2025 23:38:14.547] [main/DEBUG] [mixin/]: Preparing mixinextras.init.mixins.json (0)
[18May2025 23:38:14.547] [main/DEBUG] [mixin/]: Preparing tombstone.mixins.json (27)
[18May2025 23:38:14.568] [main/DEBUG] [net.minecraftforge.coremod.transformer.CoreModBaseTransformer/COREMOD]: Transforming net/minecraft/world/item/ItemStack
[18May2025 23:38:14.605] [main/DEBUG] [net.minecraftforge.coremod.transformer.CoreModBaseTransformer/COREMOD]: Transforming net/minecraft/world/entity/npc/Villager
[18May2025 23:38:14.770] [main/DEBUG] [mixin/]: Preparing glitchcore.mixins.json (4)
[18May2025 23:38:14.772] [main/DEBUG] [mixin/]: Preparing glitchcore.forge.mixins.json (7)
[18May2025 23:38:14.776] [main/DEBUG] [mixin/]: Preparing biomesoplenty.mixins.json (0)
[18May2025 23:38:14.776] [main/DEBUG] [mixin/]: Preparing biomesoplenty.forge.mixins.json (2)
[18May2025 23:38:14.778] [main/DEBUG] [mixin/]: Preparing architectury.mixins.json (9)
[18May2025 23:38:14.786] [main/DEBUG] [mixin/]: Preparing architectury-common.mixins.json (10)
[18May2025 23:38:14.796] [main/DEBUG] [net.minecraftforge.coremod.transformer.CoreModBaseTransformer/COREMOD]: Transforming net/minecraft/world/item/BucketItem
[18May2025 23:38:14.804] [main/DEBUG] [net.minecraftforge.coremod.transformer.CoreModBaseTransformer/COREMOD]: Transforming net/minecraft/world/entity/EntityType
[18May2025 23:38:14.903] [main/DEBUG] [net.minecraftforge.coremod.transformer.CoreModBaseTransformer/COREMOD]: Transforming net/minecraft/world/level/block/LiquidBlock
[18May2025 23:38:14.907] [main/DEBUG] [mixin/]: Preparing forge-mca.mixin.json (30)
[18May2025 23:38:14.928] [main/DEBUG] [net.minecraftforge.coremod.transformer.CoreModBaseTransformer/COREMOD]: Transforming net/minecraft/world/entity/monster/Zombie
[18May2025 23:38:15.005] [main/DEBUG] [net.minecraftforge.coremod.transformer.CoreModBaseTransformer/COREMOD]: Transforming net/minecraft/world/entity/monster/ZombieVillager
[18May2025 23:38:15.041] [main/DEBUG] [mixin/]: Preparing ferritecore.predicates.mixin.json (3)
[18May2025 23:38:15.041] [main/DEBUG] [mixin/]: Preparing ferritecore.fastmap.mixin.json (1)
[18May2025 23:38:15.043] [main/DEBUG] [mixin/]: Preparing ferritecore.mrl.mixin.json (2)
[18May2025 23:38:15.043] [main/DEBUG] [mixin/]: Preparing ferritecore.dedupmultipart.mixin.json (2)
[18May2025 23:38:15.043] [main/DEBUG] [mixin/]: Preparing ferritecore.blockstatecache.mixin.json (8)
[18May2025 23:38:15.050] [main/DEBUG] [mixin/]: Preparing ferritecore.dedupbakedquad.mixin.json (2)
[18May2025 23:38:15.050] [main/DEBUG] [mixin/]: Preparing ferritecore.threaddetec.mixin.json (1)
[18May2025 23:38:15.050] [main/DEBUG] [mixin/]: Preparing ferritecore.modelsides.mixin.json (1)
[18May2025 23:38:15.050] [main/DEBUG] [mixin/]: Preparing balm.mixins.json (16)
[18May2025 23:38:15.059] [main/DEBUG] [net.minecraftforge.coremod.transformer.CoreModBaseTransformer/COREMOD]: Transforming net/minecraft/server/MinecraftServer
[18May2025 23:38:15.063] [main/DEBUG] [net.minecraftforge.coremod.transformer.CoreModBaseTransformer/COREMOD]: Transforming net/minecraft/server/MinecraftServer
[18May2025 23:38:15.079] [main/DEBUG] [mixin/]: Preparing refurbished_furniture.common.mixins.json (12)
[18May2025 23:38:15.083] [main/DEBUG] [net.minecraftforge.coremod.transformer.CoreModBaseTransformer/COREMOD]: Transforming net/minecraft/world/level/chunk/LevelChunk
[18May2025 23:38:15.087] [main/DEBUG] [net.minecraftforge.coremod.transformer.CoreModBaseTransformer/COREMOD]: Transforming net/minecraft/world/level/chunk/LevelChunk
[18May2025 23:38:15.125] [main/DEBUG] [mixin/]: Inner class glitchcore/forge/mixin/impl/MixinPacketHandler$1 in glitchcore/forge/mixin/impl/MixinPacketHandler on glitchcore/network/PacketHandler gets unique name glitchcore/network/PacketHandler$Anonymous$8bfc998ee3cf4a23be9f90b74013b6d9
[18May2025 23:38:15.136] [main/DEBUG] [mixin/]: Prepared 136 mixins in 1.796 sec (13.2ms avg) (0ms load, 0ms transform, 0ms plugin)
[18May2025 23:38:15.142] [main/DEBUG] [net.minecraftforge.coremod.transformer.CoreModBaseTransformer/COREMOD]: Transforming net/minecraft/server/MinecraftServer
[18May2025 23:38:15.143] [main/DEBUG] [net.minecraftforge.coremod.transformer.CoreModBaseTransformer/COREMOD]: Transforming net/minecraft/server/MinecraftServer
[18May2025 23:38:15.146] [main/INFO] [MixinExtras|Service/]: Initializing MixinExtras via com.llamalad7.mixinextras.service.MixinExtrasServiceImpl(version=0.4.1).
[18May2025 23:38:15.146] [main/DEBUG] [mixin/]: Registering new injector for @SugarWrapper with com.llamalad7.mixinextras.sugar.impl.SugarWrapperInjectionInfo
[18May2025 23:38:15.147] [main/DEBUG] [mixin/]: Registering new injector for @FactoryRedirectWrapper with com.llamalad7.mixinextras.wrapper.factory.FactoryRedirectWrapperInjectionInfo
[18May2025 23:38:15.150] [main/DEBUG] [mixin/]: Mixing MinecraftServerMixin from balm.mixins.json into net.minecraft.server.MinecraftServer
[18May2025 23:38:15.156] [main/DEBUG] [mixin/]: Renaming synthetic method lambda$reloadResources$0(Ljava/lang/Void;)V to mdaf596b$lambda$reloadResources$0$0 in balm.mixins.json:MinecraftServerMixin
[18May2025 23:38:15.203] [main/DEBUG] [mixin/]: Mixing DedicatedServerMixin from tombstone.mixins.json into net.minecraft.server.dedicated.DedicatedServer
[18May2025 23:38:15.222] [main/DEBUG] [io.netty.util.internal.logging.InternalLoggerFactory/]: Using SLF4J as the default logging framework
[18May2025 23:38:15.224] [main/DEBUG] [io.netty.util.ResourceLeakDetector/]: -Dio.netty.leakDetection.level: simple
[18May2025 23:38:15.224] [main/DEBUG] [io.netty.util.ResourceLeakDetector/]: -Dio.netty.leakDetection.targetRecords: 4
[18May2025 23:38:15.231] [main/DEBUG] [mixin/]: Mixing MixinTranslatableText from forge-mca.mixin.json into net.minecraft.network.chat.contents.TranslatableContents
[18May2025 23:38:15.333] [main/DEBUG] [oshi.util.FileUtil/]: No oshi.properties file found from ClassLoader cpw.mods.modlauncher.TransformingClassLoader@51a16adf
[18May2025 23:38:15.333] [main/DEBUG] [oshi.util.FileUtil/]: No oshi.properties file found from ClassLoader jdk.internal.loader.ClassLoaders$AppClassLoader@76ed5528
[18May2025 23:38:15.371] [main/DEBUG] [oshi.util.FileUtil/]: Reading file /proc/self/auxv
[18May2025 23:38:15.371] [main/DEBUG] [oshi.util.FileUtil/]: Reading file /proc/self/auxv
[18May2025 23:38:15.375] [main/DEBUG] [oshi.util.FileUtil/]: Reading file /proc/stat
[18May2025 23:38:15.380] [main/DEBUG] [oshi.util.FileUtil/]: Reading file /sys/devices/system/cpu/cpu0/topology/core_id
[18May2025 23:38:15.380] [main/DEBUG] [oshi.util.FileUtil/]: Reading file /sys/devices/system/cpu/cpu0/topology/core_id
[18May2025 23:38:15.380] [main/DEBUG] [oshi.util.FileUtil/]: Reading file /sys/devices/system/cpu/cpu0/topology/physical_package_id
[18May2025 23:38:15.380] [main/DEBUG] [oshi.util.FileUtil/]: Reading file /sys/devices/system/cpu/cpu0/topology/physical_package_id
[18May2025 23:38:15.380] [main/DEBUG] [oshi.util.FileUtil/]: Reading file /sys/devices/system/cpu/cpu0/cpu_capacity
[18May2025 23:38:15.382] [main/DEBUG] [oshi.util.FileUtil/]: Reading file /sys/devices/system/cpu/cpu1/topology/core_id
[18May2025 23:38:15.382] [main/DEBUG] [oshi.util.FileUtil/]: Reading file /sys/devices/system/cpu/cpu1/topology/core_id
[18May2025 23:38:15.382] [main/DEBUG] [oshi.util.FileUtil/]: Reading file /sys/devices/system/cpu/cpu1/topology/physical_package_id
[18May2025 23:38:15.382] [main/DEBUG] [oshi.util.FileUtil/]: Reading file /sys/devices/system/cpu/cpu1/topology/physical_package_id
[18May2025 23:38:15.382] [main/DEBUG] [oshi.util.FileUtil/]: Reading file /sys/devices/system/cpu/cpu1/cpu_capacity
[18May2025 23:38:15.382] [main/DEBUG] [oshi.util.FileUtil/]: Reading file /sys/devices/system/cpu/cpu2/topology/core_id
[18May2025 23:38:15.382] [main/DEBUG] [oshi.util.FileUtil/]: Reading file /sys/devices/system/cpu/cpu2/topology/core_id
[18May2025 23:38:15.382] [main/DEBUG] [oshi.util.FileUtil/]: Reading file /sys/devices/system/cpu/cpu2/topology/physical_package_id
[18May2025 23:38:15.383] [main/DEBUG] [oshi.util.FileUtil/]: Reading file /sys/devices/system/cpu/cpu2/topology/physical_package_id
[18May2025 23:38:15.383] [main/DEBUG] [oshi.util.FileUtil/]: Reading file /sys/devices/system/cpu/cpu2/cpu_capacity
[18May2025 23:38:15.383] [main/DEBUG] [oshi.util.FileUtil/]: Reading file /sys/devices/system/cpu/cpu3/topology/core_id
[18May2025 23:38:15.383] [main/DEBUG] [oshi.util.FileUtil/]: Reading file /sys/devices/system/cpu/cpu3/topology/core_id
[18May2025 23:38:15.383] [main/DEBUG] [oshi.util.FileUtil/]: Reading file /sys/devices/system/cpu/cpu3/topology/physical_package_id
[18May2025 23:38:15.383] [main/DEBUG] [oshi.util.FileUtil/]: Reading file /sys/devices/system/cpu/cpu3/topology/physical_package_id
[18May2025 23:38:15.383] [main/DEBUG] [oshi.util.FileUtil/]: Reading file /sys/devices/system/cpu/cpu3/cpu_capacity
[18May2025 23:38:15.385] [main/DEBUG] [oshi.util.FileUtil/]: Reading file /proc/cpuinfo
[18May2025 23:38:15.391] [main/DEBUG] [oshi.util.FileUtil/]: Reading file /proc/self/auxv
[18May2025 23:38:15.392] [main/DEBUG] [oshi.util.FileUtil/]: No oshi.architecture.properties file found from ClassLoader cpw.mods.modlauncher.TransformingClassLoader@51a16adf
[18May2025 23:38:15.392] [main/DEBUG] [oshi.util.FileUtil/]: No oshi.architecture.properties file found from ClassLoader jdk.internal.loader.ClassLoaders$AppClassLoader@76ed5528
[18May2025 23:38:15.403] [main/DEBUG] [oshi.util.FileUtil/]: Reading file /proc/meminfo
[18May2025 23:38:15.403] [main/DEBUG] [oshi.util.FileUtil/]: Reading file /proc/meminfo
[18May2025 23:38:15.432] [main/DEBUG] [mixin/]: Mixing MixinBuiltInRegistries from terrablender.mixins.json into net.minecraft.core.registries.BuiltInRegistries
[18May2025 23:38:15.433] [main/DEBUG] [mixin/]: Renaming synthetic method lambda$registerSimple$0(Lnet/minecraft/core/registries/BuiltInRegistries$RegistryBootstrap;Lnet/minecraft/core/Registry;)Ljava/lang/Object; to mdaf596b$lambda$registerSimple$0$0 in terrablender.mixins.json:MixinBuiltInRegistries
[18May2025 23:38:15.467] [main/DEBUG] [mixin/]: Mixing inject.MixinGameEvent from architectury-common.mixins.json into net.minecraft.world.level.gameevent.GameEvent
[18May2025 23:38:15.488] [main/DEBUG] [mixin/]: Mixing inject.MixinBlock from architectury-common.mixins.json into net.minecraft.world.level.block.Block
[18May2025 23:38:15.499] [main/DEBUG] [mixin/]: Mixing BlockStateBaseMixin from ferritecore.blockstatecache.mixin.json into net.minecraft.world.level.block.state.BlockBehaviour$BlockStateBase
[18May2025 23:38:15.505] [main/DEBUG] [mixin/]: Mixing FastMapStateHolderMixin from ferritecore.fastmap.mixin.json into net.minecraft.world.level.block.state.StateHolder
[18May2025 23:38:15.523] [main/DEBUG] [mixin/]: Mixing AccessorEntity from curios.mixins.json into net.minecraft.world.entity.Entity
[18May2025 23:38:15.527] [main/DEBUG] [mixin/]: Mixing EntityMixin from tombstone.mixins.json into net.minecraft.world.entity.Entity
[18May2025 23:38:15.531] [main/DEBUG] [mixin/]: Mixing EntityMixin from balm.mixins.json into net.minecraft.world.entity.Entity
[18May2025 23:38:15.535] [main/DEBUG] [mixin/]: Mixing EntityAccessor from refurbished_furniture.common.mixins.json into net.minecraft.world.entity.Entity
[18May2025 23:38:15.535] [main/DEBUG] [mixin/]: Mixing EntityMixin from refurbished_furniture.common.mixins.json into net.minecraft.world.entity.Entity
[18May2025 23:38:15.578] [main/DEBUG] [mixin/]: Mixing MixinLivingEntity from caelus.mixins.json into net.minecraft.world.entity.LivingEntity
[18May2025 23:38:15.579] [main/DEBUG] [mixin/]: Mixing MixinLivingEntity from curios.mixins.json into net.minecraft.world.entity.LivingEntity
[18May2025 23:38:15.581] [main/DEBUG] [mixin/]: Mixing LivingEntityMixin from tombstone.mixins.json into net.minecraft.world.entity.LivingEntity
[18May2025 23:38:15.587] [main/DEBUG] [mixin/]: Mixing LivingEntityMixin from refurbished_furniture.common.mixins.json into net.minecraft.world.entity.LivingEntity
[18May2025 23:38:15.622] [main/DEBUG] [mixin/]: Mixing LevelMixin from refurbished_furniture.common.mixins.json into net.minecraft.world.level.Level
[18May2025 23:38:15.642] [main/DEBUG] [net.minecraftforge.coremod.transformer.CoreModBaseTransformer/COREMOD]: Transforming net/minecraft/server/level/ServerLevel
[18May2025 23:38:15.643] [main/DEBUG] [mixin/]: Mixing MixinServerSleepStatus from comforts.mixins.json into net.minecraft.server.level.ServerLevel
[18May2025 23:38:15.645] [main/DEBUG] [mixin/]: Mixing MixinServerLevel from glitchcore.mixins.json into net.minecraft.server.level.ServerLevel
[18May2025 23:38:15.646] [main/DEBUG] [mixin/]: Mixing MixinServerWorld from forge-mca.mixin.json into net.minecraft.server.level.ServerLevel
[18May2025 23:38:15.648] [main/DEBUG] [mixin/]: Renaming synthetic method lambda$onOnBlockChanged$0(Lnet/minecraft/server/level/ServerLevel;Lnet/minecraft/world/level/block/state/BlockState;Lnet/minecraft/core/BlockPos;)V to mdaf596b$lambda$onOnBlockChanged$0$0 in forge-mca.mixin.json:MixinServerWorld
[18May2025 23:38:15.654] [main/DEBUG] [mixin/]: Mixing ServerLevelMixin from refurbished_furniture.common.mixins.json into net.minecraft.server.level.ServerLevel
[18May2025 23:38:15.677] [main/DEBUG] [net.minecraftforge.coremod.transformer.CoreModBaseTransformer/COREMOD]: Transforming m_36170_ with desc (Lnet/minecraft/world/entity/player/PlayerModelPart;)Z
[18May2025 23:38:15.677] [main/DEBUG] [net.minecraftforge.coremod.transformer.CoreModBaseTransformer/COREMOD]: Transforming m_36170_ with desc (Lnet/minecraft/world/entity/player/PlayerModelPart;)Z
[18May2025 23:38:15.679] [main/DEBUG] [mixin/]: Mixing AccessorPlayer from comforts.mixins.json into net.minecraft.world.entity.player.Player
[18May2025 23:38:15.679] [main/DEBUG] [mixin/]: Mixing MixinPlayerEntity from forge-mca.mixin.json into net.minecraft.world.entity.player.Player
[18May2025 23:38:15.705] [main/DEBUG] [mixin/]: Mixing inject.MixinFluid from architectury-common.mixins.json into net.minecraft.world.level.material.Fluid
[18May2025 23:38:15.708] [main/DEBUG] [mixin/]: Mixing ItemMixin from tombstone.mixins.json into net.minecraft.world.item.Item
[18May2025 23:38:15.709] [main/DEBUG] [mixin/]: Renaming synthetic method lambda$methodIsFoil$1(Lnet/minecraft/world/item/ItemStack;Lovh/corail/tombstone/api/capability/ISoulConsumer;)Ljava/lang/Boolean; to mdaf596b$lambda$methodIsFoil$1$0 in tombstone.mixins.json:ItemMixin
[18May2025 23:38:15.709] [main/DEBUG] [mixin/]: Renaming synthetic method lambda$methodGetName$0(Lnet/minecraft/world/item/ItemStack;Lovh/corail/tombstone/api/capability/ISoulConsumer;)Ljava/lang/Boolean; to mdaf596b$lambda$methodGetName$0$1 in tombstone.mixins.json:ItemMixin
[18May2025 23:38:15.721] [main/DEBUG] [net.minecraftforge.coremod.transformer.CoreModBaseTransformer/COREMOD]: Transforming net/minecraft/world/effect/MobEffectInstance
[18May2025 23:38:15.730] [main/DEBUG] [mixin/]: Mixing inject.MixinItem from architectury-common.mixins.json into net.minecraft.world.item.Item
[18May2025 23:38:15.748] [main/DEBUG] [net.minecraftforge.coremod.transformer.CoreModBaseTransformer/COREMOD]: Transforming net/minecraft/world/entity/EntityType
[18May2025 23:38:15.791] [main/DEBUG] [mixin/]: Mixing inject.MixinEntityType from architectury-common.mixins.json into net.minecraft.world.entity.EntityType
[18May2025 23:38:15.791] [main/DEBUG] [mixin/]: Mixing MixinEntityType from forge-mca.mixin.json into net.minecraft.world.entity.EntityType
[18May2025 23:38:15.807] [main/DEBUG] [mixin/]: Mixing EnchantmentMixin from goblintraders.common.mixins.json into net.minecraft.world.item.enchantment.Enchantment
[18May2025 23:38:15.833] [main/DEBUG] [mixin/]: Mixing MixinVillagerProfession from forge-mca.mixin.json into net.minecraft.world.entity.npc.VillagerProfession
[18May2025 23:38:15.834] [main/DEBUG] [mixin/]: Renaming @Invoker method init(Ljava/lang/String;Ljava/util/function/Predicate;Ljava/util/function/Predicate;Lcom/google/common/collect/ImmutableSet;Lcom/google/common/collect/ImmutableSet;Lnet/minecraft/sounds/SoundEvent;)Lnet/minecraft/world/entity/npc/VillagerProfession; to init_$md$af596b$0 in forge-mca.mixin.json:MixinVillagerProfession
[18May2025 23:38:15.837] [main/DEBUG] [mixin/]: Mixing MixinMemoryModuleType from forge-mca.mixin.json into net.minecraft.world.entity.ai.memory.MemoryModuleType
[18May2025 23:38:15.837] [main/DEBUG] [mixin/]: Renaming @Invoker method init(Ljava/util/Optional;)Lnet/minecraft/world/entity/ai/memory/MemoryModuleType; to init_$md$af596b$0 in forge-mca.mixin.json:MixinMemoryModuleType
[18May2025 23:38:15.839] [main/DEBUG] [mixin/]: Mixing MixinSensorType from forge-mca.mixin.json into net.minecraft.world.entity.ai.sensing.SensorType
[18May2025 23:38:15.839] [main/DEBUG] [mixin/]: Renaming @Invoker method init(Ljava/util/function/Supplier;)Lnet/minecraft/world/entity/ai/sensing/SensorType; to init_$md$af596b$0 in forge-mca.mixin.json:MixinSensorType
[18May2025 23:38:15.841] [main/DEBUG] [mixin/]: Mixing MixinActivity from forge-mca.mixin.json into net.minecraft.world.entity.schedule.Activity
[18May2025 23:38:15.842] [main/DEBUG] [mixin/]: Renaming @Invoker method init(Ljava/lang/String;)Lnet/minecraft/world/entity/schedule/Activity; to init_$md$af596b$0 in forge-mca.mixin.json:MixinActivity
[18May2025 23:38:15.889] [main/DEBUG] [mixin/]: Mixing DiscreteVSAccess from ferritecore.blockstatecache.mixin.json into net.minecraft.world.phys.shapes.DiscreteVoxelShape
[18May2025 23:38:15.893] [main/DEBUG] [mixin/]: Mixing BitSetDVSAccess from ferritecore.blockstatecache.mixin.json into net.minecraft.world.phys.shapes.BitSetDiscreteVoxelShape
[18May2025 23:38:15.895] [main/DEBUG] [mixin/]: Mixing VoxelShapeAccess from ferritecore.blockstatecache.mixin.json into net.minecraft.world.phys.shapes.VoxelShape
[18May2025 23:38:15.898] [main/DEBUG] [mixin/]: Mixing ArrayVSAccess from ferritecore.blockstatecache.mixin.json into net.minecraft.world.phys.shapes.ArrayVoxelShape
[18May2025 23:38:15.900] [main/DEBUG] [mixin/]: Mixing SliceShapeAccess from ferritecore.blockstatecache.mixin.json into net.minecraft.world.phys.shapes.SliceShape
[18May2025 23:38:16.026] [main/DEBUG] [net.minecraftforge.coremod.transformer.CoreModBaseTransformer/COREMOD]: Transforming net/minecraft/world/level/block/LiquidBlock
[18May2025 23:38:16.026] [main/DEBUG] [mixin/]: Mixing inject.MixinLiquidBlock from architectury-common.mixins.json into net.minecraft.world.level.block.LiquidBlock
[18May2025 23:38:16.063] [main/DEBUG] [net.minecraftforge.coremod.transformer.CoreModBaseTransformer/COREMOD]: Transforming net/minecraft/world/level/block/StairBlock
[18May2025 23:38:16.069] [main/DEBUG] [mixin/]: Mixing ChestBlockMixin from tombstone.mixins.json into net.minecraft.world.level.block.ChestBlock
[18May2025 23:38:16.082] [main/DEBUG] [mixin/]: Mixing CropBlockMixin from balm.mixins.json into net.minecraft.world.level.block.CropBlock
[18May2025 23:38:16.129] [main/DEBUG] [mixin/]: Mixing StemBlockMixin from balm.mixins.json into net.minecraft.world.level.block.StemBlock
[18May2025 23:38:16.152] [main/DEBUG] [net.minecraftforge.coremod.transformer.CoreModBaseTransformer/COREMOD]: Transforming net/minecraft/world/level/block/FlowerPotBlock
[18May2025 23:38:16.200] [main/DEBUG] [mixin/]: Mixing reinforced.BubbleColumnBlockMixin from securitycraft.mixins.json into net.minecraft.world.level.block.BubbleColumnBlock
[18May2025 23:38:16.260] [main/DEBUG] [mixin/]: Mixing MixinPowderSnowBlock from curios.mixins.json into net.minecraft.world.level.block.PowderSnowBlock
[18May2025 23:38:16.390] [main/DEBUG] [mixin/]: Mixing BlockEntityMixin from refurbished_furniture.common.mixins.json into net.minecraft.world.level.block.entity.BlockEntity
[18May2025 23:38:16.395] [main/DEBUG] [mixin/]: Mixing BrushableBlockEntityMixin from tombstone.mixins.json into net.minecraft.world.level.block.entity.BrushableBlockEntity
[18May2025 23:38:16.423] [main/DEBUG] [mixin/]: Mixing MixinFallingBlockEntity from architectury.mixins.json into net.minecraft.world.entity.item.FallingBlockEntity
[18May2025 23:38:16.640] [main/DEBUG] [mixin/]: Mixing MixinDefaultParticleType from forge-mca.mixin.json into net.minecraft.core.particles.SimpleParticleType
[18May2025 23:38:16.641] [main/DEBUG] [mixin/]: Renaming @Invoker method init(Z)Lnet/minecraft/core/particles/SimpleParticleType; to init_$md$af596b$0 in forge-mca.mixin.json:MixinDefaultParticleType
[18May2025 23:38:16.770] [main/DEBUG] [mixin/]: Mixing MixinAbstractFurnaceBlockEntity from forge-mca.mixin.json into net.minecraft.world.level.block.entity.AbstractFurnaceBlockEntity
[18May2025 23:38:16.772] [main/DEBUG] [mixin/]: Renaming synthetic method lambda$onDropExperience$0(Lnet/minecraft/server/level/ServerPlayer;Lnet/minecraft/resources/ResourceLocation;Ljava/lang/Integer;)V to mdaf596b$lambda$onDropExperience$0$0 in forge-mca.mixin.json:MixinAbstractFurnaceBlockEntity
[18May2025 23:38:16.846] [main/DEBUG] [mixin/]: Mixing MobMixin from tombstone.mixins.json into net.minecraft.world.entity.Mob
[18May2025 23:38:16.846] [main/DEBUG] [mixin/]: Renaming synthetic method lambda$methodSetTarget$2(Lnet/minecraft/world/entity/LivingEntity;Ljava/util/UUID;)Ljava/lang/Boolean; to mdaf596b$lambda$methodSetTarget$2$0 in tombstone.mixins.json:MobMixin
[18May2025 23:38:16.846] [main/DEBUG] [mixin/]: Renaming synthetic method lambda$methodCanBeLeashed$1(Lnet/minecraft/world/entity/player/Player;Ljava/util/UUID;)Ljava/lang/Boolean; to mdaf596b$lambda$methodCanBeLeashed$1$1 in tombstone.mixins.json:MobMixin
[18May2025 23:38:16.847] [main/DEBUG] [mixin/]: Renaming synthetic method lambda$methodTick$0(Lnet/minecraft/world/entity/Mob;Lovh/corail/tombstone/api/capability/ISpellCaster;)V to mdaf596b$lambda$methodTick$0$2 in tombstone.mixins.json:MobMixin
[18May2025 23:38:16.875] [main/DEBUG] [mixin/]: Mixing MonsterMixin from tombstone.mixins.json into net.minecraft.world.entity.monster.Monster
[18May2025 23:38:16.924] [main/DEBUG] [net.minecraftforge.coremod.transformer.CoreModBaseTransformer/COREMOD]: Transforming net/minecraft/world/item/ItemStack
[18May2025 23:38:16.925] [main/DEBUG] [mixin/]: Mixing ItemStackMixin from tombstone.mixins.json into net.minecraft.world.item.ItemStack
[18May2025 23:38:16.926] [main/DEBUG] [mixin/]: Mixing MixinItemStack from glitchcore.mixins.json into net.minecraft.world.item.ItemStack
[18May2025 23:38:17.006] [main/DEBUG] [mixin/]: Mixing RepairContainerMixin from goblintraders.common.mixins.json into net.minecraft.world.inventory.AnvilMenu
[18May2025 23:38:17.410] [main/DEBUG] [mixin/]: Mixing MixinLightningBolt from architectury-common.mixins.json into net.minecraft.world.entity.LightningBolt
[18May2025 23:38:17.471] [main/DEBUG] [net.minecraftforge.coremod.transformer.CoreModBaseTransformer/COREMOD]: Transforming net/minecraft/world/entity/animal/frog/Tadpole
[18May2025 23:38:17.503] [main/DEBUG] [mixin/]: Mixing boat.BoatItemMixin from securitycraft.mixins.json into net.minecraft.world.item.BoatItem
[18May2025 23:38:17.513] [main/DEBUG] [mixin/]: Mixing reinforced.SwordAndShearsItemMixin from securitycraft.mixins.json into net.minecraft.world.item.SwordItem
[18May2025 23:38:17.525] [main/DEBUG] [net.minecraftforge.coremod.transformer.CoreModBaseTransformer/COREMOD]: Transforming net/minecraft/world/item/BucketItem
[18May2025 23:38:17.525] [main/DEBUG] [mixin/]: Mixing inject.MixinBucketItem from architectury-common.mixins.json into net.minecraft.world.item.BucketItem
[18May2025 23:38:17.530] [main/DEBUG] [mixin/]: Mixing MixinMilkBucketItem from forge-mca.mixin.json into net.minecraft.world.item.MilkBucketItem
[18May2025 23:38:17.540] [main/DEBUG] [mixin/]: Mixing BundleItemMixin from tombstone.mixins.json into net.minecraft.world.item.BundleItem
[18May2025 23:38:17.540] [main/DEBUG] [mixin/]: Renaming synthetic method lambda$getEnchantmentLevel$0(Lnet/minecraft/world/item/ItemStack;Lovh/corail/tombstone/api/capability/ISoulConsumer;)Ljava/lang/Boolean; to mdaf596b$lambda$getEnchantmentLevel$0$0 in tombstone.mixins.json:BundleItemMixin
[18May2025 23:38:17.550] [main/DEBUG] [mixin/]: Mixing MixinShearsItem from curios.mixins.json into net.minecraft.world.item.ShearsItem
[18May2025 23:38:17.550] [main/DEBUG] [mixin/]: Mixing reinforced.SwordAndShearsItemMixin from securitycraft.mixins.json into net.minecraft.world.item.ShearsItem
[18May2025 23:38:17.556] [main/DEBUG] [mixin/]: Mixing PotionItemMixin from tombstone.mixins.json into net.minecraft.world.item.PotionItem
[18May2025 23:38:17.556] [main/DEBUG] [mixin/]: Renaming synthetic method lambda$methodFinishUsingItemReturn$1(Lnet/minecraft/world/entity/LivingEntity;Lovh/corail/tombstone/api/capability/ITBCapability;)V to mdaf596b$lambda$methodFinishUsingItemReturn$1$0 in tombstone.mixins.json:PotionItemMixin
[18May2025 23:38:17.557] [main/DEBUG] [mixin/]: Renaming synthetic method lambda$effectList$0(Lnet/minecraft/world/effect/MobEffectInstance;)Ljava/lang/Integer; to mdaf596b$lambda$effectList$0$1 in tombstone.mixins.json:PotionItemMixin
[18May2025 23:38:17.574] [main/DEBUG] [mixin/]: Mixing SpawnEggItemMixin from goblintraders.common.mixins.json into net.minecraft.world.item.SpawnEggItem
[18May2025 23:38:17.575] [main/DEBUG] [mixin/]: Renaming @Accessor method goblinTradersGetEggMap()Ljava/util/Map; to goblinTradersGetEggMap_$md$af596b$0 in goblintraders.common.mixins.json:SpawnEggItemMixin
[18May2025 23:38:17.578] [main/DEBUG] [mixin/]: Mixing reinforced.WritableAndWrittenBookItemMixin from securitycraft.mixins.json into net.minecraft.world.item.WritableBookItem
[18May2025 23:38:17.586] [main/DEBUG] [mixin/]: Mixing reinforced.WritableAndWrittenBookItemMixin from securitycraft.mixins.json into net.minecraft.world.item.WrittenBookItem
[18May2025 23:38:17.608] [main/DEBUG] [mixin/]: Mixing suspiciousmines.BrushItemMixin from securitycraft.mixins.json into net.minecraft.world.item.BrushItem
[18May2025 23:38:17.609] [main/DEBUG] [mixin/]: Renaming synthetic method lambda$securitycraft$checkForSuspiciousMine$1(Lnet/minecraft/world/entity/player/Player;)V to mdaf596b$lambda$securitycraft$checkForSuspiciousMine$1$0 in securitycraft.mixins.json:suspiciousmines.BrushItemMixin
[18May2025 23:38:17.609] [main/DEBUG] [mixin/]: Renaming synthetic method lambda$securitycraft$makeSuspiciousMinesBrushablePartTwo$0(Lnet/minecraft/world/entity/Entity;)Z to mdaf596b$lambda$securitycraft$makeSuspiciousMinesBrushablePartTwo$0$1 in securitycraft.mixins.json:suspiciousmines.BrushItemMixin
[18May2025 23:38:17.630] [main/DEBUG] [mixin/]: Mixing inject.MixinItemProperties from architectury-common.mixins.json into net.minecraft.world.item.Item$Properties
[18May2025 23:38:17.676] [main/DEBUG] [mixin/]: Mixing AbstractDecorationEntityMixin from bettervillage.mixins.json into net.minecraft.world.entity.decoration.HangingEntity
[18May2025 23:38:18.389] [main/DEBUG] [mixin/]: Mixing HurtByTargetGoalMixin from tombstone.mixins.json into net.minecraft.world.entity.ai.goal.target.HurtByTargetGoal
[18May2025 23:38:18.392] [main/DEBUG] [mixin/]: Mixing accessor.TargetGoalAccessor from tombstone.mixins.json into net.minecraft.world.entity.ai.goal.target.TargetGoal
[18May2025 23:38:18.404] [main/DEBUG] [mixin/]: Mixing boat.BoatMixin from securitycraft.mixins.json into net.minecraft.world.entity.vehicle.Boat
[18May2025 23:38:18.414] [main/DEBUG] [mixin/]: Mixing MixinHorseBaseEntity from forge-mca.mixin.json into net.minecraft.world.entity.animal.horse.AbstractHorse
[18May2025 23:38:18.447] [main/DEBUG] [net.minecraftforge.coremod.transformer.CoreModBaseTransformer/COREMOD]: Transforming net/minecraft/world/entity/monster/Spider
[18May2025 23:38:18.498] [main/DEBUG] [net.minecraftforge.coremod.transformer.CoreModBaseTransformer/COREMOD]: Transforming net/minecraft/world/entity/monster/Zombie
[18May2025 23:38:18.541] [main/DEBUG] [mixin/]: Mixing MixinZombieEntity from forge-mca.mixin.json into net.minecraft.world.entity.monster.Zombie
[18May2025 23:38:18.548] [main/DEBUG] [net.minecraftforge.coremod.transformer.CoreModBaseTransformer/COREMOD]: Transforming net/minecraft/world/entity/monster/ZombieVillager
[18May2025 23:38:18.574] [main/DEBUG] [mixin/]: Mixing MixinZombieVillagerEntity from forge-mca.mixin.json into net.minecraft.world.entity.monster.ZombieVillager
[18May2025 23:38:18.618] [main/DEBUG] [net.minecraftforge.coremod.transformer.CoreModBaseTransformer/COREMOD]: Transforming net/minecraft/world/entity/monster/Evoker$EvokerSummonSpellGoal
[18May2025 23:38:18.662] [main/DEBUG] [mixin/]: Mixing MixinGoatEntity from forge-mca.mixin.json into net.minecraft.world.entity.animal.goat.Goat
[18May2025 23:38:18.662] [main/DEBUG] [mixin/]: Renaming synthetic method lambda$getMilkingSound$1(Lnet/minecraft/server/level/ServerPlayer;)V to mdaf596b$lambda$getMilkingSound$1$0 in forge-mca.mixin.json:MixinGoatEntity
[18May2025 23:38:18.662] [main/DEBUG] [mixin/]: Renaming synthetic method lambda$getMilkingSound$0(Lnet/minecraft/server/level/ServerPlayer;)Z to mdaf596b$lambda$getMilkingSound$0$1 in forge-mca.mixin.json:MixinGoatEntity
[18May2025 23:38:18.664] [main/DEBUG] [net.minecraftforge.coremod.transformer.CoreModBaseTransformer/COREMOD]: Transforming net/minecraft/world/level/biome/Biome
[18May2025 23:38:18.670] [main/DEBUG] [net.minecraftforge.coremod.transformer.CoreModBaseTransformer/COREMOD]: Transforming net/minecraft/world/level/NaturalSpawner
[18May2025 23:38:18.823] [main/DEBUG] [net.minecraftforge.coremod.transformer.CoreModBaseTransformer/COREMOD]: Transforming net/minecraft/world/entity/animal/horse/SkeletonTrapGoal
[18May2025 23:38:18.841] [main/DEBUG] [net.minecraftforge.coremod.transformer.CoreModBaseTransformer/COREMOD]: Transforming net/minecraft/world/entity/monster/Strider
[18May2025 23:38:18.904] [main/DEBUG] [net.minecraftforge.coremod.transformer.CoreModBaseTransformer/COREMOD]: Transforming net/minecraft/server/level/ServerPlayer
[18May2025 23:38:18.905] [main/DEBUG] [net.minecraftforge.coremod.transformer.CoreModBaseTransformer/COREMOD]: Transforming net/minecraft/server/level/ServerPlayer
[18May2025 23:38:18.906] [main/DEBUG] [mixin/]: Mixing MixinServerPlayer from glitchcore.forge.mixins.json into net.minecraft.server.level.ServerPlayer
[18May2025 23:38:18.907] [main/DEBUG] [mixin/]: Mixing ServerPlayerMixin from tombstone.mixins.json into net.minecraft.server.level.ServerPlayer
[18May2025 23:38:18.907] [main/DEBUG] [mixin/]: Mixing camera.ServerPlayerMixin from securitycraft.mixins.json into net.minecraft.server.level.ServerPlayer
[18May2025 23:38:18.941] [main/DEBUG] [net.minecraftforge.coremod.transformer.CoreModBaseTransformer/COREMOD]: Transforming net/minecraft/world/level/chunk/LevelChunk
[18May2025 23:38:18.941] [main/DEBUG] [net.minecraftforge.coremod.transformer.CoreModBaseTransformer/COREMOD]: Transforming net/minecraft/world/level/chunk/LevelChunk
[18May2025 23:38:18.942] [main/DEBUG] [mixin/]: Mixing LevelChunkMixin from refurbished_furniture.common.mixins.json into net.minecraft.world.level.chunk.LevelChunk
[18May2025 23:38:18.944] [main/WARN] [mixin/]: @Inject(@At("INVOKE_ASSIGN")) Shift.BY=2 on refurbished_furniture.common.mixins.json:LevelChunkMixin::handler$zfj000$refurbishedFurniture$AfterRemoveBlockEntity exceeds the maximum allowed value: 0. Increase the value of maxShiftBy to suppress this warning.
[18May2025 23:38:18.966] [main/DEBUG] [net.minecraftforge.coremod.transformer.CoreModBaseTransformer/COREMOD]: Transforming net/minecraft/world/entity/npc/Villager
[18May2025 23:38:19.029] [main/DEBUG] [mixin/]: Mixing accessor.VillagerAccessor from tombstone.mixins.json into net.minecraft.world.entity.npc.Villager
[18May2025 23:38:19.030] [main/DEBUG] [mixin/]: Mixing MixinVillagerEntity from forge-mca.mixin.json into net.minecraft.world.entity.npc.Villager
[18May2025 23:38:19.030] [main/DEBUG] [mixin/]: Mixing MixinVillagerEntityInvoker from forge-mca.mixin.json into net.minecraft.world.entity.npc.Villager
[18May2025 23:38:19.041] [main/DEBUG] [mixin/]: Mixing MerchantMenuMixin from goblintraders.common.mixins.json into net.minecraft.world.inventory.MerchantMenu
[18May2025 23:38:19.041] [main/DEBUG] [mixin/]: Renaming synthetic method lambda$goblinTraders$isMatching$0(Ljava/util/Map;Ljava/util/Map$Entry;)Z to mdaf596b$lambda$goblinTraders$isMatching$0$0 in goblintraders.common.mixins.json:MerchantMenuMixin
[18May2025 23:38:19.089] [main/DEBUG] [mixin/]: Mixing inject.MixinFoodPropertiesBuilder from architectury-common.mixins.json into net.minecraft.world.food.FoodProperties$Builder
[18May2025 23:38:19.091] [main/DEBUG] [net.minecraftforge.coremod.transformer.CoreModBaseTransformer/COREMOD]: Transforming net/minecraft/world/effect/MobEffectInstance
[18May2025 23:38:19.124] [main/DEBUG] [mixin/]: Mixing passcode.ServerGamePacketListenerImplMixin from securitycraft.mixins.json into net.minecraft.server.network.ServerGamePacketListenerImpl
[18May2025 23:38:19.125] [main/DEBUG] [mixin/]: Mixing MixinServerPlayNetworkHandler from forge-mca.mixin.json into net.minecraft.server.network.ServerGamePacketListenerImpl
[18May2025 23:38:19.125] [main/DEBUG] [mixin/]: Renaming synthetic method lambda$sendMessage$3(Lforge/net/mca/entity/VillagerEntityMCA;Ljava/lang/String;)V to mdaf596b$lambda$sendMessage$3$0 in forge-mca.mixin.json:MixinServerPlayNetworkHandler
[18May2025 23:38:19.125] [main/DEBUG] [mixin/]: Renaming synthetic method lambda$sendMessage$2(Lforge/net/mca/entity/VillagerEntityMCA;Ljava/lang/String;)V to mdaf596b$lambda$sendMessage$2$1 in forge-mca.mixin.json:MixinServerPlayNetworkHandler
[18May2025 23:38:19.126] [main/DEBUG] [mixin/]: Renaming synthetic method lambda$sendMessage$1(Lforge/net/mca/entity/VillagerEntityMCA;Ljava/lang/String;)V to mdaf596b$lambda$sendMessage$1$2 in forge-mca.mixin.json:MixinServerPlayNetworkHandler
[18May2025 23:38:19.126] [main/DEBUG] [mixin/]: Renaming synthetic method lambda$sendMessage$0(Lforge/net/mca/entity/VillagerEntityMCA;Ljava/lang/String;)V to mdaf596b$lambda$sendMessage$0$3 in forge-mca.mixin.json:MixinServerPlayNetworkHandler
[18May2025 23:38:19.234] [main/DEBUG] [mixin/]: Mixing potion.BrewingStandMenuMixin from securitycraft.mixins.json into net.minecraft.world.inventory.BrewingStandMenu
[18May2025 23:38:19.296] [main/DEBUG] [mixin/]: Mixing MixinInventory from curios.mixins.json into net.minecraft.world.entity.player.Inventory
[18May2025 23:38:19.297] [main/DEBUG] [mixin/]: Mixing MixinPlayerInventory from forge-mca.mixin.json into net.minecraft.world.entity.player.Inventory
[18May2025 23:38:19.306] [main/DEBUG] [mixin/]: Mixing SlotAccessor from balm.mixins.json into net.minecraft.world.inventory.Slot
[18May2025 23:38:19.317] [main/DEBUG] [mixin/]: Mixing MerchantResultSlotMixin from goblintraders.common.mixins.json into net.minecraft.world.inventory.MerchantResultSlot
[18May2025 23:38:19.331] [main/DEBUG] [mixin/]: Mixing accessor.ShapedRecipeAccessor from tombstone.mixins.json into net.minecraft.world.item.crafting.ShapedRecipe
[18May2025 23:38:19.437] [main/DEBUG] [mixin/]: Mixing MixinApplyBonusCount from curios.mixins.json into net.minecraft.world.level.storage.loot.functions.ApplyBonusCount
[18May2025 23:38:19.688] [main/DEBUG] [mixin/]: Mixing StructureSetMixin from bettervillage.mixins.json into net.minecraft.world.level.levelgen.structure.StructureSet
[18May2025 23:38:19.688] [main/DEBUG] [mixin/]: Renaming synthetic method lambda$onCreateStructureSet$1(Lnet/minecraft/world/level/levelgen/structure/StructureSet$StructureSelectionEntry;)Z to mdaf596b$lambda$onCreateStructureSet$1$0 in bettervillage.mixins.json:StructureSetMixin
[18May2025 23:38:19.688] [main/DEBUG] [mixin/]: Renaming synthetic method lambda$onCreateStructureSet$0(Lnet/minecraft/resources/ResourceKey;)Ljava/lang/Boolean; to mdaf596b$lambda$onCreateStructureSet$0$1 in bettervillage.mixins.json:StructureSetMixin
[18May2025 23:38:19.695] [main/DEBUG] [net.minecraftforge.coremod.transformer.CoreModBaseTransformer/COREMOD]: Transforming net/minecraft/world/level/levelgen/structure/Structure
[18May2025 23:38:19.739] [main/DEBUG] [net.minecraftforge.coremod.transformer.CoreModBaseTransformer/COREMOD]: Transforming net/minecraft/world/level/levelgen/structure/structures/OceanRuinPieces$OceanRuinPiece
[18May2025 23:38:19.752] [main/DEBUG] [net.minecraftforge.coremod.transformer.CoreModBaseTransformer/COREMOD]: Transforming net/minecraft/world/level/levelgen/structure/structures/SwampHutPiece
[18May2025 23:38:19.764] [main/DEBUG] [net.minecraftforge.coremod.transformer.CoreModBaseTransformer/COREMOD]: Transforming net/minecraft/world/level/levelgen/structure/structures/OceanMonumentPieces$OceanMonumentPiece
[18May2025 23:38:19.784] [main/DEBUG] [net.minecraftforge.coremod.transformer.CoreModBaseTransformer/COREMOD]: Transforming net/minecraft/world/level/levelgen/structure/structures/WoodlandMansionPieces$WoodlandMansionPiece
[18May2025 23:38:19.889] [main/DEBUG] [mixin/]: Mixing MixinBiomeSource from terrablender.mixins.json into net.minecraft.world.level.biome.BiomeSource
[18May2025 23:38:19.889] [main/DEBUG] [mixin/]: Renaming synthetic method lambda$appendDeferredBiomesList$0(Lcom/google/common/collect/ImmutableList;)Ljava/util/Set; to mdaf596b$lambda$appendDeferredBiomesList$0$0 in terrablender.mixins.json:MixinBiomeSource
[18May2025 23:38:19.899] [main/DEBUG] [net.minecraftforge.coremod.transformer.CoreModBaseTransformer/COREMOD]: Transforming net/minecraft/world/level/biome/Biome
[18May2025 23:38:19.934] [main/DEBUG] [mixin/]: Mixing MixinMultiNoiseBiomeSource from terrablender.mixins.json into net.minecraft.world.level.biome.MultiNoiseBiomeSource
[18May2025 23:38:19.937] [main/DEBUG] [mixin/]: Mixing MixinParameterList from terrablender.mixins.json into net.minecraft.world.level.biome.Climate$ParameterList
[18May2025 23:38:19.937] [main/DEBUG] [mixin/]: Renaming synthetic method lambda$initializeForTerraBlender$0(Lnet/minecraft/core/Registry;Lcom/google/common/collect/ImmutableList$Builder;Lcom/mojang/datafixers/util/Pair;)V to mdaf596b$lambda$initializeForTerraBlender$0$0 in terrablender.mixins.json:MixinParameterList
[18May2025 23:38:19.964] [main/DEBUG] [mixin/]: Mixing MixinNoiseGeneratorSettings from terrablender.mixins.json into net.minecraft.world.level.levelgen.NoiseGeneratorSettings
[18May2025 23:38:20.163] [main/DEBUG] [net.minecraftforge.common.ForgeI18n/CORE]: Loading I18N data entries: 6430
[18May2025 23:38:20.182] [main/DEBUG] [net.minecraftforge.fml.ModWorkManager/LOADING]: Using 4 threads for parallel mod-loading
[18May2025 23:38:20.188] [main/DEBUG] [net.minecraftforge.fml.javafmlmod.FMLJavaModLanguageProvider/LOADING]: Loading FMLModContainer from classloader cpw.mods.modlauncher.TransformingClassLoader@51a16adf - got cpw.mods.cl.ModuleClassLoader@1eea9d2d
[18May2025 23:38:20.188] [main/DEBUG] [net.minecraftforge.fml.javafmlmod.FMLModContainer/LOADING]: Creating FMLModContainer instance for tannyjung.tht.ThtMod
[18May2025 23:38:20.193] [main/DEBUG] [net.minecraftforge.fml.javafmlmod.FMLJavaModLanguageProvider/LOADING]: Loading FMLModContainer from classloader cpw.mods.modlauncher.TransformingClassLoader@51a16adf - got cpw.mods.cl.ModuleClassLoader@1eea9d2d
[18May2025 23:38:20.193] [main/DEBUG] [net.minecraftforge.fml.javafmlmod.FMLModContainer/LOADING]: Creating FMLModContainer instance for com.illusivesoulworks.elytraslot.ElytraSlotForgeMod
[18May2025 23:38:20.194] [main/DEBUG] [net.minecraftforge.fml.javafmlmod.FMLJavaModLanguageProvider/LOADING]: Loading FMLModContainer from classloader cpw.mods.modlauncher.TransformingClassLoader@51a16adf - got cpw.mods.cl.ModuleClassLoader@1eea9d2d
[18May2025 23:38:20.194] [main/DEBUG] [net.minecraftforge.fml.javafmlmod.FMLModContainer/LOADING]: Creating FMLModContainer instance for net.blay09.mods.kuma.forge.ForgeKumaAPI
[18May2025 23:38:20.194] [main/DEBUG] [net.minecraftforge.fml.javafmlmod.FMLJavaModLanguageProvider/LOADING]: Loading FMLModContainer from classloader cpw.mods.modlauncher.TransformingClassLoader@51a16adf - got cpw.mods.cl.ModuleClassLoader@1eea9d2d
[18May2025 23:38:20.194] [main/DEBUG] [net.minecraftforge.fml.javafmlmod.FMLModContainer/LOADING]: Creating FMLModContainer instance for terrablender.core.TerraBlenderForge
[18May2025 23:38:20.195] [main/DEBUG] [net.minecraftforge.fml.javafmlmod.FMLJavaModLanguageProvider/LOADING]: Loading FMLModContainer from classloader cpw.mods.modlauncher.TransformingClassLoader@51a16adf - got cpw.mods.cl.ModuleClassLoader@1eea9d2d
[18May2025 23:38:20.195] [main/DEBUG] [net.minecraftforge.fml.javafmlmod.FMLModContainer/LOADING]: Creating FMLModContainer instance for net.blay09.mods.trashslot.ForgeTrashSlot
[18May2025 23:38:20.195] [main/DEBUG] [net.minecraftforge.fml.javafmlmod.FMLJavaModLanguageProvider/LOADING]: Loading FMLModContainer from classloader cpw.mods.modlauncher.TransformingClassLoader@51a16adf - got cpw.mods.cl.ModuleClassLoader@1eea9d2d
[18May2025 23:38:20.195] [main/DEBUG] [net.minecraftforge.fml.javafmlmod.FMLModContainer/LOADING]: Creating FMLModContainer instance for com.bawnorton.mixinsquared.platform.forge.MixinSquaredMod
[18May2025 23:38:20.195] [main/DEBUG] [net.minecraftforge.fml.javafmlmod.FMLJavaModLanguageProvider/LOADING]: Loading FMLModContainer from classloader cpw.mods.modlauncher.TransformingClassLoader@51a16adf - got cpw.mods.cl.ModuleClassLoader@1eea9d2d
[18May2025 23:38:20.195] [main/DEBUG] [net.minecraftforge.fml.javafmlmod.FMLModContainer/LOADING]: Creating FMLModContainer instance for snownee.jade.util.CommonProxy
[18May2025 23:38:20.197] [main/DEBUG] [net.minecraftforge.fml.javafmlmod.FMLJavaModLanguageProvider/LOADING]: Loading FMLModContainer from classloader cpw.mods.modlauncher.TransformingClassLoader@51a16adf - got cpw.mods.cl.ModuleClassLoader@1eea9d2d
[18May2025 23:38:20.197] [main/DEBUG] [net.minecraftforge.fml.javafmlmod.FMLModContainer/LOADING]: Creating FMLModContainer instance for mezz.jei.forge.JustEnoughItems
[18May2025 23:38:20.198] [main/DEBUG] [net.minecraftforge.fml.javafmlmod.FMLJavaModLanguageProvider/LOADING]: Loading FMLModContainer from classloader cpw.mods.modlauncher.TransformingClassLoader@51a16adf - got cpw.mods.cl.ModuleClassLoader@1eea9d2d
[18May2025 23:38:20.198] [main/DEBUG] [net.minecraftforge.fml.javafmlmod.FMLModContainer/LOADING]: Creating FMLModContainer instance for com.illusivesoulworks.spectrelib.SpectreForgeMod
[18May2025 23:38:20.198] [main/DEBUG] [net.minecraftforge.fml.javafmlmod.FMLJavaModLanguageProvider/LOADING]: Loading FMLModContainer from classloader cpw.mods.modlauncher.TransformingClassLoader@51a16adf - got cpw.mods.cl.ModuleClassLoader@1eea9d2d
[18May2025 23:38:20.198] [main/DEBUG] [net.minecraftforge.fml.javafmlmod.FMLModContainer/LOADING]: Creating FMLModContainer instance for com.jtorleonstudios.libraryferret.LibraryFerret
[18May2025 23:38:20.199] [main/DEBUG] [net.minecraftforge.fml.javafmlmod.FMLJavaModLanguageProvider/LOADING]: Loading FMLModContainer from classloader cpw.mods.modlauncher.TransformingClassLoader@51a16adf - got cpw.mods.cl.ModuleClassLoader@1eea9d2d
[18May2025 23:38:20.199] [main/DEBUG] [net.minecraftforge.fml.javafmlmod.FMLModContainer/LOADING]: Creating FMLModContainer instance for com.mrcrayfish.goblintraders.GoblinTraders
[18May2025 23:38:20.200] [main/DEBUG] [net.minecraftforge.fml.javafmlmod.FMLJavaModLanguageProvider/LOADING]: Loading FMLModContainer from classloader cpw.mods.modlauncher.TransformingClassLoader@51a16adf - got cpw.mods.cl.ModuleClassLoader@1eea9d2d
[18May2025 23:38:20.200] [main/DEBUG] [net.minecraftforge.fml.javafmlmod.FMLModContainer/LOADING]: Creating FMLModContainer instance for top.theillusivec4.caelus.Caelus
[18May2025 23:38:20.200] [main/DEBUG] [net.minecraftforge.fml.javafmlmod.FMLJavaModLanguageProvider/LOADING]: Loading FMLModContainer from classloader cpw.mods.modlauncher.TransformingClassLoader@51a16adf - got cpw.mods.cl.ModuleClassLoader@1eea9d2d
[18May2025 23:38:20.200] [main/DEBUG] [net.minecraftforge.fml.javafmlmod.FMLModContainer/LOADING]: Creating FMLModContainer instance for net.p3pp3rf1y.sophisticatedcore.SophisticatedCore
[18May2025 23:38:20.201] [main/DEBUG] [net.minecraftforge.fml.javafmlmod.FMLJavaModLanguageProvider/LOADING]: Loading FMLModContainer from classloader cpw.mods.modlauncher.TransformingClassLoader@51a16adf - got cpw.mods.cl.ModuleClassLoader@1eea9d2d
[18May2025 23:38:20.201] [main/DEBUG] [net.minecraftforge.fml.javafmlmod.FMLModContainer/LOADING]: Creating FMLModContainer instance for top.theillusivec4.curios.Curios
[18May2025 23:38:20.202] [main/DEBUG] [net.minecraftforge.fml.javafmlmod.FMLJavaModLanguageProvider/LOADING]: Loading FMLModContainer from classloader cpw.mods.modlauncher.TransformingClassLoader@51a16adf - got cpw.mods.cl.ModuleClassLoader@1eea9d2d
[18May2025 23:38:20.202] [main/DEBUG] [net.minecraftforge.fml.javafmlmod.FMLModContainer/LOADING]: Creating FMLModContainer instance for xaero.minimap.XaeroMinimapForge
[18May2025 23:38:20.204] [main/DEBUG] [net.minecraftforge.fml.javafmlmod.FMLJavaModLanguageProvider/LOADING]: Loading FMLModContainer from classloader cpw.mods.modlauncher.TransformingClassLoader@51a16adf - got cpw.mods.cl.ModuleClassLoader@1eea9d2d
[18May2025 23:38:20.204] [main/DEBUG] [net.minecraftforge.fml.javafmlmod.FMLModContainer/LOADING]: Creating FMLModContainer instance for xaero.map.WorldMapForge
[18May2025 23:38:20.206] [main/DEBUG] [net.minecraftforge.fml.javafmlmod.FMLJavaModLanguageProvider/LOADING]: Loading FMLModContainer from classloader cpw.mods.modlauncher.TransformingClassLoader@51a16adf - got cpw.mods.cl.ModuleClassLoader@1eea9d2d
[18May2025 23:38:20.206] [main/DEBUG] [net.minecraftforge.fml.javafmlmod.FMLModContainer/LOADING]: Creating FMLModContainer instance for com.kreezcraft.jumpoverfences.JumpOverFencesForge
[18May2025 23:38:20.206] [main/DEBUG] [net.minecraftforge.fml.javafmlmod.FMLJavaModLanguageProvider/LOADING]: Loading FMLModContainer from classloader cpw.mods.modlauncher.TransformingClassLoader@51a16adf - got cpw.mods.cl.ModuleClassLoader@1eea9d2d
[18May2025 23:38:20.206] [main/DEBUG] [net.minecraftforge.fml.javafmlmod.FMLModContainer/LOADING]: Creating FMLModContainer instance for com.illusivesoulworks.comforts.ComfortsForgeMod
[18May2025 23:38:20.207] [main/DEBUG] [net.minecraftforge.fml.javafmlmod.FMLJavaModLanguageProvider/LOADING]: Loading FMLModContainer from classloader cpw.mods.modlauncher.TransformingClassLoader@51a16adf - got cpw.mods.cl.ModuleClassLoader@1eea9d2d
[18May2025 23:38:20.207] [main/DEBUG] [net.minecraftforge.fml.javafmlmod.FMLModContainer/LOADING]: Creating FMLModContainer instance for net.geforcemods.securitycraft.SecurityCraft
[18May2025 23:38:20.208] [main/DEBUG] [net.minecraftforge.fml.javafmlmod.FMLJavaModLanguageProvider/LOADING]: Loading FMLModContainer from classloader cpw.mods.modlauncher.TransformingClassLoader@51a16adf - got cpw.mods.cl.ModuleClassLoader@1eea9d2d
[18May2025 23:38:20.208] [main/DEBUG] [net.minecraftforge.fml.javafmlmod.FMLModContainer/LOADING]: Creating FMLModContainer instance for com.jtorleonstudios.bettervillage.Main
[18May2025 23:38:20.209] [main/DEBUG] [net.minecraftforge.fml.javafmlmod.FMLJavaModLanguageProvider/LOADING]: Loading FMLModContainer from classloader cpw.mods.modlauncher.TransformingClassLoader@51a16adf - got cpw.mods.cl.ModuleClassLoader@1eea9d2d
[18May2025 23:38:20.209] [main/DEBUG] [net.minecraftforge.fml.javafmlmod.FMLModContainer/LOADING]: Creating FMLModContainer instance for com.llamalad7.mixinextras.platform.forge.MixinExtrasMod
[18May2025 23:38:20.210] [main/DEBUG] [net.minecraftforge.fml.javafmlmod.FMLJavaModLanguageProvider/LOADING]: Loading FMLModContainer from classloader cpw.mods.modlauncher.TransformingClassLoader@51a16adf - got cpw.mods.cl.ModuleClassLoader@1eea9d2d
[18May2025 23:38:20.210] [main/DEBUG] [net.minecraftforge.fml.javafmlmod.FMLModContainer/LOADING]: Creating FMLModContainer instance for ovh.corail.tombstone.ModTombstone
[18May2025 23:38:20.210] [main/DEBUG] [net.minecraftforge.fml.javafmlmod.FMLJavaModLanguageProvider/LOADING]: Loading FMLModContainer from classloader cpw.mods.modlauncher.TransformingClassLoader@51a16adf - got cpw.mods.cl.ModuleClassLoader@1eea9d2d
[18May2025 23:38:20.210] [main/DEBUG] [net.minecraftforge.fml.javafmlmod.FMLModContainer/LOADING]: Creating FMLModContainer instance for glitchcore.forge.GlitchCoreForge
[18May2025 23:38:20.211] [main/DEBUG] [net.minecraftforge.fml.javafmlmod.FMLJavaModLanguageProvider/LOADING]: Loading FMLModContainer from classloader cpw.mods.modlauncher.TransformingClassLoader@51a16adf - got cpw.mods.cl.ModuleClassLoader@1eea9d2d
[18May2025 23:38:20.211] [main/DEBUG] [net.minecraftforge.fml.javafmlmod.FMLModContainer/LOADING]: Creating FMLModContainer instance for biomesoplenty.forge.core.BiomesOPlentyForge
[18May2025 23:38:20.211] [main/DEBUG] [net.minecraftforge.fml.javafmlmod.FMLJavaModLanguageProvider/LOADING]: Loading FMLModContainer from classloader cpw.mods.modlauncher.TransformingClassLoader@51a16adf - got cpw.mods.cl.ModuleClassLoader@1eea9d2d
[18May2025 23:38:20.211] [main/DEBUG] [net.minecraftforge.fml.javafmlmod.FMLModContainer/LOADING]: Creating FMLModContainer instance for net.p3pp3rf1y.sophisticatedbackpacks.SophisticatedBackpacks
[18May2025 23:38:20.212] [main/DEBUG] [net.minecraftforge.fml.javafmlmod.FMLJavaModLanguageProvider/LOADING]: Loading FMLModContainer from classloader cpw.mods.modlauncher.TransformingClassLoader@51a16adf - got cpw.mods.cl.ModuleClassLoader@1eea9d2d
[18May2025 23:38:20.212] [main/DEBUG] [net.minecraftforge.fml.javafmlmod.FMLModContainer/LOADING]: Creating FMLModContainer instance for dev.architectury.forge.ArchitecturyForge
[18May2025 23:38:20.212] [main/DEBUG] [net.minecraftforge.fml.javafmlmod.FMLJavaModLanguageProvider/LOADING]: Loading FMLModContainer from classloader cpw.mods.modlauncher.TransformingClassLoader@51a16adf - got cpw.mods.cl.ModuleClassLoader@1eea9d2d
[18May2025 23:38:20.212] [main/DEBUG] [net.minecraftforge.fml.javafmlmod.FMLModContainer/LOADING]: Creating FMLModContainer instance for forge.net.mca.forge.MCAForge
[18May2025 23:38:20.213] [main/DEBUG] [net.minecraftforge.fml.javafmlmod.FMLJavaModLanguageProvider/LOADING]: Loading FMLModContainer from classloader cpw.mods.modlauncher.TransformingClassLoader@51a16adf - got cpw.mods.cl.ModuleClassLoader@1eea9d2d
[18May2025 23:38:20.213] [main/DEBUG] [net.minecraftforge.fml.javafmlmod.FMLModContainer/LOADING]: Creating FMLModContainer instance for malte0811.ferritecore.ModMainForge
[18May2025 23:38:20.213] [main/DEBUG] [net.minecraftforge.fml.javafmlmod.FMLJavaModLanguageProvider/LOADING]: Loading FMLModContainer from classloader cpw.mods.modlauncher.TransformingClassLoader@51a16adf - got cpw.mods.cl.ModuleClassLoader@1eea9d2d
[18May2025 23:38:20.213] [main/DEBUG] [net.minecraftforge.fml.javafmlmod.FMLModContainer/LOADING]: Creating FMLModContainer instance for net.blay09.mods.balm.forge.ForgeBalm
[18May2025 23:38:20.214] [main/DEBUG] [net.minecraftforge.fml.javafmlmod.FMLJavaModLanguageProvider/LOADING]: Loading FMLModContainer from classloader cpw.mods.modlauncher.TransformingClassLoader@51a16adf - got cpw.mods.cl.ModuleClassLoader@1eea9d2d
[18May2025 23:38:20.214] [main/DEBUG] [net.minecraftforge.fml.javafmlmod.FMLModContainer/LOADING]: Creating FMLModContainer instance for com.mrcrayfish.furniture.refurbished.FurnitureMod
[18May2025 23:38:20.214] [main/DEBUG] [net.minecraftforge.fml.javafmlmod.FMLJavaModLanguageProvider/LOADING]: Loading FMLModContainer from classloader cpw.mods.modlauncher.TransformingClassLoader@51a16adf - got cpw.mods.cl.ModuleClassLoader@1eea9d2d
[18May2025 23:38:20.214] [main/DEBUG] [net.minecraftforge.fml.javafmlmod.FMLModContainer/LOADING]: Creating FMLModContainer instance for com.mrcrayfish.framework.FrameworkForge
[18May2025 23:38:20.215] [main/DEBUG] [net.minecraftforge.fml.javafmlmod.FMLJavaModLanguageProvider/LOADING]: Loading FMLModContainer from classloader cpw.mods.modlauncher.TransformingClassLoader@51a16adf - got cpw.mods.cl.ModuleClassLoader@1eea9d2d
[18May2025 23:38:20.215] [main/DEBUG] [net.minecraftforge.fml.javafmlmod.FMLModContainer/LOADING]: Creating FMLModContainer instance for fr.rakambda.fallingtree.forge.FallingTree
[18May2025 23:38:20.215] [main/DEBUG] [net.minecraftforge.fml.javafmlmod.FMLJavaModLanguageProvider/LOADING]: Loading FMLModContainer from classloader cpw.mods.modlauncher.TransformingClassLoader@51a16adf - got cpw.mods.cl.ModuleClassLoader@1eea9d2d
[18May2025 23:38:20.215] [main/DEBUG] [net.minecraftforge.fml.javafmlmod.FMLModContainer/LOADING]: Creating FMLModContainer instance for net.minecraftforge.common.ForgeMod
[18May2025 23:38:20.234] [modloading-worker-0/DEBUG] [net.minecraftforge.fml.javafmlmod.AutomaticEventSubscriber/LOADING]: Attempting to inject @EventBusSubscriber classes into the eventbus for kuma_api
[18May2025 23:38:20.257] [modloading-worker-0/DEBUG] [net.minecraftforge.fml.javafmlmod.AutomaticEventSubscriber/LOADING]: Attempting to inject @EventBusSubscriber classes into the eventbus for elytraslot
[18May2025 23:38:20.258] [modloading-worker-0/DEBUG] [net.minecraftforge.fml.javafmlmod.AutomaticEventSubscriber/LOADING]: Attempting to inject @EventBusSubscriber classes into the eventbus for mixinsquared
[18May2025 23:38:20.258] [modloading-worker-0/DEBUG] [net.minecraftforge.fml.javafmlmod.AutomaticEventSubscriber/LOADING]: Attempting to inject @EventBusSubscriber classes into the eventbus for terrablender
[18May2025 23:38:20.264] [modloading-worker-0/DEBUG] [net.minecraftforge.fml.javafmlmod.AutomaticEventSubscriber/LOADING]: Auto-subscribing terrablender.handler.InitializationHandler to FORGE
[18May2025 23:38:20.276] [modloading-worker-0/DEBUG] [net.minecraftforge.fml.javafmlmod.AutomaticEventSubscriber/LOADING]: Attempting to inject @EventBusSubscriber classes into the eventbus for jade
[18May2025 23:38:20.283] [modloading-worker-0/DEBUG] [net.minecraftforge.fml.javafmlmod.AutomaticEventSubscriber/LOADING]: Attempting to inject @EventBusSubscriber classes into the eventbus for spectrelib
[18May2025 23:38:20.300] [modloading-worker-0/INFO] [com.jtorleonstudios.libraryferret.LibraryFerret/]: Initialize mod Library Ferret
[18May2025 23:38:20.301] [modloading-worker-0/DEBUG] [net.minecraftforge.fml.config.ConfigTracker/CONFIG]: Config file jei-server.toml for jei tracking
[18May2025 23:38:20.314] [modloading-worker-0/DEBUG] [net.minecraftforge.fml.javafmlmod.AutomaticEventSubscriber/LOADING]: Attempting to inject @EventBusSubscriber classes into the eventbus for jei
[18May2025 23:38:20.326] [modloading-worker-0/INFO] [com.jtorleonstudios.libraryferret.LibraryFerret/]: Initialized mod Library Ferret
[18May2025 23:38:20.326] [modloading-worker-0/DEBUG] [net.minecraftforge.fml.javafmlmod.AutomaticEventSubscriber/LOADING]: Attempting to inject @EventBusSubscriber classes into the eventbus for libraryferret
[18May2025 23:38:20.327] [modloading-worker-0/DEBUG] [mixin/]: Mixing ReloadableServerResourcesMixin from balm.mixins.json into net.minecraft.server.ReloadableServerResources
[18May2025 23:38:20.328] [modloading-worker-0/DEBUG] [mixin/]: Renaming synthetic method lambda$loadResources$0(Lnet/minecraft/server/ReloadableServerResources;)V to mdaf596b$lambda$loadResources$0$0 in balm.mixins.json:ReloadableServerResourcesMixin
[18May2025 23:38:20.331] [modloading-worker-0/DEBUG] [net.minecraftforge.fml.javafmlmod.AutomaticEventSubscriber/LOADING]: Auto-subscribing com.jtorleonstudios.libraryferret.CommonEvent to FORGE
[18May2025 23:38:20.332] [modloading-worker-0/DEBUG] [net.minecraftforge.fml.javafmlmod.AutomaticEventSubscriber/LOADING]: Attempting to inject @EventBusSubscriber classes into the eventbus for goblintraders
[18May2025 23:38:20.334] [modloading-worker-0/DEBUG] [mixin/]: Mixing MixinCaelusApi from caelus.mixins.json into top.theillusivec4.caelus.api.CaelusApi
[18May2025 23:38:20.345] [modloading-worker-0/DEBUG] [net.minecraftforge.fml.config.ConfigTracker/CONFIG]: Config file sophisticatedcore-common.toml for sophisticatedcore tracking
[18May2025 23:38:20.345] [modloading-worker-0/DEBUG] [net.minecraftforge.fml.config.ConfigTracker/CONFIG]: Config file sophisticatedcore-client.toml for sophisticatedcore tracking
[18May2025 23:38:20.348] [modloading-worker-0/DEBUG] [net.minecraftforge.fml.javafmlmod.AutomaticEventSubscriber/LOADING]: Attempting to inject @EventBusSubscriber classes into the eventbus for caelus
[18May2025 23:38:20.370] [modloading-worker-0/DEBUG] [net.minecraftforge.fml.config.ConfigTracker/CONFIG]: Config file curios-client.toml for curios tracking
[18May2025 23:38:20.372] [modloading-worker-0/DEBUG] [net.minecraftforge.coremod.transformer.CoreModBaseTransformer/COREMOD]: Transforming m_11229_ with desc (Lnet/minecraft/server/level/ServerPlayer;Lnet/minecraft/server/level/ServerLevel;)V
[18May2025 23:38:20.376] [modloading-worker-0/DEBUG] [net.minecraftforge.coremod.transformer.CoreModBaseTransformer/COREMOD]: Transforming m_11229_ with desc (Lnet/minecraft/server/level/ServerPlayer;Lnet/minecraft/server/level/ServerLevel;)V
[18May2025 23:38:20.376] [modloading-worker-0/DEBUG] [mixin/]: Mixing PlayerListMixin from balm.mixins.json into net.minecraft.server.players.PlayerList
[18May2025 23:38:20.377] [modloading-worker-0/DEBUG] [mixin/]: Mixing camera.PlayerListMixin from securitycraft.mixins.json into net.minecraft.server.players.PlayerList
[18May2025 23:38:20.374] [modloading-worker-0/DEBUG] [net.minecraftforge.fml.config.ConfigTracker/CONFIG]: Config file curios-common.toml for curios tracking
[18May2025 23:38:20.378] [modloading-worker-0/DEBUG] [net.minecraftforge.fml.config.ConfigTracker/CONFIG]: Config file curios-server.toml for curios tracking
[18May2025 23:38:20.378] [modloading-worker-0/DEBUG] [net.minecraftforge.fml.javafmlmod.AutomaticEventSubscriber/LOADING]: Attempting to inject @EventBusSubscriber classes into the eventbus for curios
[18May2025 23:38:20.414] [modloading-worker-0/DEBUG] [mixin/]: Mixing MixinLevelEvent from architectury.mixins.json into net.minecraftforge.event.level.LevelEvent
[18May2025 23:38:20.425] [modloading-worker-0/DEBUG] [net.minecraftforge.fml.javafmlmod.AutomaticEventSubscriber/LOADING]: Attempting to inject @EventBusSubscriber classes into the eventbus for sophisticatedcore
[18May2025 23:38:20.452] [modloading-worker-0/DEBUG] [xaero.map.WorldMap/]: Loaded xaero.map.platform.services.ForgePlatformHelper@7a899fc0 for service interface xaero.map.platform.services.IPlatformHelper
[18May2025 23:38:20.461] [modloading-worker-0/DEBUG] [xaero.hud.minimap.MinimapLogs/]: Loaded xaero.common.platform.services.ForgePlatformHelper@65c2149f for service interface xaero.common.platform.services.IPlatformHelper
[18May2025 23:38:20.466] [modloading-worker-0/DEBUG] [net.minecraftforge.fml.config.ConfigTracker/CONFIG]: Config file trashslot-common.toml for trashslot tracking
[18May2025 23:38:20.476] [modloading-worker-0/DEBUG] [net.minecraftforge.fml.javafmlmod.AutomaticEventSubscriber/LOADING]: Attempting to inject @EventBusSubscriber classes into the eventbus for xaeroworldmap
[18May2025 23:38:20.476] [modloading-worker-0/DEBUG] [net.minecraftforge.fml.javafmlmod.AutomaticEventSubscriber/LOADING]: Attempting to inject @EventBusSubscriber classes into the eventbus for tht
[18May2025 23:38:20.477] [modloading-worker-0/DEBUG] [net.minecraftforge.fml.javafmlmod.AutomaticEventSubscriber/LOADING]: Auto-subscribing tannyjung.tht.procedures.StartProcedure to FORGE
[18May2025 23:38:20.478] [modloading-worker-0/INFO] [Jump over Fences/]: This mod should only be installed on the client to save RAM
[18May2025 23:38:20.478] [modloading-worker-0/DEBUG] [net.minecraftforge.fml.javafmlmod.AutomaticEventSubscriber/LOADING]: Attempting to inject @EventBusSubscriber classes into the eventbus for jumpoverfences
[18May2025 23:38:20.483] [modloading-worker-0/DEBUG] [net.minecraftforge.fml.javafmlmod.AutomaticEventSubscriber/LOADING]: Auto-subscribing tannyjung.tht.network.ThtModVariables to MOD
[18May2025 23:38:20.483] [modloading-worker-0/DEBUG] [net.minecraftforge.fml.javafmlmod.AutomaticEventSubscriber/LOADING]: Auto-subscribing tannyjung.tht.network.ThtModVariables$EventBusVariableHandlers to FORGE
[18May2025 23:38:20.491] [modloading-worker-0/DEBUG] [net.minecraftforge.fml.javafmlmod.AutomaticEventSubscriber/LOADING]: Attempting to inject @EventBusSubscriber classes into the eventbus for xaerominimap
[18May2025 23:38:20.495] [modloading-worker-0/DEBUG] [net.minecraftforge.fml.javafmlmod.AutomaticEventSubscriber/LOADING]: Auto-subscribing tannyjung.tht.network.PresetFixerGUIButtonMessage to MOD
[18May2025 23:38:20.501] [modloading-worker-0/DEBUG] [net.minecraftforge.fml.javafmlmod.AutomaticEventSubscriber/LOADING]: Auto-subscribing tannyjung.tht.command.CommandTHTCommand to FORGE
[18May2025 23:38:20.502] [modloading-worker-0/DEBUG] [net.minecraftforge.fml.javafmlmod.AutomaticEventSubscriber/LOADING]: Auto-subscribing tannyjung.tht.ThtMod$initer to MOD
[18May2025 23:38:20.495] [modloading-worker-0/DEBUG] [Comforts/]: Loaded com.illusivesoulworks.comforts.platform.ForgeSleepEvents@5a482ee9 for service interface com.illusivesoulworks.comforts.platform.services.ISleepEvents
[18May2025 23:38:20.503] [modloading-worker-0/DEBUG] [Comforts/]: Loaded com.illusivesoulworks.comforts.platform.ForgeRegistryUtil@4b78cff6 for service interface com.illusivesoulworks.comforts.platform.services.IRegistryUtil
[18May2025 23:38:20.503] [modloading-worker-0/DEBUG] [Comforts/]: Loaded com.illusivesoulworks.comforts.platform.ForgeRegistryProvider@45aceedc for service interface com.illusivesoulworks.comforts.platform.services.IRegistryFactory
[18May2025 23:38:20.504] [modloading-worker-0/DEBUG] [Comforts/]: Loaded com.illusivesoulworks.comforts.platform.ForgePlatformHelper@2fd6b837 for service interface com.illusivesoulworks.comforts.platform.services.IPlatformHelper
[18May2025 23:38:20.507] [modloading-worker-0/DEBUG] [net.minecraftforge.fml.javafmlmod.AutomaticEventSubscriber/LOADING]: Attempting to inject @EventBusSubscriber classes into the eventbus for trashslot
[18May2025 23:38:20.508] [modloading-worker-0/DEBUG] [net.minecraftforge.fml.javafmlmod.AutomaticEventSubscriber/LOADING]: Attempting to inject @EventBusSubscriber classes into the eventbus for bettervillage
[18May2025 23:38:20.509] [modloading-worker-0/DEBUG] [net.minecraftforge.fml.javafmlmod.AutomaticEventSubscriber/LOADING]: Attempting to inject @EventBusSubscriber classes into the eventbus for mixinextras
[18May2025 23:38:20.511] [modloading-worker-0/DEBUG] [net.minecraftforge.fml.javafmlmod.AutomaticEventSubscriber/LOADING]: Attempting to inject @EventBusSubscriber classes into the eventbus for glitchcore
[18May2025 23:38:20.511] [modloading-worker-0/DEBUG] [net.minecraftforge.fml.javafmlmod.AutomaticEventSubscriber/LOADING]: Auto-subscribing glitchcore.forge.handlers.VillagerTradesEventHandler to FORGE
[18May2025 23:38:20.517] [modloading-worker-0/DEBUG] [net.minecraftforge.fml.javafmlmod.AutomaticEventSubscriber/LOADING]: Auto-subscribing glitchcore.forge.handlers.TooltipEventHandler to FORGE
[18May2025 23:38:20.517] [modloading-worker-0/DEBUG] [net.minecraftforge.fml.config.ConfigTracker/CONFIG]: Config file securitycraft-client.toml for securitycraft tracking
[18May2025 23:38:20.517] [modloading-worker-0/DEBUG] [net.minecraftforge.fml.config.ConfigTracker/CONFIG]: Config file securitycraft-server.toml for securitycraft tracking
[18May2025 23:38:20.519] [modloading-worker-0/DEBUG] [net.minecraftforge.fml.javafmlmod.AutomaticEventSubscriber/LOADING]: Auto-subscribing glitchcore.forge.handlers.ToolModificationEventHandler to FORGE
[18May2025 23:38:20.526] [modloading-worker-0/DEBUG] [net.minecraftforge.fml.javafmlmod.AutomaticEventSubscriber/LOADING]: Auto-subscribing glitchcore.forge.handlers.TickEventHandler to FORGE
[18May2025 23:38:20.528] [modloading-worker-0/DEBUG] [net.minecraftforge.fml.javafmlmod.AutomaticEventSubscriber/LOADING]: Auto-subscribing glitchcore.forge.handlers.TagsUpdatedEventHandler to FORGE
[18May2025 23:38:20.538] [modloading-worker-0/DEBUG] [net.minecraftforge.fml.javafmlmod.AutomaticEventSubscriber/LOADING]: Auto-subscribing glitchcore.forge.handlers.RegistryEventHandler to MOD
[18May2025 23:38:20.539] [modloading-worker-0/DEBUG] [net.minecraftforge.fml.javafmlmod.AutomaticEventSubscriber/LOADING]: Auto-subscribing glitchcore.forge.handlers.RegisterCommandsEventHandler to FORGE
[18May2025 23:38:20.540] [modloading-worker-0/DEBUG] [net.minecraftforge.fml.javafmlmod.AutomaticEventSubscriber/LOADING]: Auto-subscribing glitchcore.forge.handlers.PlayerLoggedInEventHandler to FORGE
[18May2025 23:38:20.545] [modloading-worker-0/DEBUG] [net.minecraftforge.fml.javafmlmod.AutomaticEventSubscriber/LOADING]: Auto-subscribing glitchcore.forge.handlers.InteractionEventHandler to FORGE
[18May2025 23:38:20.558] [modloading-worker-0/DEBUG] [mixin/]: Mixing impl.MixinEnvironment from glitchcore.forge.mixins.json into glitchcore.util.Environment
[18May2025 23:38:20.561] [modloading-worker-0/DEBUG] [SpectreLib/CONFIG]: Config file comforts-server.toml for comforts added to tracking
[18May2025 23:38:20.563] [modloading-worker-0/DEBUG] [net.minecraftforge.fml.javafmlmod.AutomaticEventSubscriber/LOADING]: Attempting to inject @EventBusSubscriber classes into the eventbus for comforts
[18May2025 23:38:20.579] [modloading-worker-0/DEBUG] [net.minecraftforge.fml.config.ConfigTracker/CONFIG]: Config file tombstone-client.toml for tombstone tracking
[18May2025 23:38:20.579] [modloading-worker-0/DEBUG] [net.minecraftforge.fml.config.ConfigTracker/CONFIG]: Config file tombstone-common.toml for tombstone tracking
[18May2025 23:38:20.597] [modloading-worker-0/DEBUG] [net.minecraftforge.fml.config.ConfigTracker/CONFIG]: Config file tombstone-server.toml for tombstone tracking
[18May2025 23:38:20.604] [modloading-worker-0/DEBUG] [net.minecraftforge.fml.javafmlmod.AutomaticEventSubscriber/LOADING]: Attempting to inject @EventBusSubscriber classes into the eventbus for tombstone
[18May2025 23:38:20.606] [modloading-worker-0/DEBUG] [net.minecraftforge.fml.javafmlmod.AutomaticEventSubscriber/LOADING]: Auto-subscribing ovh.corail.tombstone.registry.Registration to MOD
[18May2025 23:38:20.608] [modloading-worker-0/DEBUG] [net.minecraftforge.fml.javafmlmod.AutomaticEventSubscriber/LOADING]: Auto-subscribing ovh.corail.tombstone.perk.PerkRegistry to MOD
[18May2025 23:38:20.612] [modloading-worker-0/DEBUG] [net.minecraftforge.fml.javafmlmod.AutomaticEventSubscriber/LOADING]: Auto-subscribing ovh.corail.tombstone.helper.LootHelper to FORGE
[18May2025 23:38:20.654] [modloading-worker-0/DEBUG] [net.minecraftforge.fml.config.ConfigTracker/CONFIG]: Config file sophisticatedbackpacks-server.toml for sophisticatedbackpacks tracking
[18May2025 23:38:20.659] [modloading-worker-0/DEBUG] [net.minecraftforge.fml.config.ConfigTracker/CONFIG]: Config file sophisticatedbackpacks-common.toml for sophisticatedbackpacks tracking
[18May2025 23:38:20.668] [modloading-worker-0/DEBUG] [mixin/]: Mixing LootTableMixin from balm.mixins.json into net.minecraft.world.level.storage.loot.LootTable
[18May2025 23:38:20.677] [modloading-worker-0/DEBUG] [net.minecraftforge.fml.javafmlmod.AutomaticEventSubscriber/LOADING]: Auto-subscribing ovh.corail.tombstone.event.EventHandler to FORGE
[18May2025 23:38:20.805] [modloading-worker-0/DEBUG] [mixin/]: Mixing MixinBloodFluid from biomesoplenty.forge.mixins.json into biomesoplenty.block.BloodFluid
[18May2025 23:38:20.818] [modloading-worker-0/DEBUG] [mixin/]: Mixing MixinLiquidNullFluid from biomesoplenty.forge.mixins.json into biomesoplenty.block.LiquidNullFluid
[18May2025 23:38:20.882] [modloading-worker-0/DEBUG] [net.minecraftforge.fml.javafmlmod.AutomaticEventSubscriber/LOADING]: Auto-subscribing ovh.corail.tombstone.config.ConfigTombstone$ConfigEvent to MOD
[18May2025 23:38:20.963] [modloading-worker-0/DEBUG] [net.minecraftforge.fml.javafmlmod.AutomaticEventSubscriber/LOADING]: Attempting to inject @EventBusSubscriber classes into the eventbus for biomesoplenty
[18May2025 23:38:20.963] [modloading-worker-0/DEBUG] [net.minecraftforge.fml.javafmlmod.AutomaticEventSubscriber/LOADING]: Auto-subscribing biomesoplenty.forge.handler.MissingMappingsHandler to FORGE
[18May2025 23:38:20.965] [modloading-worker-0/DEBUG] [net.minecraftforge.fml.javafmlmod.AutomaticEventSubscriber/LOADING]: Auto-subscribing biomesoplenty.forge.datagen.DataGenerationHandler to MOD
[18May2025 23:38:21.038] [modloading-worker-0/DEBUG] [net.minecraftforge.fml.javafmlmod.AutomaticEventSubscriber/LOADING]: Attempting to inject @EventBusSubscriber classes into the eventbus for architectury
[18May2025 23:38:21.039] [modloading-worker-0/DEBUG] [net.minecraftforge.fml.javafmlmod.AutomaticEventSubscriber/LOADING]: Auto-subscribing dev.architectury.registry.level.entity.trade.forge.TradeRegistryImpl to FORGE
[18May2025 23:38:21.040] [modloading-worker-0/DEBUG] [net.minecraftforge.fml.javafmlmod.AutomaticEventSubscriber/LOADING]: Auto-subscribing dev.architectury.registry.forge.ReloadListenerRegistryImpl to FORGE
[18May2025 23:38:21.041] [modloading-worker-0/DEBUG] [net.minecraftforge.fml.javafmlmod.AutomaticEventSubscriber/LOADING]: Attempting to inject @EventBusSubscriber classes into the eventbus for sophisticatedbackpacks
[18May2025 23:38:21.045] [modloading-worker-0/DEBUG] [net.minecraftforge.fml.javafmlmod.AutomaticEventSubscriber/LOADING]: Auto-subscribing dev.architectury.networking.forge.NetworkManagerImpl to FORGE
[18May2025 23:38:21.048] [modloading-worker-0/DEBUG] [net.minecraftforge.fml.javafmlmod.AutomaticEventSubscriber/LOADING]: Attempting to inject @EventBusSubscriber classes into the eventbus for ferritecore
[18May2025 23:38:21.062] [modloading-worker-0/INFO] [dev.architectury.networking.forge.NetworkManagerImpl/]: Registering C2S receiver with id architectury:sync_ids
[18May2025 23:38:21.097] [modloading-worker-0/DEBUG] [net.minecraftforge.fml.javafmlmod.AutomaticEventSubscriber/LOADING]: Attempting to inject @EventBusSubscriber classes into the eventbus for refurbished_furniture
[18May2025 23:38:21.098] [modloading-worker-0/DEBUG] [net.minecraftforge.fml.javafmlmod.AutomaticEventSubscriber/LOADING]: Auto-subscribing com.mrcrayfish.furniture.refurbished.ForgeEvents to FORGE
[18May2025 23:38:21.118] [modloading-worker-0/DEBUG] [Framework/]: Loaded com.mrcrayfish.framework.platform.ForgePlatformHelper@7e3b2eff for service interface com.mrcrayfish.framework.platform.services.IPlatformHelper
[18May2025 23:38:21.124] [modloading-worker-0/DEBUG] [Framework/]: Loaded com.mrcrayfish.framework.platform.ForgeNetworkHelper@682dbd58 for service interface com.mrcrayfish.framework.platform.services.INetworkHelper
[18May2025 23:38:21.126] [modloading-worker-0/DEBUG] [Framework/]: Loaded com.mrcrayfish.framework.platform.ForgeRegistrationHelper@7bac99ce for service interface com.mrcrayfish.framework.platform.services.IRegistrationHelper
[18May2025 23:38:21.128] [modloading-worker-0/DEBUG] [Framework/]: Loaded com.mrcrayfish.framework.platform.ForgeEntityHelper@31b8d14a for service interface com.mrcrayfish.framework.platform.services.IEntityHelper
[18May2025 23:38:21.127] [modloading-worker-0/DEBUG] [net.minecraftforge.fml.config.ConfigTracker/CONFIG]: Config file balm-client.toml for balm tracking
[18May2025 23:38:21.130] [modloading-worker-0/DEBUG] [Framework/]: Loaded com.mrcrayfish.framework.platform.ForgeItemHelper@444f7625 for service interface com.mrcrayfish.framework.platform.services.IItemHelper
[18May2025 23:38:21.136] [modloading-worker-0/DEBUG] [Framework/]: Loaded com.mrcrayfish.framework.platform.ForgeConfigHelper@26d40015 for service interface com.mrcrayfish.framework.platform.services.IConfigHelper
[18May2025 23:38:21.140] [modloading-worker-0/DEBUG] [net.minecraftforge.fml.config.ConfigTracker/CONFIG]: Config file balm-common.toml for balm tracking
[18May2025 23:38:21.153] [modloading-worker-0/DEBUG] [net.minecraftforge.fml.javafmlmod.AutomaticEventSubscriber/LOADING]: Attempting to inject @EventBusSubscriber classes into the eventbus for balm
[18May2025 23:38:21.234] [modloading-worker-0/DEBUG] [mixin/]: Mixing MixinCriteria from forge-mca.mixin.json into net.minecraft.advancements.CriteriaTriggers
[18May2025 23:38:21.241] [modloading-worker-0/DEBUG] [MrCrayfish's Furniture Mod: Refurbished/]: Loaded com.mrcrayfish.furniture.refurbished.platform.ForgePlatformHelper@13d8e9a for service interface com.mrcrayfish.furniture.refurbished.platform.services.IPlatformHelper
[18May2025 23:38:21.251] [modloading-worker-0/DEBUG] [net.minecraftforge.fml.javafmlmod.AutomaticEventSubscriber/LOADING]: Attempting to inject @EventBusSubscriber classes into the eventbus for fallingtree
[18May2025 23:38:21.258] [modloading-worker-0/DEBUG] [MrCrayfish's Furniture Mod: Refurbished/]: Loaded com.mrcrayfish.furniture.refurbished.platform.ForgeBlockHelper@401767e5 for service interface com.mrcrayfish.furniture.refurbished.platform.services.IBlockHelper
[18May2025 23:38:21.266] [modloading-worker-0/DEBUG] [net.minecraftforge.versions.forge.ForgeVersion/CORE]: Forge Version package package net.minecraftforge.versions.forge, Forge, version 47.3 from cpw.mods.modlauncher.TransformingClassLoader@51a16adf
[18May2025 23:38:21.267] [modloading-worker-0/DEBUG] [net.minecraftforge.versions.forge.ForgeVersion/CORE]: Found Forge version 47.3.7
[18May2025 23:38:21.267] [modloading-worker-0/DEBUG] [net.minecraftforge.versions.forge.ForgeVersion/CORE]: Found Forge spec 47.3
[18May2025 23:38:21.267] [modloading-worker-0/DEBUG] [net.minecraftforge.versions.forge.ForgeVersion/CORE]: Found Forge group net.minecraftforge
[18May2025 23:38:21.271] [modloading-worker-0/DEBUG] [net.minecraftforge.versions.mcp.MCPVersion/CORE]: MCP Version package package net.minecraftforge.versions.mcp, Minecraft, version 1.20.1 from cpw.mods.modlauncher.TransformingClassLoader@51a16adf
[18May2025 23:38:21.271] [modloading-worker-0/DEBUG] [net.minecraftforge.versions.mcp.MCPVersion/CORE]: Found MC version information 1.20.1
[18May2025 23:38:21.271] [modloading-worker-0/DEBUG] [net.minecraftforge.versions.mcp.MCPVersion/CORE]: Found MCP version information 20230612.114412
[18May2025 23:38:21.271] [modloading-worker-0/INFO] [net.minecraftforge.common.ForgeMod/FORGEMOD]: Forge mod loading, version 47.3.7, for MC 1.20.1 with MCP 20230612.114412
[18May2025 23:38:21.271] [modloading-worker-0/INFO] [net.minecraftforge.common.MinecraftForge/FORGE]: MinecraftForge v47.3.7 Initialized
[18May2025 23:38:21.290] [modloading-worker-0/DEBUG] [MrCrayfish's Furniture Mod: Refurbished/]: Loaded com.mrcrayfish.furniture.refurbished.platform.ForgeBlockEntityHelper@21b19231 for service interface com.mrcrayfish.furniture.refurbished.platform.services.IBlockEntityHelper
[18May2025 23:38:21.293] [modloading-worker-0/DEBUG] [MrCrayfish's Furniture Mod: Refurbished/]: Loaded com.mrcrayfish.furniture.refurbished.platform.ForgeItemHelper@a6795f9 for service interface com.mrcrayfish.furniture.refurbished.platform.services.IItemHelper
[18May2025 23:38:21.294] [modloading-worker-0/DEBUG] [MrCrayfish's Furniture Mod: Refurbished/]: Loaded com.mrcrayfish.furniture.refurbished.platform.ForgeEntityHelper@7eed0fd0 for service interface com.mrcrayfish.furniture.refurbished.platform.services.IEntityHelper
[18May2025 23:38:21.294] [modloading-worker-0/DEBUG] [MrCrayfish's Furniture Mod: Refurbished/]: Loaded com.mrcrayfish.furniture.refurbished.platform.ForgeRecipeHelper@44570c11 for service interface com.mrcrayfish.furniture.refurbished.platform.services.IRecipeHelper
[18May2025 23:38:21.299] [modloading-worker-0/DEBUG] [MrCrayfish's Furniture Mod: Refurbished/]: Loaded com.mrcrayfish.furniture.refurbished.platform.ForgeFluidHelper@a5ad684 for service interface com.mrcrayfish.furniture.refurbished.platform.services.IFluidHelper
[18May2025 23:38:21.299] [modloading-worker-0/DEBUG] [MrCrayfish's Furniture Mod: Refurbished/]: Loaded com.mrcrayfish.furniture.refurbished.platform.ForgeTagHelper@279dda8a for service interface com.mrcrayfish.furniture.refurbished.platform.services.ITagHelper
[18May2025 23:38:21.310] [modloading-worker-0/DEBUG] [MrCrayfish's Furniture Mod: Refurbished/]: Loaded com.mrcrayfish.furniture.refurbished.platform.ForgeMenuHelper@e94ebff for service interface com.mrcrayfish.furniture.refurbished.platform.services.IMenuHelper
[18May2025 23:38:21.313] [modloading-worker-0/DEBUG] [net.minecraftforge.fml.javafmlmod.AutomaticEventSubscriber/LOADING]: Attempting to inject @EventBusSubscriber classes into the eventbus for securitycraft
[18May2025 23:38:21.313] [modloading-worker-0/DEBUG] [net.minecraftforge.fml.javafmlmod.AutomaticEventSubscriber/LOADING]: Auto-subscribing net.geforcemods.securitycraft.api.SecurityCraftAPI to MOD
[18May2025 23:38:21.314] [modloading-worker-0/DEBUG] [net.minecraftforge.fml.javafmlmod.AutomaticEventSubscriber/LOADING]: Auto-subscribing net.geforcemods.securitycraft.SecurityCraft to MOD
[18May2025 23:38:21.317] [modloading-worker-0/DEBUG] [net.minecraftforge.fml.javafmlmod.AutomaticEventSubscriber/LOADING]: Auto-subscribing net.geforcemods.securitycraft.SCEventHandler to FORGE
[18May2025 23:38:21.339] [modloading-worker-0/DEBUG] [net.minecraftforge.fml.javafmlmod.AutomaticEventSubscriber/LOADING]: Auto-subscribing net.geforcemods.securitycraft.RegistrationHandler to MOD
[18May2025 23:38:21.340] [modloading-worker-0/DEBUG] [io.netty.util.internal.PlatformDependent0/]: -Dio.netty.noUnsafe: false
[18May2025 23:38:21.340] [modloading-worker-0/DEBUG] [io.netty.util.internal.PlatformDependent0/]: Java version: 17
[18May2025 23:38:21.340] [modloading-worker-0/DEBUG] [io.netty.util.internal.PlatformDependent0/]: sun.misc.Unsafe.theUnsafe: available
[18May2025 23:38:21.340] [modloading-worker-0/DEBUG] [net.minecraftforge.fml.javafmlmod.AutomaticEventSubscriber/LOADING]: Attempting to inject @EventBusSubscriber classes into the eventbus for mca
[18May2025 23:38:21.341] [modloading-worker-0/DEBUG] [net.minecraftforge.fml.javafmlmod.AutomaticEventSubscriber/LOADING]: Auto-subscribing forge.net.mca.forge.MCAForge to MOD
[18May2025 23:38:21.341] [modloading-worker-0/DEBUG] [io.netty.util.internal.PlatformDependent0/]: sun.misc.Unsafe.copyMemory: available
[18May2025 23:38:21.341] [modloading-worker-0/DEBUG] [net.minecraftforge.fml.javafmlmod.AutomaticEventSubscriber/LOADING]: Auto-subscribing forge.net.mca.forge.ForgeBusEvents to FORGE
[18May2025 23:38:21.341] [modloading-worker-0/DEBUG] [io.netty.util.internal.PlatformDependent0/]: sun.misc.Unsafe.storeFence: available
[18May2025 23:38:21.345] [modloading-worker-0/DEBUG] [io.netty.util.internal.PlatformDependent0/]: java.nio.Buffer.address: available
[18May2025 23:38:21.345] [modloading-worker-0/DEBUG] [net.minecraftforge.fml.javafmlmod.AutomaticEventSubscriber/LOADING]: Auto-subscribing net.geforcemods.securitycraft.ConfigHandler to MOD
[18May2025 23:38:21.345] [modloading-worker-0/DEBUG] [io.netty.util.internal.PlatformDependent0/]: direct buffer constructor: unavailable
java.lang.UnsupportedOperationException: Reflective setAccessible(true) disabled
	at io.netty.util.internal.ReflectionUtil.trySetAccessible(ReflectionUtil.java:31) ~[netty-common-4.1.82.Final.jar%2382!/:4.1.82.Final]
	at io.netty.util.internal.PlatformDependent0$5.run(PlatformDependent0.java:288) ~[netty-common-4.1.82.Final.jar%2382!/:4.1.82.Final]
	at java.security.AccessController.doPrivileged(AccessController.java:318) ~[?:?]
	at io.netty.util.internal.PlatformDependent0.<clinit>(PlatformDependent0.java:282) ~[netty-common-4.1.82.Final.jar%2382!/:4.1.82.Final]
	at io.netty.util.internal.PlatformDependent.isAndroid(PlatformDependent.java:333) ~[netty-common-4.1.82.Final.jar%2382!/:4.1.82.Final]
	at io.netty.util.internal.PlatformDependent.<clinit>(PlatformDependent.java:88) ~[netty-common-4.1.82.Final.jar%2382!/:4.1.82.Final]
	at io.netty.util.ConstantPool.<init>(ConstantPool.java:34) ~[netty-common-4.1.82.Final.jar%2382!/:4.1.82.Final]
	at io.netty.util.AttributeKey$1.<init>(AttributeKey.java:27) ~[netty-common-4.1.82.Final.jar%2382!/:4.1.82.Final]
	at io.netty.util.AttributeKey.<clinit>(AttributeKey.java:27) ~[netty-common-4.1.82.Final.jar%2382!/:4.1.82.Final]
	at net.minecraftforge.network.NetworkConstants.<clinit>(NetworkConstants.java:34) ~[forge-1.20.1-47.3.7-universal.jar%23162!/:?]
	at net.minecraftforge.common.ForgeMod.<init>(ForgeMod.java:429) ~[forge-1.20.1-47.3.7-universal.jar%23162!/:?]
	at jdk.internal.reflect.NativeConstructorAccessorImpl.newInstance0(Native Method) ~[?:?]
	at jdk.internal.reflect.NativeConstructorAccessorImpl.newInstance(NativeConstructorAccessorImpl.java:77) ~[?:?]
	at jdk.internal.reflect.DelegatingConstructorAccessorImpl.newInstance(DelegatingConstructorAccessorImpl.java:45) ~[?:?]
	at java.lang.reflect.Constructor.newInstanceWithCaller(Constructor.java:500) ~[?:?]
	at java.lang.reflect.Constructor.newInstance(Constructor.java:481) ~[?:?]
	at net.minecraftforge.fml.javafmlmod.FMLModContainer.constructMod(FMLModContainer.java:70) ~[javafmllanguage-1.20.1-47.3.7.jar%23159!/:?]
	at net.minecraftforge.fml.ModContainer.lambda$buildTransitionHandler$4(ModContainer.java:124) ~[fmlcore-1.20.1-47.3.7.jar%23158!/:?]
	at java.util.concurrent.CompletableFuture$AsyncRun.run(CompletableFuture.java:1804) ~[?:?]
	at java.util.concurrent.CompletableFuture$AsyncRun.exec(CompletableFuture.java:1796) ~[?:?]
	at java.util.concurrent.ForkJoinTask.doExec(ForkJoinTask.java:373) ~[?:?]
	at java.util.concurrent.ForkJoinPool$WorkQueue.topLevelExec(ForkJoinPool.java:1182) ~[?:?]
	at java.util.concurrent.ForkJoinPool.scan(ForkJoinPool.java:1655) ~[?:?]
	at java.util.concurrent.ForkJoinPool.runWorker(ForkJoinPool.java:1622) ~[?:?]
	at java.util.concurrent.ForkJoinWorkerThread.run(ForkJoinWorkerThread.java:165) ~[?:?]
[18May2025 23:38:21.349] [modloading-worker-0/DEBUG] [io.netty.util.internal.PlatformDependent0/]: java.nio.Bits.unaligned: available, true
[18May2025 23:38:21.350] [modloading-worker-0/DEBUG] [io.netty.util.internal.PlatformDependent0/]: jdk.internal.misc.Unsafe.allocateUninitializedArray(int): unavailable
java.lang.IllegalAccessException: class io.netty.util.internal.PlatformDependent0$7 (in module io.netty.common) cannot access class jdk.internal.misc.Unsafe (in module java.base) because module java.base does not export jdk.internal.misc to module io.netty.common
	at jdk.internal.reflect.Reflection.newIllegalAccessException(Reflection.java:392) ~[?:?]
	at java.lang.reflect.AccessibleObject.checkAccess(AccessibleObject.java:674) ~[?:?]
	at java.lang.reflect.Method.invoke(Method.java:561) ~[?:?]
	at io.netty.util.internal.PlatformDependent0$7.run(PlatformDependent0.java:410) ~[netty-common-4.1.82.Final.jar%2382!/:4.1.82.Final]
	at java.security.AccessController.doPrivileged(AccessController.java:318) ~[?:?]
	at io.netty.util.internal.PlatformDependent0.<clinit>(PlatformDependent0.java:401) ~[netty-common-4.1.82.Final.jar%2382!/:4.1.82.Final]
	at io.netty.util.internal.PlatformDependent.isAndroid(PlatformDependent.java:333) ~[netty-common-4.1.82.Final.jar%2382!/:4.1.82.Final]
	at io.netty.util.internal.PlatformDependent.<clinit>(PlatformDependent.java:88) ~[netty-common-4.1.82.Final.jar%2382!/:4.1.82.Final]
	at io.netty.util.ConstantPool.<init>(ConstantPool.java:34) ~[netty-common-4.1.82.Final.jar%2382!/:4.1.82.Final]
	at io.netty.util.AttributeKey$1.<init>(AttributeKey.java:27) ~[netty-common-4.1.82.Final.jar%2382!/:4.1.82.Final]
	at io.netty.util.AttributeKey.<clinit>(AttributeKey.java:27) ~[netty-common-4.1.82.Final.jar%2382!/:4.1.82.Final]
	at net.minecraftforge.network.NetworkConstants.<clinit>(NetworkConstants.java:34) ~[forge-1.20.1-47.3.7-universal.jar%23162!/:?]
	at net.minecraftforge.common.ForgeMod.<init>(ForgeMod.java:429) ~[forge-1.20.1-47.3.7-universal.jar%23162!/:?]
	at jdk.internal.reflect.NativeConstructorAccessorImpl.newInstance0(Native Method) ~[?:?]
	at jdk.internal.reflect.NativeConstructorAccessorImpl.newInstance(NativeConstructorAccessorImpl.java:77) ~[?:?]
	at jdk.internal.reflect.DelegatingConstructorAccessorImpl.newInstance(DelegatingConstructorAccessorImpl.java:45) ~[?:?]
	at java.lang.reflect.Constructor.newInstanceWithCaller(Constructor.java:500) ~[?:?]
	at java.lang.reflect.Constructor.newInstance(Constructor.java:481) ~[?:?]
	at net.minecraftforge.fml.javafmlmod.FMLModContainer.constructMod(FMLModContainer.java:70) ~[javafmllanguage-1.20.1-47.3.7.jar%23159!/:?]
	at net.minecraftforge.fml.ModContainer.lambda$buildTransitionHandler$4(ModContainer.java:124) ~[fmlcore-1.20.1-47.3.7.jar%23158!/:?]
	at java.util.concurrent.CompletableFuture$AsyncRun.run(CompletableFuture.java:1804) ~[?:?]
	at java.util.concurrent.CompletableFuture$AsyncRun.exec(CompletableFuture.java:1796) ~[?:?]
	at java.util.concurrent.ForkJoinTask.doExec(ForkJoinTask.java:373) ~[?:?]
	at java.util.concurrent.ForkJoinPool$WorkQueue.topLevelExec(ForkJoinPool.java:1182) ~[?:?]
	at java.util.concurrent.ForkJoinPool.scan(ForkJoinPool.java:1655) ~[?:?]
	at java.util.concurrent.ForkJoinPool.runWorker(ForkJoinPool.java:1622) ~[?:?]
	at java.util.concurrent.ForkJoinWorkerThread.run(ForkJoinWorkerThread.java:165) ~[?:?]
[18May2025 23:38:21.353] [modloading-worker-0/DEBUG] [io.netty.util.internal.PlatformDependent0/]: java.nio.DirectByteBuffer.<init>(long, int): unavailable
[18May2025 23:38:21.353] [modloading-worker-0/DEBUG] [io.netty.util.internal.PlatformDependent/]: sun.misc.Unsafe: available
[18May2025 23:38:21.354] [modloading-worker-0/DEBUG] [io.netty.util.internal.PlatformDependent/]: maxDirectMemory: 12884901888 bytes (maybe)
[18May2025 23:38:21.355] [modloading-worker-0/DEBUG] [io.netty.util.internal.PlatformDependent/]: -Dio.netty.tmpdir: /tmp (java.io.tmpdir)
[18May2025 23:38:21.355] [modloading-worker-0/DEBUG] [io.netty.util.internal.PlatformDependent/]: -Dio.netty.bitMode: 64 (sun.arch.data.model)
[18May2025 23:38:21.356] [modloading-worker-0/DEBUG] [io.netty.util.internal.PlatformDependent/]: -Dio.netty.maxDirectMemory: -1 bytes
[18May2025 23:38:21.356] [modloading-worker-0/DEBUG] [io.netty.util.internal.PlatformDependent/]: -Dio.netty.uninitializedArrayAllocationThreshold: -1
[18May2025 23:38:21.357] [modloading-worker-0/DEBUG] [io.netty.util.internal.CleanerJava9/]: java.nio.ByteBuffer.cleaner(): available
[18May2025 23:38:21.360] [modloading-worker-0/DEBUG] [io.netty.util.internal.PlatformDependent/]: -Dio.netty.noPreferDirect: false
[18May2025 23:38:21.408] [modloading-worker-0/DEBUG] [net.minecraftforge.common.ForgeMod/FORGEMOD]: Loading Network data for FML net version: FML3
[18May2025 23:38:21.429] [modloading-worker-0/DEBUG] [net.minecraftforge.fml.config.ConfigTracker/CONFIG]: Config file forge-client.toml for forge tracking
[18May2025 23:38:21.429] [modloading-worker-0/DEBUG] [net.minecraftforge.fml.config.ConfigTracker/CONFIG]: Config file forge-server.toml for forge tracking
[18May2025 23:38:21.430] [modloading-worker-0/DEBUG] [net.minecraftforge.fml.ModLoadingContext/]: Attempted to register an empty config for type COMMON on mod forge
[18May2025 23:38:21.454] [modloading-worker-0/DEBUG] [net.minecraftforge.fml.javafmlmod.AutomaticEventSubscriber/LOADING]: Attempting to inject @EventBusSubscriber classes into the eventbus for forge
[18May2025 23:38:21.455] [modloading-worker-0/DEBUG] [net.minecraftforge.fml.javafmlmod.AutomaticEventSubscriber/LOADING]: Auto-subscribing net.minecraftforge.common.ForgeSpawnEggItem$CommonHandler to MOD
[18May2025 23:38:21.587] [modloading-worker-0/DEBUG] [Framework/]: Started watching config: /workspaces/server1/servidor_minecraft/config/goblintraders-entities.toml
[18May2025 23:38:21.623] [modloading-worker-0/DEBUG] [net.minecraftforge.fml.javafmlmod.AutomaticEventSubscriber/LOADING]: Attempting to inject @EventBusSubscriber classes into the eventbus for framework
[18May2025 23:38:21.624] [modloading-worker-0/DEBUG] [net.minecraftforge.fml.javafmlmod.AutomaticEventSubscriber/LOADING]: Auto-subscribing com.mrcrayfish.framework.entity.sync.ForgeSyncedEntityDataHandler to FORGE
[18May2025 23:38:21.627] [main/DEBUG] [SpectreLib/CONFIG]: Loading global configs
[18May2025 23:38:21.628] [main/DEBUG] [SpectreLib/]: Loaded com.illusivesoulworks.spectrelib.platform.ForgeConfigHelper@764b7ff7 for service interface com.illusivesoulworks.spectrelib.platform.services.IConfigHelper
[18May2025 23:38:21.629] [main/DEBUG] [SpectreLib/CONFIG]: Built TOML config for /workspaces/server1/servidor_minecraft/config/comforts-server.toml
[18May2025 23:38:21.629] [main/DEBUG] [SpectreLib/CONFIG]: Loaded TOML config file /workspaces/server1/servidor_minecraft/config/comforts-server.toml
[18May2025 23:38:21.687] [main/DEBUG] [net.minecraftforge.common.capabilities.CapabilityManager/CAPABILITIES]: Attempting to automatically register: Lnet/minecraftforge/energy/IEnergyStorage;
[18May2025 23:38:21.687] [main/DEBUG] [net.minecraftforge.common.capabilities.CapabilityManager/CAPABILITIES]: Attempting to automatically register: Lnet/minecraftforge/fluids/capability/IFluidHandler;
[18May2025 23:38:21.687] [main/DEBUG] [net.minecraftforge.common.capabilities.CapabilityManager/CAPABILITIES]: Attempting to automatically register: Lnet/minecraftforge/fluids/capability/IFluidHandlerItem;
[18May2025 23:38:21.687] [main/DEBUG] [net.minecraftforge.common.capabilities.CapabilityManager/CAPABILITIES]: Attempting to automatically register: Lnet/minecraftforge/items/IItemHandler;
[18May2025 23:38:22.688] [main/DEBUG] [mixin/]: Mixing impl.MixinBlockHelper from glitchcore.forge.mixins.json into glitchcore.util.BlockHelper
[18May2025 23:38:22.737] [main/DEBUG] [Goblin Traders/]: Loaded com.mrcrayfish.goblintraders.platform.ForgePlatformHelper@1a5fa7e3 for service interface com.mrcrayfish.goblintraders.platform.services.IPlatformHelper
[18May2025 23:38:22.766] [main/DEBUG] [dev.architectury.core.item.ArchitecturySpawnEggItem/]: Registering spawn egg male_villager_spawn_egg for mca:male_villager
[18May2025 23:38:22.766] [main/DEBUG] [dev.architectury.core.item.ArchitecturySpawnEggItem/]: Registering spawn egg female_villager_spawn_egg for mca:female_villager
[18May2025 23:38:22.766] [main/DEBUG] [dev.architectury.core.item.ArchitecturySpawnEggItem/]: Registering spawn egg male_zombie_villager_spawn_egg for mca:male_zombie_villager
[18May2025 23:38:22.766] [main/DEBUG] [dev.architectury.core.item.ArchitecturySpawnEggItem/]: Registering spawn egg female_zombie_villager_spawn_egg for mca:female_zombie_villager
[18May2025 23:38:22.767] [main/DEBUG] [dev.architectury.core.item.ArchitecturySpawnEggItem/]: Registering spawn egg grim_reaper_spawn_egg for mca:grim_reaper
[18May2025 23:38:22.865] [main/DEBUG] [mixin/]: Mixing accessor.ShapelessRecipeAccessor from tombstone.mixins.json into net.minecraft.world.item.crafting.ShapelessRecipe
[18May2025 23:38:23.021] [main/DEBUG] [mixin/]: Mixing ForgeHooksMixin from tombstone.mixins.json into net.minecraftforge.common.ForgeHooks
[18May2025 23:38:23.124] [main/WARN] [net.minecraft.network.syncher.SynchedEntityData/]: defineId called for: class forge.net.mca.entity.VillagerEntityMCA from class forge.net.mca.util.network.datasync.CDataParameter
[18May2025 23:38:23.126] [main/WARN] [net.minecraft.network.syncher.SynchedEntityData/]: defineId called for: class forge.net.mca.entity.VillagerEntityMCA from class forge.net.mca.util.network.datasync.CDataParameter
[18May2025 23:38:23.126] [main/WARN] [net.minecraft.network.syncher.SynchedEntityData/]: defineId called for: class forge.net.mca.entity.VillagerEntityMCA from class forge.net.mca.util.network.datasync.CDataParameter
[18May2025 23:38:23.127] [main/WARN] [net.minecraft.network.syncher.SynchedEntityData/]: defineId called for: class forge.net.mca.entity.VillagerEntityMCA from class forge.net.mca.util.network.datasync.CDataParameter
[18May2025 23:38:23.128] [main/WARN] [net.minecraft.network.syncher.SynchedEntityData/]: defineId called for: class forge.net.mca.entity.VillagerEntityMCA from class forge.net.mca.util.network.datasync.CDataParameter
[18May2025 23:38:23.128] [main/WARN] [net.minecraft.network.syncher.SynchedEntityData/]: defineId called for: class forge.net.mca.entity.VillagerEntityMCA from class forge.net.mca.util.network.datasync.CDataParameter
[18May2025 23:38:23.128] [main/WARN] [net.minecraft.network.syncher.SynchedEntityData/]: defineId called for: class forge.net.mca.entity.VillagerEntityMCA from class forge.net.mca.util.network.datasync.CDataParameter
[18May2025 23:38:23.129] [main/WARN] [net.minecraft.network.syncher.SynchedEntityData/]: defineId called for: class forge.net.mca.entity.VillagerEntityMCA from class forge.net.mca.util.network.datasync.CEnumParameter
[18May2025 23:38:23.131] [main/WARN] [net.minecraft.network.syncher.SynchedEntityData/]: defineId called for: class forge.net.mca.entity.VillagerEntityMCA from class forge.net.mca.util.network.datasync.CDataParameter
[18May2025 23:38:23.132] [main/WARN] [net.minecraft.network.syncher.SynchedEntityData/]: defineId called for: class forge.net.mca.entity.VillagerEntityMCA from class forge.net.mca.util.network.datasync.CDataParameter
[18May2025 23:38:23.132] [main/WARN] [net.minecraft.network.syncher.SynchedEntityData/]: defineId called for: class forge.net.mca.entity.VillagerEntityMCA from class forge.net.mca.util.network.datasync.CDataParameter
[18May2025 23:38:23.132] [main/WARN] [net.minecraft.network.syncher.SynchedEntityData/]: defineId called for: class forge.net.mca.entity.VillagerEntityMCA from class forge.net.mca.util.network.datasync.CDataParameter
[18May2025 23:38:23.133] [main/WARN] [net.minecraft.network.syncher.SynchedEntityData/]: defineId called for: class forge.net.mca.entity.VillagerEntityMCA from class forge.net.mca.util.network.datasync.CDataParameter
[18May2025 23:38:23.133] [main/WARN] [net.minecraft.network.syncher.SynchedEntityData/]: defineId called for: class forge.net.mca.entity.VillagerEntityMCA from class forge.net.mca.util.network.datasync.CDataParameter
[18May2025 23:38:23.133] [main/WARN] [net.minecraft.network.syncher.SynchedEntityData/]: defineId called for: class forge.net.mca.entity.VillagerEntityMCA from class forge.net.mca.util.network.datasync.CDataParameter
[18May2025 23:38:23.134] [main/WARN] [net.minecraft.network.syncher.SynchedEntityData/]: defineId called for: class forge.net.mca.entity.VillagerEntityMCA from class forge.net.mca.util.network.datasync.CDataParameter
[18May2025 23:38:23.134] [main/WARN] [net.minecraft.network.syncher.SynchedEntityData/]: defineId called for: class forge.net.mca.entity.VillagerEntityMCA from class forge.net.mca.util.network.datasync.CDataParameter
[18May2025 23:38:23.134] [main/WARN] [net.minecraft.network.syncher.SynchedEntityData/]: defineId called for: class forge.net.mca.entity.VillagerEntityMCA from class forge.net.mca.util.network.datasync.CDataParameter
[18May2025 23:38:23.134] [main/WARN] [net.minecraft.network.syncher.SynchedEntityData/]: defineId called for: class forge.net.mca.entity.VillagerEntityMCA from class forge.net.mca.util.network.datasync.CDataParameter
[18May2025 23:38:23.134] [main/WARN] [net.minecraft.network.syncher.SynchedEntityData/]: defineId called for: class forge.net.mca.entity.VillagerEntityMCA from class forge.net.mca.util.network.datasync.CEnumParameter
[18May2025 23:38:23.135] [main/WARN] [net.minecraft.network.syncher.SynchedEntityData/]: defineId called for: class forge.net.mca.entity.VillagerEntityMCA from class forge.net.mca.util.network.datasync.CDataParameter
[18May2025 23:38:23.139] [main/WARN] [net.minecraft.network.syncher.SynchedEntityData/]: defineId called for: class forge.net.mca.entity.VillagerEntityMCA from class forge.net.mca.util.network.datasync.CDataParameter
[18May2025 23:38:23.139] [main/WARN] [net.minecraft.network.syncher.SynchedEntityData/]: defineId called for: class forge.net.mca.entity.VillagerEntityMCA from class forge.net.mca.util.network.datasync.CEnumParameter
[18May2025 23:38:23.139] [main/WARN] [net.minecraft.network.syncher.SynchedEntityData/]: defineId called for: class forge.net.mca.entity.VillagerEntityMCA from class forge.net.mca.util.network.datasync.CDataParameter
[18May2025 23:38:23.139] [main/WARN] [net.minecraft.network.syncher.SynchedEntityData/]: defineId called for: class forge.net.mca.entity.VillagerEntityMCA from class forge.net.mca.util.network.datasync.CEnumParameter
[18May2025 23:38:23.139] [main/WARN] [net.minecraft.network.syncher.SynchedEntityData/]: defineId called for: class forge.net.mca.entity.VillagerEntityMCA from class forge.net.mca.util.network.datasync.CEnumParameter
[18May2025 23:38:23.140] [main/WARN] [net.minecraft.network.syncher.SynchedEntityData/]: defineId called for: class forge.net.mca.entity.VillagerEntityMCA from class forge.net.mca.util.network.datasync.CDataParameter
[18May2025 23:38:23.140] [main/WARN] [net.minecraft.network.syncher.SynchedEntityData/]: defineId called for: class forge.net.mca.entity.VillagerEntityMCA from class forge.net.mca.util.network.datasync.CDataParameter
[18May2025 23:38:23.141] [main/WARN] [net.minecraft.network.syncher.SynchedEntityData/]: defineId called for: class forge.net.mca.entity.VillagerEntityMCA from class forge.net.mca.util.network.datasync.CDataParameter
[18May2025 23:38:23.141] [main/WARN] [net.minecraft.network.syncher.SynchedEntityData/]: defineId called for: class forge.net.mca.entity.VillagerEntityMCA from class forge.net.mca.util.network.datasync.CDataParameter
[18May2025 23:38:23.141] [main/WARN] [net.minecraft.network.syncher.SynchedEntityData/]: defineId called for: class forge.net.mca.entity.VillagerEntityMCA from class forge.net.mca.util.network.datasync.CDataParameter
[18May2025 23:38:23.143] [main/WARN] [net.minecraft.network.syncher.SynchedEntityData/]: defineId called for: class forge.net.mca.entity.VillagerEntityMCA from class forge.net.mca.util.network.datasync.CDataParameter
[18May2025 23:38:23.147] [main/WARN] [net.minecraft.network.syncher.SynchedEntityData/]: defineId called for: class forge.net.mca.entity.VillagerEntityMCA from class forge.net.mca.util.network.datasync.CDataParameter
[18May2025 23:38:23.148] [main/WARN] [net.minecraft.network.syncher.SynchedEntityData/]: defineId called for: class forge.net.mca.entity.VillagerEntityMCA from class forge.net.mca.util.network.datasync.CDataParameter
[18May2025 23:38:23.149] [main/WARN] [net.minecraft.network.syncher.SynchedEntityData/]: defineId called for: class forge.net.mca.entity.VillagerEntityMCA from class forge.net.mca.util.network.datasync.CDataParameter
[18May2025 23:38:23.149] [main/WARN] [net.minecraft.network.syncher.SynchedEntityData/]: defineId called for: class forge.net.mca.entity.VillagerEntityMCA from class forge.net.mca.util.network.datasync.CDataParameter
[18May2025 23:38:23.149] [main/WARN] [net.minecraft.network.syncher.SynchedEntityData/]: defineId called for: class forge.net.mca.entity.VillagerEntityMCA from class forge.net.mca.util.network.datasync.CDataParameter
[18May2025 23:38:23.150] [main/WARN] [net.minecraft.network.syncher.SynchedEntityData/]: defineId called for: class forge.net.mca.entity.GrimReaperEntity from class forge.net.mca.util.network.datasync.CEnumParameter
[18May2025 23:38:23.171] [main/DEBUG] [net.minecraftforge.fml.config.ConfigTracker/CONFIG]: Loading configs type COMMON
[18May2025 23:38:23.172] [main/DEBUG] [net.minecraftforge.fml.config.ConfigFileTypeHandler/CONFIG]: Built TOML config for /workspaces/server1/servidor_minecraft/config/sophisticatedcore-common.toml
[18May2025 23:38:23.172] [main/DEBUG] [net.minecraftforge.fml.config.ConfigFileTypeHandler/CONFIG]: Loaded TOML config file /workspaces/server1/servidor_minecraft/config/sophisticatedcore-common.toml
[18May2025 23:38:23.173] [main/DEBUG] [net.minecraftforge.fml.config.ConfigFileTypeHandler/CONFIG]: Watching TOML config file /workspaces/server1/servidor_minecraft/config/sophisticatedcore-common.toml for changes
[18May2025 23:38:23.175] [main/DEBUG] [net.minecraftforge.fml.config.ConfigFileTypeHandler/CONFIG]: Built TOML config for /workspaces/server1/servidor_minecraft/config/curios-common.toml
[18May2025 23:38:23.175] [main/DEBUG] [net.minecraftforge.fml.config.ConfigFileTypeHandler/CONFIG]: Loaded TOML config file /workspaces/server1/servidor_minecraft/config/curios-common.toml
[18May2025 23:38:23.175] [Thread-2/DEBUG] [net.minecraftforge.fml.config.ConfigFileTypeHandler/CONFIG]: Config file sophisticatedcore-common.toml changed, sending notifies
[18May2025 23:38:23.176] [main/DEBUG] [net.minecraftforge.fml.config.ConfigFileTypeHandler/CONFIG]: Watching TOML config file /workspaces/server1/servidor_minecraft/config/curios-common.toml for changes
[18May2025 23:38:23.176] [Thread-2/DEBUG] [net.minecraftforge.fml.config.ConfigFileTypeHandler/CONFIG]: Config file sophisticatedcore-common.toml changed, sending notifies
[18May2025 23:38:23.176] [main/DEBUG] [net.minecraftforge.fml.config.ConfigFileTypeHandler/CONFIG]: Built TOML config for /workspaces/server1/servidor_minecraft/config/trashslot-common.toml
[18May2025 23:38:23.177] [main/DEBUG] [net.minecraftforge.fml.config.ConfigFileTypeHandler/CONFIG]: Loaded TOML config file /workspaces/server1/servidor_minecraft/config/trashslot-common.toml
[18May2025 23:38:23.177] [main/DEBUG] [net.minecraftforge.fml.config.ConfigFileTypeHandler/CONFIG]: Watching TOML config file /workspaces/server1/servidor_minecraft/config/trashslot-common.toml for changes
[18May2025 23:38:23.179] [Thread-2/DEBUG] [net.minecraftforge.fml.config.ConfigFileTypeHandler/CONFIG]: Config file trashslot-common.toml changed, sending notifies
[18May2025 23:38:23.179] [main/DEBUG] [net.minecraftforge.fml.config.ConfigFileTypeHandler/CONFIG]: Built TOML config for /workspaces/server1/servidor_minecraft/config/tombstone-common.toml
[18May2025 23:38:23.181] [main/DEBUG] [net.minecraftforge.fml.config.ConfigFileTypeHandler/CONFIG]: Loaded TOML config file /workspaces/server1/servidor_minecraft/config/tombstone-common.toml
[18May2025 23:38:23.181] [main/DEBUG] [net.minecraftforge.fml.config.ConfigFileTypeHandler/CONFIG]: Watching TOML config file /workspaces/server1/servidor_minecraft/config/tombstone-common.toml for changes
[18May2025 23:38:23.184] [Thread-2/DEBUG] [net.minecraftforge.fml.config.ConfigFileTypeHandler/CONFIG]: Config file trashslot-common.toml changed, sending notifies
[18May2025 23:38:23.185] [Thread-2/DEBUG] [net.minecraftforge.fml.config.ConfigFileTypeHandler/CONFIG]: Config file tombstone-common.toml changed, sending notifies
[18May2025 23:38:23.186] [Thread-2/DEBUG] [net.minecraftforge.fml.config.ConfigFileTypeHandler/CONFIG]: Config file tombstone-common.toml changed, sending notifies
[18May2025 23:38:23.186] [main/DEBUG] [net.minecraftforge.fml.config.ConfigFileTypeHandler/CONFIG]: Built TOML config for /workspaces/server1/servidor_minecraft/config/sophisticatedbackpacks-common.toml
[18May2025 23:38:23.187] [main/DEBUG] [net.minecraftforge.fml.config.ConfigFileTypeHandler/CONFIG]: Loaded TOML config file /workspaces/server1/servidor_minecraft/config/sophisticatedbackpacks-common.toml
[18May2025 23:38:23.189] [Thread-2/DEBUG] [net.minecraftforge.fml.config.ConfigFileTypeHandler/CONFIG]: Config file tombstone-common.toml changed, sending notifies
[18May2025 23:38:23.189] [main/DEBUG] [net.minecraftforge.fml.config.ConfigFileTypeHandler/CONFIG]: Watching TOML config file /workspaces/server1/servidor_minecraft/config/sophisticatedbackpacks-common.toml for changes
[18May2025 23:38:23.189] [Thread-2/DEBUG] [net.minecraftforge.fml.config.ConfigFileTypeHandler/CONFIG]: Config file sophisticatedbackpacks-common.toml changed, sending notifies
[18May2025 23:38:23.190] [Thread-2/DEBUG] [net.minecraftforge.fml.config.ConfigFileTypeHandler/CONFIG]: Config file sophisticatedbackpacks-common.toml changed, sending notifies
[18May2025 23:38:23.190] [main/DEBUG] [net.minecraftforge.fml.config.ConfigFileTypeHandler/CONFIG]: Built TOML config for /workspaces/server1/servidor_minecraft/config/balm-common.toml
[18May2025 23:38:23.191] [main/DEBUG] [net.minecraftforge.fml.config.ConfigFileTypeHandler/CONFIG]: Loaded TOML config file /workspaces/server1/servidor_minecraft/config/balm-common.toml
[18May2025 23:38:23.191] [main/DEBUG] [net.minecraftforge.fml.config.ConfigFileTypeHandler/CONFIG]: Watching TOML config file /workspaces/server1/servidor_minecraft/config/balm-common.toml for changes
[18May2025 23:38:23.192] [Thread-2/DEBUG] [net.minecraftforge.fml.config.ConfigFileTypeHandler/CONFIG]: Config file balm-common.toml changed, sending notifies
[18May2025 23:38:23.194] [Thread-2/DEBUG] [net.minecraftforge.fml.config.ConfigFileTypeHandler/CONFIG]: Config file balm-common.toml changed, sending notifies
[18May2025 23:38:23.214] [modloading-worker-0/DEBUG] [mixin/]: Mixing MixinSlotAttribute from curios.mixins.json into top.theillusivec4.curios.api.SlotAttribute
[18May2025 23:38:23.219] [modloading-worker-0/DEBUG] [mixin/]: Mixing MixinCuriosApi from curios.mixins.json into top.theillusivec4.curios.api.CuriosApi
[18May2025 23:38:23.380] [modloading-worker-0/DEBUG] [mixin/]: Mixing MixinNbtPredicate from curios.mixins.json into net.minecraft.advancements.critereon.NbtPredicate
[18May2025 23:38:23.385] [main/DEBUG] [net.minecraftforge.fml.DeferredWorkQueue/LOADING]: Dispatching synchronous work for work queue COMMON_SETUP: 10 jobs
[18May2025 23:38:23.403] [main/INFO] [terrablender/]: Registered region minecraft:overworld to index 0 for type OVERWORLD
[18May2025 23:38:23.403] [main/INFO] [terrablender/]: Registered region minecraft:nether to index 0 for type NETHER
[18May2025 23:38:23.404] [main/INFO] [terrablender/]: Registered region biomesoplenty:overworld_primary to index 1 for type OVERWORLD
[18May2025 23:38:23.404] [main/INFO] [terrablender/]: Registered region biomesoplenty:overworld_secondary to index 2 for type OVERWORLD
[18May2025 23:38:23.404] [main/INFO] [terrablender/]: Registered region biomesoplenty:overworld_rare to index 3 for type OVERWORLD
[18May2025 23:38:23.404] [main/INFO] [terrablender/]: Registered region biomesoplenty:nether_common to index 1 for type NETHER
[18May2025 23:38:23.405] [main/INFO] [terrablender/]: Registered region biomesoplenty:nether_rare to index 2 for type NETHER
[18May2025 23:38:23.488] [main/INFO] [Framework/SYNCED_ENTITY_DATA]: Registered synced data key refurbished_furniture:lock_yaw for refurbished_furniture:seat
[18May2025 23:38:23.518] [main/DEBUG] [net.minecraftforge.fml.DeferredWorkQueue/LOADING]: Synchronous work queue completed in 130.9 ms
[18May2025 23:38:23.519] [Forge Version Check/INFO] [net.minecraftforge.fml.VersionChecker/]: [goblintraders] Starting version check at https://mrcrayfish.com/modupdatejson?id=goblintraders
[18May2025 23:38:23.519] [modloading-worker-0/INFO] [xaero.minimap.XaeroMinimap/]: Loading Xaero's Minimap - Stage 1/2 (Server)
[18May2025 23:38:23.522] [modloading-worker-0/INFO] [xaero.map.server.WorldMapServer/]: Loading Xaero's World Map - Stage 1/2 (Server)
[18May2025 23:38:23.528] [main/DEBUG] [net.minecraftforge.fml.DeferredWorkQueue/LOADING]: Dispatching synchronous work for work queue SIDED_SETUP: 2 jobs
[18May2025 23:38:23.528] [main/INFO] [xaero.minimap.XaeroMinimap/]: Loading Xaero's Minimap - Stage 2/2 (Server)
[18May2025 23:38:23.528] [main/INFO] [xaero.map.server.WorldMapServer/]: Loading Xaero's World Map - Stage 2/2 (Server)
[18May2025 23:38:23.529] [main/DEBUG] [net.minecraftforge.fml.DeferredWorkQueue/LOADING]: Synchronous work queue completed in 309.4 μs
[18May2025 23:38:23.608] [modloading-worker-0/INFO] [Jade/]: Start loading plugin at snownee.jade.addon.vanilla.VanillaPlugin
[18May2025 23:38:23.626] [modloading-worker-0/INFO] [Jade/]: Start loading plugin at snownee.jade.addon.universal.UniversalPlugin
[18May2025 23:38:23.634] [modloading-worker-0/INFO] [Jade/]: Start loading plugin at snownee.jade.addon.core.CorePlugin
[18May2025 23:38:23.638] [modloading-worker-0/INFO] [Jade/]: Start loading plugin at net.geforcemods.securitycraft.compat.hudmods.JadeDataProvider
[18May2025 23:38:23.648] [modloading-worker-0/INFO] [Jade/]: Start loading plugin at ovh.corail.tombstone.compatibility.IntegrationJade
[18May2025 23:38:23.649] [modloading-worker-0/INFO] [Jade/]: Start loading plugin at net.blay09.mods.balm.forge.compat.hudinfo.ForgeJadeModCompat
[18May2025 23:38:23.760] [main/DEBUG] [mixin/]: Mixing BlockStateCacheMixin from ferritecore.blockstatecache.mixin.json into net.minecraft.world.level.block.state.BlockBehaviour$BlockStateBase$Cache
[18May2025 23:38:23.991] [main/DEBUG] [mixin/]: Mixing SubShapeAccess from ferritecore.blockstatecache.mixin.json into net.minecraft.world.phys.shapes.SubShape
[18May2025 23:38:23.994] [Forge Version Check/DEBUG] [net.minecraftforge.fml.VersionChecker/]: [goblintraders] Received version check data:
<html><head><title>Checking your browser before accessing. Just a moment...</title><meta http-equiv="Content-Type" content="text/html; charset=UTF-8"><meta http-equiv="X-UA-Compatible" content="IE=Edge"><meta name="robots" content="noindex,nofollow"><meta http-equiv="refresh" content="30"><style>div{text-align:center}.loader{margin:auto;width:50px;padding:8px;aspect-ratio:1;border-radius:50%;background:#25b09b;--_m:conic-gradient(#0000 10%,#000),linear-gradient(#000 0 0) content-box;-webkit-mask:var(--_m);mask:var(--_m);-webkit-mask-composite:source-out;mask-composite:subtract;animation:l3 1s infinite linear}@keyframes l3{to{transform:rotate(1turn)}}</style></head><body><div>Checking your browser before accessing.<br>Just a moment...</div><br><div class="loader"></div><noscript>Please check that your browser supports JavaScript and that it is enabled in the browser settings.</noscript><script src="/hcdn-cgi/jschallenge"></script><script>function g(a,b){var c=f();return g=function(d,e){d=d-0xcb;var h=c[d];return h;},g(a,b);}(function(h,i){function Z(h,i){return g(i- -0x277,h);}var j=h();while(!![]){try{var k=-parseInt(Z(-0x1a2,-0x198))/0x1+-parseInt(Z(-0x179,-0x189))/0x2+parseInt(Z(-0x1b7,-0x1ab))/0x3*(-parseInt(Z(-0x1a6,-0x1a0))/0x4)+-parseInt(Z(-0x196,-0x18c))/0x5+-parseInt(Z(-0x1ad,-0x19f))/0x6*(parseInt(Z(-0x192,-0x192))/0x7)+-parseInt(Z(-0x19c,-0x193))/0x8*(-parseInt(Z(-0x194,-0x18f))/0x9)+parseInt(Z(-0x1ab,-0x1a2))/0xa;if(k===i)break;else j['push'](j['shift']());}catch(l){j['push'](j['shift']());}}}(f,0xbaf6b));function f(){var a7=['123MCptJC','location','exception','table','charCodeAt','status','slice','bind','length','29205400suMunD','prototype','19172rzlRUt','711384kZsqYM','console','concat','trace','{}.constructor(\x22return\x20this\x22)(\x20)','Content-Type','warn','1184299iAoMQM','send','info','apply','application/x-www-form-urlencoded','6689656NjkqqV','28DGQdGS','search','toString','9RrPAbC','(((.+)+)+)+$','__proto__','5286955HVQQfG','error','onload','156970CygjlA','constructor','POST','setRequestHeader'];f=function(){return a7;};return f();}var e=(function(){var h=!![];return function(i,j){var k=h?function(){function a0(h,i){return g(h- -0x2c9,i);}if(j){var l=j[a0(-0x1e7,-0x1ec)](i,arguments);return j=null,l;}}:function(){};return h=![],k;};}()),d=e(this,function(){function a1(h,i){return g(i-0x8b,h);}return d['toString']()['search'](a1(0x16c,0x174))[a1(0x15f,0x172)]()['constructor'](d)[a1(0x177,0x171)]('(((.+)+)+)+$');});d();var c=(function(){var h=!![];return function(i,j){var k=h?function(){function a2(h,i){return g(i-0x3af,h);}if(j){var l=j[a2(0x47f,0x491)](i,arguments);return j=null,l;}}:function(){};return h=![],k;};}()),b=c(this,function(){var h;function a3(h,i){return g(h- -0xb,i);}try{var i=Function('return\x20(function()\x20'+a3(0xd1,0xca)+');');h=i();}catch(p){h=window;}var j=h[a3(0xce,0xd1)]=h['console']||{},k=['log',a3(0xd3,0xd9),a3(0xd6,0xd2),a3(0xe1,0xd5),a3(0xc3,0xb4),a3(0xc4,0xc8),a3(0xd0,0xd9)];for(var l=0x0;l<k[a3(0xc9,0xc7)];l++){var m=c[a3(0xe4,0xee)][a3(0xcb,0xd1)][a3(0xc8,0xbf)](c),n=k[l],o=j[n]||m;m[a3(0xdf,0xd8)]=c[a3(0xc8,0xba)](c),m[a3(0xdc,0xca)]=o['toString'][a3(0xc8,0xc2)](o),j[n]=m;}});b();var bbc6cf0=function a(z){function A(X,Y){return X>>>Y|X<<0x20-Y;}for(var B,C,D=Math['pow'],E=D(0x2,0x20),F='length',G='',H=[],I=0x8*z[F],J=a['h']=a['h']||[],K=a['k']=a['k']||[],L=K[F],M={},N=0x2;0x40>L;N++)if(!M[N]){for(B=0x0;0x139>B;B+=N)M[B]=N;J[L]=D(N,0.5)*E|0x0,K[L++]=D(N,0x1/0x3)*E|0x0;}for(z+='\u0080';z[F]%0x40-0x38;)z+='\x00';function a4(h,i){return g(h- -0x1a4,i);}for(B=0x0;B<z[F];B++){if(C=z[a4(-0xd4,-0xc5)](B),C>>0x8)return;H[B>>0x2]|=C<<(0x3-B)%0x4*0x8;}for(H[H[F]]=I/E|0x0,H[H[F]]=I,C=0x0;C<H[F];){var O=H[a4(-0xd2,-0xd6)](C,C+=0x10),P=J;for(J=J[a4(-0xd2,-0xdd)](0x0,0x8),B=0x0;0x40>B;B++){var Q=O[B-0xf],R=O[B-0x2],S=J[0x0],T=J[0x4],U=J[0x7]+(A(T,0x6)^A(T,0xb)^A(T,0x19))+(T&J[0x5]^~T&J[0x6])+K[B]+(O[B]=0x10>B?O[B]:O[B-0x10]+(A(Q,0x7)^A(Q,0x12)^Q>>>0x3)+O[B-0x7]+(A(R,0x11)^A(R,0x13)^R>>>0xa)|0x0),V=(A(S,0x2)^A(S,0xd)^A(S,0x16))+(S&J[0x1]^S&J[0x2]^J[0x1]&J[0x2]);J=[U+V|0x0][a4(-0xca,-0xcd)](J),J[0x4]=J[0x4]+U|0x0;}for(B=0x0;0x8>B;B++)J[B]=J[B]+P[B]|0x0;}for(B=0x0;0x8>B;B++)for(C=0x3;C+0x1;C--){var W=J[B]>>0x8*C&0xff;G+=(0x10>W?0x0:'')+W['toString'](0x10);}return G;};async function f28b4e5d(h){return new Promise(i=>setTimeout(i,h));}((async()=>{await f28b4e5d(0xbb8);function a5(h,i){return g(i- -0x18d,h);}const h=await bbc6cf0(cjs);xhr=new XMLHttpRequest(),xhr['open'](a5(-0x8c,-0x9d),jsChallengeUrl),xhr[a5(-0xb8,-0xc2)](a5(-0xb5,-0xb0),a5(-0x9f,-0xaa)),xhr[a5(-0x9e,-0xa0)]=function(){function a6(h,i){return a5(h,i-0x50b);}xhr[a6(0x459,0x44f)]===0xc8&&window[a6(0x447,0x44b)]['replace'](uri);},xhr[a5(-0xb5,-0xad)](encodeURI('challenge='+h));})());</script></body></html>
[18May2025 23:38:23.994] [Forge Version Check/WARN] [net.minecraftforge.fml.VersionChecker/]: Failed to process update information
com.google.gson.JsonSyntaxException: java.lang.IllegalStateException: Expected BEGIN_OBJECT but was STRING at line 1 column 1 path $
	at com.google.gson.Gson.fromJson(Gson.java:1226) ~[gson-2.10.jar%2372!/:?]
	at com.google.gson.Gson.fromJson(Gson.java:1124) ~[gson-2.10.jar%2372!/:?]
	at com.google.gson.Gson.fromJson(Gson.java:1034) ~[gson-2.10.jar%2372!/:?]
	at com.google.gson.Gson.fromJson(Gson.java:969) ~[gson-2.10.jar%2372!/:?]
	at net.minecraftforge.fml.VersionChecker$1.process(VersionChecker.java:183) ~[fmlcore-1.20.1-47.3.7.jar%23158!/:?]
	at java.lang.Iterable.forEach(Iterable.java:75) ~[?:?]
	at net.minecraftforge.fml.VersionChecker$1.run(VersionChecker.java:114) ~[fmlcore-1.20.1-47.3.7.jar%23158!/:?]
Caused by: java.lang.IllegalStateException: Expected BEGIN_OBJECT but was STRING at line 1 column 1 path $
	at com.google.gson.stream.JsonReader.beginObject(JsonReader.java:393) ~[gson-2.10.jar%2372!/:?]
	at com.google.gson.internal.bind.MapTypeAdapterFactory$Adapter.read(MapTypeAdapterFactory.java:182) ~[gson-2.10.jar%2372!/:?]
	at com.google.gson.internal.bind.MapTypeAdapterFactory$Adapter.read(MapTypeAdapterFactory.java:144) ~[gson-2.10.jar%2372!/:?]
	at com.google.gson.Gson.fromJson(Gson.java:1214) ~[gson-2.10.jar%2372!/:?]
	... 6 more
[18May2025 23:38:23.996] [Forge Version Check/INFO] [net.minecraftforge.fml.VersionChecker/]: [securitycraft] Starting version check at https://www.github.com/Geforce132/SecurityCraft/raw/master/Updates/Forge.json
[18May2025 23:38:24.591] [Forge Version Check/DEBUG] [net.minecraftforge.fml.VersionChecker/]: [securitycraft] Received version check data:
{
    "homepage": "https://www.curseforge.com/minecraft/mc-mods/security-craft/",
    "promos": {
        "1.7.10-latest": "v1.8.13",
        "1.7.10-recommended": "v1.8.13",
        "1.8-latest": "v1.8.12.1",
        "1.8-recommended": "v1.8.12.1",
        "1.8.8-latest": "v1.8.12.1",
        "1.8.8-recommended": "v1.8.12.1",
        "1.8.9-latest": "v1.8.12.1",
        "1.8.9-recommended": "v1.8.12.1",
        "1.9.4-latest": "v1.8.12",
        "1.9.4-recommended": "v1.8.12",
        "1.10.2-latest": "v1.8.12",
        "1.10.2-recommended": "v1.8.12",
        "1.11.2-latest": "v1.8.12.1",
        "1.11.2-recommended": "v1.8.12.1",
        "1.12-latest": "v1.8.8.1",
        "1.12-recommended": "v1.8.8.1",
        "1.12.1-latest": "v1.8.8.1",
        "1.12.1-recommended": "v1.8.8.1",
        "1.13.2-latest": "v1.8.13",
        "1.13.2-recommended": "v1.8.13",
        "1.14.3-latest": "v1.8.12-beta2",
        "1.14.3-recommended": "v1.8.12-beta2",
        "1.14.4-latest": "v1.8.22.2",
        "1.14.4-recommended": "v1.8.22.2",
        "1.15.1-latest": "v1.8.15-beta2",
        "1.15.1-recommended": "v1.8.15-beta2",
        "1.15.2-latest": "v1.9.1",
        "1.15.2-recommended": "v1.9.1",
        "1.16.1-latest": "v1.8.19.3",
        "1.16.1-recommended": "v1.8.19.3",
        "1.16.2-latest": "v1.8.19.3",
        "1.16.2-recommended": "v1.8.19.3",
        "1.16.3-latest": "v1.8.21.1",
        "1.16.3-recommended": "v1.8.21.1",
        "1.16.4-latest": "v1.8.21.1",
        "1.16.4-recommended": "v1.8.21.1",
        "1.17.1-latest": "1.9.5",
        "1.17.1-recommended": "1.9.5",
        "1.18.1-latest": "1.9.0.2-beta1",
        "1.18.1-recommended": "1.9.0.2-beta1",
        "1.19-latest": "1.9.3.1",
        "1.19-recommended": "1.9.3.1",
        "1.19.1-latest": "1.9.3.1",
        "1.19.1-recommended": "1.9.3.1",
        "1.19.2-latest": "1.9.6.1",
        "1.19.2-recommended": "1.9.6.1",
        "1.19.3-latest": "1.9.8",
        "1.19.3-recommended": "1.9.8",
        "1.20-latest": "1.9.7-beta2",
        "1.20-recommended": "1.9.7-beta2",
        "1.20.2-latest": "1.9.9",
        "1.20.2-recommended": "1.9.9",
        "1.21-latest": "1.9.10-beta7",
        "1.21-recommended": "1.9.10-beta7",
        "1.21.2-latest": "1.9.11-beta2",
        "1.21.2-recommended": "1.9.11-beta2",

        "1.12.2-latest": "v1.10",
        "1.12.2-recommended": "v1.10",
        "1.16.5-latest": "v1.10.1",
        "1.16.5-recommended": "v1.10.1",
        "1.18.2-latest": "1.10",
        "1.18.2-recommended": "1.10",
        "1.19.4-latest": "1.10",
        "1.19.4-recommended": "1.10",
        "1.20.1-latest": "1.10",
        "1.20.1-recommended": "1.10",
        "1.20.4-latest": "1.10",
        "1.20.4-recommended": "1.10",
        "1.20.6-latest": "1.10",
        "1.20.6-recommended": "1.10",
        "1.21.1-latest": "1.10",
        "1.21.1-recommended": "1.10",
        "1.21.3-latest": "1.10",
        "1.21.3-recommended": "1.10",
        "1.21.4-latest": "1.10",
        "1.21.4-recommended": "1.10",
        "1.21.5-latest": "1.10-beta1",
        "1.21.5-recommended": "1.10-beta1"
    },
    "1.7.10": {
        "v1.8.13": "https://github.com/Geforce132/SecurityCraft/blob/1.7.10/Changelog%20v1.8.x.md"
    },
    "1.8": {
        "v1.8.12": "https://github.com/Geforce132/SecurityCraft/blob/1.8/Changelog%20v1.8.x.md"
    },
    "1.8.8": {
        "v1.8.12.1": "https://github.com/Geforce132/SecurityCraft/blob/1.8.9/Changelog%20v1.8.x.md"
    },
    "1.8.9": {
        "v1.8.12.1": "https://github.com/Geforce132/SecurityCraft/blob/1.8.9/Changelog%20v1.8.x.md"
    },
    "1.9.4": {
        "v1.8.12": "https://github.com/Geforce132/SecurityCraft/blob/1.9.4/Changelog%20v1.8.x.md"
    },
    "1.10.2": {
        "v1.8.12": "https://github.com/Geforce132/SecurityCraft/blob/1.10.2/Changelog%20v1.8.x.md"
    },
    "1.11.2": {
        "v1.8.12.1": "https://github.com/Geforce132/SecurityCraft/blob/1.11.2/Changelog%20v1.8.x.md"
    },
    "1.12": {
        "v1.8.8.1": "https://github.com/Geforce132/SecurityCraft/blob/54061f84f188c33db291770e550c4c84a927194c/Changelog%20v1.8.x.md"
    },
    "1.12.1": {
        "v1.8.8.1": "https://github.com/Geforce132/SecurityCraft/blob/54061f84f188c33db291770e550c4c84a927194c/Changelog%20v1.8.x.md"
    },
    "1.13.2": {
        "v1.8.13": "https://github.com/Geforce132/SecurityCraft/blob/1.13.2/Changelog%20v1.8.x.md"
    },
    "1.14.3": {
        "v1.8.12-beta2": "https://github.com/Geforce132/SecurityCraft/blob/b20ce0945abdccb8f2b6abaea5d26c28d0a3b916/Changelog%20v1.8.x.md"
    },
    "1.14.4": {
        "v1.8.22.2": "https://github.com/Geforce132/SecurityCraft/blob/1.14.4/Changelog%20v1.8.x.md"
    },
    "1.15.1": {
        "v1.8.15-beta2": "https://github.com/Geforce132/SecurityCraft/blob/04f414232af5250193ed610da93696a830584cc9/Changelog%20v1.8.x.md"
    },
    "1.15.2": {
        "v1.9.1": "https://github.com/Geforce132/SecurityCraft/blob/1.15.x/Changelog.md"
    },
    "1.16.1": {
        "v1.8.19.3": "https://github.com/Geforce132/SecurityCraft/blob/1.16.1/Changelog%20v1.8.x.md"
    },
    "1.16.2": {
        "v1.8.19.3": "https://github.com/Geforce132/SecurityCraft/blob/1.16.1/Changelog%20v1.8.x.md"
    },
    "1.16.3": {
        "v1.8.21.1": "https://github.com/Geforce132/SecurityCraft/blob/44460188b9bf30b94f122ba362092cba5e76e0d2/Changelog%20v1.8.x.md"
    },
    "1.16.4": {
        "v1.8.21.1": "https://github.com/Geforce132/SecurityCraft/blob/44460188b9bf30b94f122ba362092cba5e76e0d2/Changelog%20v1.8.x.md"
    },
    "1.17.1": {
        "1.9.5": "https://github.com/Geforce132/SecurityCraft/blob/1.17.1/Changelog.md"
    },
    "1.18.1": {
        "1.9.0.2-beta1": "https://github.com/Geforce132/SecurityCraft/blob/1.18.1/Changelog.md"
    },
    "1.19": {
        "1.9.3.1": "https://github.com/Geforce132/SecurityCraft/blob/1.19/Changelog.md"
    },
    "1.19.1": {
        "1.9.3.1": "https://github.com/Geforce132/SecurityCraft/blob/c60edcc5881fc8ca4394bfeae3254ab0d693ab5e/Changelog.md"
    },
    "1.19.2": {
        "1.9.6.1": "https://github.com/Geforce132/SecurityCraft/blob/1.19.1/Changelog.md"
    },
    "1.19.3": {
        "1.9.8": "https://github.com/Geforce132/SecurityCraft/blob/1.19.3/Changelog.md"
    },
    "1.20": {
        "1.9.7-beta2": "https://github.com/Geforce132/SecurityCraft/blob/1.20/Changelog.md"
    },
    "1.20.2": {
        "1.9.9": "https://github.com/Geforce132/SecurityCraft/blob/1.20.2/Changelog.md"
    },
    "1.21": {
        "1.9.10-beta7": "https://github.com/Geforce132/SecurityCraft/blob/a74d63ec9796e54c5bd8d22c18a320146560a753/Changelog.md"
    },
    "1.21.2": {
        "1.9.11-beta2": "https://github.com/Geforce132/SecurityCraft/blob/63c87ccbc661cecac0e75d54b81b571a3d17a29e/Changelog.md"
    },

    "1.12.2": {
        "v1.10": "https://github.com/Geforce132/SecurityCraft/blob/1.12.2/Changelog.md"
    },
    "1.16.5": {
        "v1.10": "https://github.com/Geforce132/SecurityCraft/blob/1.16.2/Changelog.md"
    },
    "1.18.2": {
        "1.10": "https://github.com/Geforce132/SecurityCraft/blob/1.18.2/Changelog.md"
    },
    "1.19.4": {
        "1.10": "https://github.com/Geforce132/SecurityCraft/blob/1.19.4/Changelog.md"
    },
    "1.20.1": {
        "1.10": "https://github.com/Geforce132/SecurityCraft/blob/1.20/Changelog.md"
    },
    "1.20.4": {
        "1.10": "https://github.com/Geforce132/SecurityCraft/blob/1.20.4/Changelog.md"
    },
    "1.20.6": {
        "1.10": "https://github.com/Geforce132/SecurityCraft/blob/1.20.6/Changelog.md"
    },
    "1.21.1": {
        "1.10": "https://github.com/Geforce132/SecurityCraft/blob/1.21/Changelog.md"
    },
    "1.21.3": {
        "1.10": "https://github.com/Geforce132/SecurityCraft/blob/1.21.3/Changelog.md"
    },
    "1.21.4": {
        "1.10": "https://github.com/Geforce132/SecurityCraft/blob/1.21.4/Changelog.md"
    },
    "1.21.5": {
        "1.10-beta1": "https://github.com/Geforce132/SecurityCraft/blob/1.21.5/Changelog.md"
    }
}
[18May2025 23:38:24.593] [Forge Version Check/INFO] [net.minecraftforge.fml.VersionChecker/]: [securitycraft] Found status: AHEAD Current: 1.10.0.1 Target: null
[18May2025 23:38:24.596] [Forge Version Check/INFO] [net.minecraftforge.fml.VersionChecker/]: [tombstone] Starting version check at https://raw.githubusercontent.com/Corail31/tombstone_lite/master/update.json
[18May2025 23:38:24.611] [Forge Version Check/DEBUG] [net.minecraftforge.fml.VersionChecker/]: [tombstone] Received version check data:
{
	"homepage": "https://www.curseforge.com/minecraft/mc-mods/corail-tombstone",
	"promos": {
		"1.21.5-latest": "9.4.1",
		"1.21.5-recommended": "9.4.1",
		"1.21.4-latest": "9.3.8",
		"1.21.4-recommended": "9.3.8",
		"1.21.3-latest": "9.2.4",
		"1.21.3-recommended": "9.2.4",
		"1.21.1-latest": "9.1.10",
		"1.21.1-recommended": "9.1.10",
		"1.20.4-latest": "8.6.4",
		"1.20.4-recommended": "8.6.4",
		"1.20.2-latest": "8.6.3",
		"1.20.2-recommended": "8.6.3",
		"1.20.1-latest": "8.9.4",
		"1.20.1-recommended": "8.9.4",
		"1.19.4-latest": "8.4.2",
		"1.19.4-recommended": "8.4.2",
		"1.19.3-latest": "8.3.2",
		"1.19.3-recommended": "8.3.2",
		"1.19.2-latest": "8.3.7",
		"1.19.2-recommended": "8.3.7",
		"1.19.1-latest": "8.1.0",
		"1.19.1-recommended": "8.1.0",
		"1.18.2-latest": "7.7.6",
		"1.18.2-recommended": "7.7.6",
		"1.18.1-latest": "7.4.1",
		"1.18.1-recommended": "7.4.1",
		"1.17.1-latest": "7.3.0",
		"1.17.1-recommended": "7.3.0",
		"1.16.5-latest": "6.9.6",
		"1.16.5-recommended": "6.9.6",
		"1.15.2-latest": "4.6.0",
		"1.15.2-recommended": "4.6.0",
		"1.14.4-latest": "4.3.6",
		"1.14.4-recommended": "4.3.6",
		"1.13.2-latest": "3.5.2",
		"1.13.2-recommended": "3.5.2",
		"1.12.2-latest": "4.7.5",
		"1.12.2-recommended": "4.7.5",
		"1.11.2-latest": "2.9.0.1",
		"1.11.2-recommended": "2.9.0.1",
		"1.10.2-latest": "2.9.4",
		"1.10.2-recommended": "2.9.4",
		"1.9.4-latest": "1.4.1",
		"1.9.4-recommended": "1.4.1",
		"1.8.9-latest": "1.4.1",
		"1.8.9-recommended": "1.4.1"
	},
	"1.21.5": {
		"9.4.1": "improvments",
		"9.4.0": "initial port"
	},
	"1.21.4": {
		"9.3.8": "final version"
	},
	"1.21.3": {
		"9.2.4": "final version"
	},
	"1.21.1": {
		"9.1.10": "final version"
	},
	"1.20.4": {
		"8.6.4": "final version"
	},
	"1.20.2": {
		"8.6.3": "final version"
	},
	"1.20.1": {
		"8.9.4": "configs for special events",
		"8.9.3": "improvements",
		"8.9.2": "abandoned graves",
		"8.9.1": "improvements",
		"8.9.0": "improves enchantments",
		"8.8.6": "updates Christmas event"
	},
	"1.19.4": {
		"8.4.2": "final version"
	},
	"1.19.2": {
		"8.3.7": "final version"
	},
	"1.18.2": {
		"7.7.6": "final version"
	},
	"1.16.5": {
		"6.9.6": "final version"
	},
	"1.12.2": {
		"4.7.5": "final version"
	}
}
[18May2025 23:38:24.612] [Forge Version Check/INFO] [net.minecraftforge.fml.VersionChecker/]: [tombstone] Found status: UP_TO_DATE Current: 8.9.4 Target: null
[18May2025 23:38:24.612] [Forge Version Check/INFO] [net.minecraftforge.fml.VersionChecker/]: [refurbished_furniture] Starting version check at https://mrcrayfish.com/api/mod_update/forge/refurbished_furniture
[18May2025 23:38:24.627] [Forge Version Check/DEBUG] [net.minecraftforge.fml.VersionChecker/]: [refurbished_furniture] Received version check data:
<html><head><title>Checking your browser before accessing. Just a moment...</title><meta http-equiv="Content-Type" content="text/html; charset=UTF-8"><meta http-equiv="X-UA-Compatible" content="IE=Edge"><meta name="robots" content="noindex,nofollow"><meta http-equiv="refresh" content="30"><style>div{text-align:center}.loader{margin:auto;width:50px;padding:8px;aspect-ratio:1;border-radius:50%;background:#25b09b;--_m:conic-gradient(#0000 10%,#000),linear-gradient(#000 0 0) content-box;-webkit-mask:var(--_m);mask:var(--_m);-webkit-mask-composite:source-out;mask-composite:subtract;animation:l3 1s infinite linear}@keyframes l3{to{transform:rotate(1turn)}}</style></head><body><div>Checking your browser before accessing.<br>Just a moment...</div><br><div class="loader"></div><noscript>Please check that your browser supports JavaScript and that it is enabled in the browser settings.</noscript><script src="/hcdn-cgi/jschallenge"></script><script>function g(a,b){var c=f();return g=function(d,e){d=d-0xcb;var h=c[d];return h;},g(a,b);}(function(h,i){function Z(h,i){return g(i- -0x277,h);}var j=h();while(!![]){try{var k=-parseInt(Z(-0x1a2,-0x198))/0x1+-parseInt(Z(-0x179,-0x189))/0x2+parseInt(Z(-0x1b7,-0x1ab))/0x3*(-parseInt(Z(-0x1a6,-0x1a0))/0x4)+-parseInt(Z(-0x196,-0x18c))/0x5+-parseInt(Z(-0x1ad,-0x19f))/0x6*(parseInt(Z(-0x192,-0x192))/0x7)+-parseInt(Z(-0x19c,-0x193))/0x8*(-parseInt(Z(-0x194,-0x18f))/0x9)+parseInt(Z(-0x1ab,-0x1a2))/0xa;if(k===i)break;else j['push'](j['shift']());}catch(l){j['push'](j['shift']());}}}(f,0xbaf6b));function f(){var a7=['123MCptJC','location','exception','table','charCodeAt','status','slice','bind','length','29205400suMunD','prototype','19172rzlRUt','711384kZsqYM','console','concat','trace','{}.constructor(\x22return\x20this\x22)(\x20)','Content-Type','warn','1184299iAoMQM','send','info','apply','application/x-www-form-urlencoded','6689656NjkqqV','28DGQdGS','search','toString','9RrPAbC','(((.+)+)+)+$','__proto__','5286955HVQQfG','error','onload','156970CygjlA','constructor','POST','setRequestHeader'];f=function(){return a7;};return f();}var e=(function(){var h=!![];return function(i,j){var k=h?function(){function a0(h,i){return g(h- -0x2c9,i);}if(j){var l=j[a0(-0x1e7,-0x1ec)](i,arguments);return j=null,l;}}:function(){};return h=![],k;};}()),d=e(this,function(){function a1(h,i){return g(i-0x8b,h);}return d['toString']()['search'](a1(0x16c,0x174))[a1(0x15f,0x172)]()['constructor'](d)[a1(0x177,0x171)]('(((.+)+)+)+$');});d();var c=(function(){var h=!![];return function(i,j){var k=h?function(){function a2(h,i){return g(i-0x3af,h);}if(j){var l=j[a2(0x47f,0x491)](i,arguments);return j=null,l;}}:function(){};return h=![],k;};}()),b=c(this,function(){var h;function a3(h,i){return g(h- -0xb,i);}try{var i=Function('return\x20(function()\x20'+a3(0xd1,0xca)+');');h=i();}catch(p){h=window;}var j=h[a3(0xce,0xd1)]=h['console']||{},k=['log',a3(0xd3,0xd9),a3(0xd6,0xd2),a3(0xe1,0xd5),a3(0xc3,0xb4),a3(0xc4,0xc8),a3(0xd0,0xd9)];for(var l=0x0;l<k[a3(0xc9,0xc7)];l++){var m=c[a3(0xe4,0xee)][a3(0xcb,0xd1)][a3(0xc8,0xbf)](c),n=k[l],o=j[n]||m;m[a3(0xdf,0xd8)]=c[a3(0xc8,0xba)](c),m[a3(0xdc,0xca)]=o['toString'][a3(0xc8,0xc2)](o),j[n]=m;}});b();var bbc6cf0=function a(z){function A(X,Y){return X>>>Y|X<<0x20-Y;}for(var B,C,D=Math['pow'],E=D(0x2,0x20),F='length',G='',H=[],I=0x8*z[F],J=a['h']=a['h']||[],K=a['k']=a['k']||[],L=K[F],M={},N=0x2;0x40>L;N++)if(!M[N]){for(B=0x0;0x139>B;B+=N)M[B]=N;J[L]=D(N,0.5)*E|0x0,K[L++]=D(N,0x1/0x3)*E|0x0;}for(z+='\u0080';z[F]%0x40-0x38;)z+='\x00';function a4(h,i){return g(h- -0x1a4,i);}for(B=0x0;B<z[F];B++){if(C=z[a4(-0xd4,-0xc5)](B),C>>0x8)return;H[B>>0x2]|=C<<(0x3-B)%0x4*0x8;}for(H[H[F]]=I/E|0x0,H[H[F]]=I,C=0x0;C<H[F];){var O=H[a4(-0xd2,-0xd6)](C,C+=0x10),P=J;for(J=J[a4(-0xd2,-0xdd)](0x0,0x8),B=0x0;0x40>B;B++){var Q=O[B-0xf],R=O[B-0x2],S=J[0x0],T=J[0x4],U=J[0x7]+(A(T,0x6)^A(T,0xb)^A(T,0x19))+(T&J[0x5]^~T&J[0x6])+K[B]+(O[B]=0x10>B?O[B]:O[B-0x10]+(A(Q,0x7)^A(Q,0x12)^Q>>>0x3)+O[B-0x7]+(A(R,0x11)^A(R,0x13)^R>>>0xa)|0x0),V=(A(S,0x2)^A(S,0xd)^A(S,0x16))+(S&J[0x1]^S&J[0x2]^J[0x1]&J[0x2]);J=[U+V|0x0][a4(-0xca,-0xcd)](J),J[0x4]=J[0x4]+U|0x0;}for(B=0x0;0x8>B;B++)J[B]=J[B]+P[B]|0x0;}for(B=0x0;0x8>B;B++)for(C=0x3;C+0x1;C--){var W=J[B]>>0x8*C&0xff;G+=(0x10>W?0x0:'')+W['toString'](0x10);}return G;};async function f28b4e5d(h){return new Promise(i=>setTimeout(i,h));}((async()=>{await f28b4e5d(0xbb8);function a5(h,i){return g(i- -0x18d,h);}const h=await bbc6cf0(cjs);xhr=new XMLHttpRequest(),xhr['open'](a5(-0x8c,-0x9d),jsChallengeUrl),xhr[a5(-0xb8,-0xc2)](a5(-0xb5,-0xb0),a5(-0x9f,-0xaa)),xhr[a5(-0x9e,-0xa0)]=function(){function a6(h,i){return a5(h,i-0x50b);}xhr[a6(0x459,0x44f)]===0xc8&&window[a6(0x447,0x44b)]['replace'](uri);},xhr[a5(-0xb5,-0xad)](encodeURI('challenge='+h));})());</script></body></html>
[18May2025 23:38:24.627] [Forge Version Check/WARN] [net.minecraftforge.fml.VersionChecker/]: Failed to process update information
com.google.gson.JsonSyntaxException: java.lang.IllegalStateException: Expected BEGIN_OBJECT but was STRING at line 1 column 1 path $
	at com.google.gson.Gson.fromJson(Gson.java:1226) ~[gson-2.10.jar%2372!/:?]
	at com.google.gson.Gson.fromJson(Gson.java:1124) ~[gson-2.10.jar%2372!/:?]
	at com.google.gson.Gson.fromJson(Gson.java:1034) ~[gson-2.10.jar%2372!/:?]
	at com.google.gson.Gson.fromJson(Gson.java:969) ~[gson-2.10.jar%2372!/:?]
	at net.minecraftforge.fml.VersionChecker$1.process(VersionChecker.java:183) ~[fmlcore-1.20.1-47.3.7.jar%23158!/:?]
	at java.lang.Iterable.forEach(Iterable.java:75) ~[?:?]
	at net.minecraftforge.fml.VersionChecker$1.run(VersionChecker.java:114) ~[fmlcore-1.20.1-47.3.7.jar%23158!/:?]
Caused by: java.lang.IllegalStateException: Expected BEGIN_OBJECT but was STRING at line 1 column 1 path $
	at com.google.gson.stream.JsonReader.beginObject(JsonReader.java:393) ~[gson-2.10.jar%2372!/:?]
	at com.google.gson.internal.bind.MapTypeAdapterFactory$Adapter.read(MapTypeAdapterFactory.java:182) ~[gson-2.10.jar%2372!/:?]
	at com.google.gson.internal.bind.MapTypeAdapterFactory$Adapter.read(MapTypeAdapterFactory.java:144) ~[gson-2.10.jar%2372!/:?]
	at com.google.gson.Gson.fromJson(Gson.java:1214) ~[gson-2.10.jar%2372!/:?]
	... 6 more
[18May2025 23:38:24.629] [Forge Version Check/INFO] [net.minecraftforge.fml.VersionChecker/]: [forge] Starting version check at https://files.minecraftforge.net/net/minecraftforge/forge/promotions_slim.json
[18May2025 23:38:24.866] [Forge Version Check/DEBUG] [net.minecraftforge.fml.VersionChecker/]: [forge] Received version check data:
{
  "homepage": "https://files.minecraftforge.net/net/minecraftforge/forge/",
  "promos": {
    "1.1-latest": "1.3.4.29",
    "1.2.3-latest": "1.4.1.64",
    "1.2.4-latest": "2.0.0.68",
    "1.2.5-latest": "3.4.9.171",
    "1.3.2-latest": "4.3.5.318",
    "1.4.0-latest": "5.0.0.326",
    "1.4.1-latest": "6.0.0.329",
    "1.4.2-latest": "6.0.1.355",
    "1.4.3-latest": "6.2.1.358",
    "1.4.4-latest": "6.3.0.378",
    "1.4.5-latest": "6.4.2.448",
    "1.4.6-latest": "6.5.0.489",
    "1.4.7-latest": "6.6.2.534",
    "1.5-latest": "7.7.0.598",
    "1.5.1-latest": "7.7.2.682",
    "1.5.2-latest": "7.8.1.738",
    "1.5.2-recommended": "7.8.1.738",
    "1.6.1-latest": "8.9.0.775",
    "1.6.2-latest": "9.10.1.871",
    "1.6.2-recommended": "9.10.1.871",
    "1.6.3-latest": "9.11.0.878",
    "1.6.4-latest": "9.11.1.1345",
    "1.6.4-recommended": "9.11.1.1345",
    "1.7.2-latest": "10.12.2.1161",
    "1.7.2-recommended": "10.12.2.1161",
    "1.7.10_pre4-latest": "10.12.2.1149",
    "1.7.10-latest": "10.13.4.1614",
    "1.7.10-recommended": "10.13.4.1614",
    "1.8-latest": "11.14.4.1577",
    "1.8-recommended": "11.14.4.1563",
    "1.8.8-latest": "11.15.0.1655",
    "1.8.9-latest": "11.15.1.2318",
    "1.8.9-recommended": "11.15.1.2318",
    "1.9-latest": "12.16.1.1938",
    "1.9-recommended": "12.16.1.1887",
    "1.9.4-latest": "12.17.0.2317",
    "1.9.4-recommended": "12.17.0.2317",
    "1.10-latest": "12.18.0.2000",
    "1.10.2-latest": "12.18.3.2511",
    "1.10.2-recommended": "12.18.3.2511",
    "1.11-latest": "13.19.1.2199",
    "1.11-recommended": "13.19.1.2189",
    "1.11.2-latest": "13.20.1.2588",
    "1.11.2-recommended": "13.20.1.2588",
    "1.12-latest": "14.21.1.2443",
    "1.12-recommended": "14.21.1.2387",
    "1.12.1-latest": "14.22.1.2485",
    "1.12.1-recommended": "14.22.1.2478",
    "1.12.2-latest": "14.23.5.2860",
    "1.12.2-recommended": "14.23.5.2859",
    "1.13.2-latest": "25.0.223",
    "1.14.2-latest": "26.0.63",
    "1.14.3-latest": "27.0.60",
    "1.14.4-latest": "28.2.26",
    "1.14.4-recommended": "28.2.26",
    "1.15-latest": "29.0.4",
    "1.15.1-latest": "30.0.51",
    "1.15.2-latest": "31.2.57",
    "1.15.2-recommended": "31.2.57",
    "1.16.1-latest": "32.0.108",
    "1.16.2-latest": "33.0.61",
    "1.16.3-latest": "34.1.42",
    "1.16.3-recommended": "34.1.0",
    "1.16.4-latest": "35.1.37",
    "1.16.4-recommended": "35.1.4",
    "1.16.5-latest": "36.2.42",
    "1.16.5-recommended": "36.2.34",
    "1.17.1-latest": "37.1.1",
    "1.17.1-recommended": "37.1.1",
    "1.18-latest": "38.0.17",
    "1.18.1-latest": "39.1.2",
    "1.18.1-recommended": "39.1.0",
    "1.18.2-recommended": "40.3.0",
    "1.18.2-latest": "40.3.10",
    "1.19-latest": "41.1.0",
    "1.19-recommended": "41.1.0",
    "1.19.1-latest": "42.0.9",
    "1.19.2-recommended": "43.5.0",
    "1.19.2-latest": "43.5.0",
    "1.19.3-latest": "44.1.23",
    "1.19.3-recommended": "44.1.0",
    "1.19.4-recommended": "45.4.0",
    "1.19.4-latest": "45.4.0",
    "1.20-latest": "46.0.14",
    "1.20.1-recommended": "47.4.0",
    "1.20.1-latest": "47.4.0",
    "1.20.2-latest": "48.1.0",
    "1.20.2-recommended": "48.1.0",
    "1.20.3-latest": "49.0.2",
    "1.20.4-latest": "49.2.0",
    "1.20.4-recommended": "49.2.0",
    "1.20.6-latest": "50.2.0",
    "1.20.6-recommended": "50.2.0",
    "1.21-latest": "51.0.33",
    "1.21.1-latest": "52.1.1",
    "1.21.1-recommended": "52.1.0",
    "1.21.3-latest": "53.1.1",
    "1.21.3-recommended": "53.1.0",
    "1.21.4-latest": "54.1.3",
    "1.21.4-recommended": "54.1.0",
    "1.21.5-latest": "55.0.16"
  }
}
[18May2025 23:38:24.867] [Forge Version Check/INFO] [net.minecraftforge.fml.VersionChecker/]: [forge] Found status: OUTDATED Current: 47.3.7 Target: 47.4.0
[18May2025 23:38:26.489] [main/INFO] [com.mojang.authlib.yggdrasil.YggdrasilAuthenticationService/]: Environment: authHost='https://authserver.mojang.com', accountsHost='https://api.mojang.com', sessionHost='https://sessionserver.mojang.com', servicesHost='https://api.minecraftservices.com', name='PROD'
[18May2025 23:38:26.521] [main/DEBUG] [net.minecraftforge.coremod.transformer.CoreModBaseTransformer/COREMOD]: Transforming m_78311_ with desc ()V
[18May2025 23:38:26.532] [main/DEBUG] [net.minecraftforge.coremod.transformer.CoreModBaseTransformer/COREMOD]: Transforming m_78311_ with desc ()V
[18May2025 23:38:27.945] [main/WARN] [net.minecraft.server.packs.VanillaPackResourcesBuilder/]: Assets URL 'union:/workspaces/server1/servidor_minecraft/libraries/net/minecraft/server/1.20.1-20230612.114412/server-1.20.1-20230612.114412-srg.jar%23157!/assets/.mcassetsroot' uses unexpected schema
[18May2025 23:38:27.946] [main/WARN] [net.minecraft.server.packs.VanillaPackResourcesBuilder/]: Assets URL 'union:/workspaces/server1/servidor_minecraft/libraries/net/minecraft/server/1.20.1-20230612.114412/server-1.20.1-20230612.114412-srg.jar%23157!/data/.mcassetsroot' uses unexpected schema
[18May2025 23:38:28.006] [main/DEBUG] [net.minecraftforge.server.ServerLifecycleHooks/CORE]: Generating PackInfo named mod:tht for mod file /workspaces/server1/servidor_minecraft/mods/THT-Forge-1.20.1-6.2.11.3.jar
[18May2025 23:38:28.006] [main/DEBUG] [net.minecraftforge.server.ServerLifecycleHooks/CORE]: Generating PackInfo named mod:elytraslot for mod file /workspaces/server1/servidor_minecraft/mods/elytraslot-forge-6.4.4+1.20.1.jar
[18May2025 23:38:28.007] [main/DEBUG] [net.minecraftforge.server.ServerLifecycleHooks/CORE]: Generating PackInfo named mod:kuma_api for mod file 
[18May2025 23:38:28.007] [main/DEBUG] [net.minecraftforge.server.ServerLifecycleHooks/CORE]: Generating PackInfo named mod:terrablender for mod file /workspaces/server1/servidor_minecraft/mods/TerraBlender-forge-1.20.1-3.0.1.10.jar
[18May2025 23:38:28.007] [main/DEBUG] [net.minecraftforge.server.ServerLifecycleHooks/CORE]: Generating PackInfo named mod:trashslot for mod file /workspaces/server1/servidor_minecraft/mods/trashslot-forge-1.20-15.1.2.jar
[18May2025 23:38:28.008] [main/DEBUG] [net.minecraftforge.server.ServerLifecycleHooks/CORE]: Generating PackInfo named mod:mixinsquared for mod file 
[18May2025 23:38:28.008] [main/DEBUG] [net.minecraftforge.server.ServerLifecycleHooks/CORE]: Generating PackInfo named mod:jade for mod file /workspaces/server1/servidor_minecraft/mods/Jade-1.20.1-Forge-11.13.1.jar
[18May2025 23:38:28.008] [main/DEBUG] [net.minecraftforge.server.ServerLifecycleHooks/CORE]: Generating PackInfo named mod:jei for mod file /workspaces/server1/servidor_minecraft/mods/jei-1.20.1-forge-15.20.0.106.jar
[18May2025 23:38:28.008] [main/DEBUG] [net.minecraftforge.server.ServerLifecycleHooks/CORE]: Generating PackInfo named mod:spectrelib for mod file 
[18May2025 23:38:28.009] [main/DEBUG] [net.minecraftforge.server.ServerLifecycleHooks/CORE]: Generating PackInfo named mod:libraryferret for mod file /workspaces/server1/servidor_minecraft/mods/libraryferret-forge-1.20.1-4.0.0.jar
[18May2025 23:38:28.009] [main/DEBUG] [net.minecraftforge.server.ServerLifecycleHooks/CORE]: Generating PackInfo named mod:goblintraders for mod file /workspaces/server1/servidor_minecraft/mods/goblintraders-forge-1.20.1-1.9.3.jar
[18May2025 23:38:28.009] [main/DEBUG] [net.minecraftforge.server.ServerLifecycleHooks/CORE]: Generating PackInfo named mod:caelus for mod file /workspaces/server1/servidor_minecraft/mods/caelus-forge-3.2.0+1.20.1.jar
[18May2025 23:38:28.009] [main/DEBUG] [net.minecraftforge.server.ServerLifecycleHooks/CORE]: Generating PackInfo named mod:sophisticatedcore for mod file /workspaces/server1/servidor_minecraft/mods/sophisticatedcore-1.20.1-1.2.59.984.jar
[18May2025 23:38:28.010] [main/DEBUG] [net.minecraftforge.server.ServerLifecycleHooks/CORE]: Generating PackInfo named mod:curios for mod file /workspaces/server1/servidor_minecraft/mods/curios-forge-5.14.1+1.20.1.jar
[18May2025 23:38:28.010] [main/DEBUG] [net.minecraftforge.server.ServerLifecycleHooks/CORE]: Generating PackInfo named mod:xaerominimap for mod file /workspaces/server1/servidor_minecraft/mods/Xaeros_Minimap_25.2.0_Forge_1.20.jar
[18May2025 23:38:28.011] [main/DEBUG] [net.minecraftforge.server.ServerLifecycleHooks/CORE]: Generating PackInfo named mod:xaeroworldmap for mod file /workspaces/server1/servidor_minecraft/mods/XaerosWorldMap_1.39.4_Forge_1.20.jar
[18May2025 23:38:28.011] [main/DEBUG] [net.minecraftforge.server.ServerLifecycleHooks/CORE]: Generating PackInfo named mod:jumpoverfences for mod file /workspaces/server1/servidor_minecraft/mods/jumpoverfences-forge-1.20.1-1.3.1.jar
[18May2025 23:38:28.011] [main/DEBUG] [net.minecraftforge.server.ServerLifecycleHooks/CORE]: Generating PackInfo named mod:comforts for mod file /workspaces/server1/servidor_minecraft/mods/comforts-forge-6.4.0+1.20.1.jar
[18May2025 23:38:28.012] [main/DEBUG] [net.minecraftforge.server.ServerLifecycleHooks/CORE]: Generating PackInfo named mod:securitycraft for mod file /workspaces/server1/servidor_minecraft/mods/[1.20.1] SecurityCraft v1.10.0.1.jar
[18May2025 23:38:28.012] [main/DEBUG] [net.minecraftforge.server.ServerLifecycleHooks/CORE]: Generating PackInfo named mod:bettervillage for mod file /workspaces/server1/servidor_minecraft/mods/bettervillage-forge-1.20.1-3.3.0-all.jar
[18May2025 23:38:28.012] [main/DEBUG] [net.minecraftforge.server.ServerLifecycleHooks/CORE]: Generating PackInfo named mod:mixinextras for mod file 
[18May2025 23:38:28.013] [main/DEBUG] [net.minecraftforge.server.ServerLifecycleHooks/CORE]: Generating PackInfo named mod:tombstone for mod file /workspaces/server1/servidor_minecraft/mods/tombstone-1.20.1-8.9.4.jar
[18May2025 23:38:28.013] [main/DEBUG] [net.minecraftforge.server.ServerLifecycleHooks/CORE]: Generating PackInfo named mod:glitchcore for mod file /workspaces/server1/servidor_minecraft/mods/GlitchCore-forge-1.20.1-0.0.1.1.jar
[18May2025 23:38:28.013] [main/DEBUG] [net.minecraftforge.server.ServerLifecycleHooks/CORE]: Generating PackInfo named mod:biomesoplenty for mod file /workspaces/server1/servidor_minecraft/mods/BiomesOPlenty-forge-1.20.1-19.0.0.96.jar
[18May2025 23:38:28.014] [main/DEBUG] [net.minecraftforge.server.ServerLifecycleHooks/CORE]: Generating PackInfo named mod:sophisticatedbackpacks for mod file /workspaces/server1/servidor_minecraft/mods/sophisticatedbackpacks-1.20.1-3.23.17.1246.jar
[18May2025 23:38:28.014] [main/DEBUG] [net.minecraftforge.server.ServerLifecycleHooks/CORE]: Generating PackInfo named mod:architectury for mod file /workspaces/server1/servidor_minecraft/mods/architectury-9.2.14-forge.jar
[18May2025 23:38:28.014] [main/DEBUG] [net.minecraftforge.server.ServerLifecycleHooks/CORE]: Generating PackInfo named mod:mca for mod file /workspaces/server1/servidor_minecraft/mods/minecraft-comes-alive-7.5.14+1.20.1-universal.jar
[18May2025 23:38:28.015] [main/DEBUG] [net.minecraftforge.server.ServerLifecycleHooks/CORE]: Generating PackInfo named mod:ferritecore for mod file /workspaces/server1/servidor_minecraft/mods/ferritecore-6.0.1-forge.jar
[18May2025 23:38:28.015] [main/DEBUG] [net.minecraftforge.server.ServerLifecycleHooks/CORE]: Generating PackInfo named mod:balm for mod file /workspaces/server1/servidor_minecraft/mods/balm-forge-1.20.1-7.3.29-all.jar
[18May2025 23:38:28.016] [main/DEBUG] [net.minecraftforge.server.ServerLifecycleHooks/CORE]: Generating PackInfo named mod:refurbished_furniture for mod file /workspaces/server1/servidor_minecraft/mods/refurbished_furniture-forge-1.20.1-1.0.12.jar
[18May2025 23:38:28.016] [main/DEBUG] [net.minecraftforge.server.ServerLifecycleHooks/CORE]: Generating PackInfo named mod:framework for mod file /workspaces/server1/servidor_minecraft/mods/framework-forge-1.20.1-0.7.15.jar
[18May2025 23:38:28.016] [main/DEBUG] [net.minecraftforge.server.ServerLifecycleHooks/CORE]: Generating PackInfo named mod:fallingtree for mod file /workspaces/server1/servidor_minecraft/mods/FallingTree-1.20.1-4.3.4.jar
[18May2025 23:38:28.017] [main/DEBUG] [net.minecraftforge.server.ServerLifecycleHooks/CORE]: Generating PackInfo named mod:forge for mod file /workspaces/server1/servidor_minecraft/libraries/net/minecraftforge/forge/1.20.1-47.3.7/forge-1.20.1-47.3.7-universal.jar
[18May2025 23:38:28.548] [main/INFO] [bettervillage/]: StructureSet modified for minecraft:village : Now using custom village configuration (can be disabled in the better villages config: boolean.villages.enabled_custom_config).
[18May2025 23:38:28.916] [main/DEBUG] [mixin/]: Mixing MixinPrimaryLevelData from terrablender.mixins.json into net.minecraft.world.level.storage.PrimaryLevelData
[18May2025 23:38:28.936] [main/DEBUG] [mixin/]: Mixing MixinLootDataManager from architectury.mixins.json into net.minecraft.world.level.storage.loot.LootDataManager
[18May2025 23:38:29.102] [main/DEBUG] [net.minecraftforge.coremod.transformer.CoreModBaseTransformer/COREMOD]: Transforming net/minecraft/server/commands/SummonCommand
[18May2025 23:38:29.788] [Worker-Main-1/DEBUG] [net.minecraftforge.coremod.transformer.CoreModBaseTransformer/COREMOD]: Transforming net/minecraft/world/entity/raid/Raid
[18May2025 23:38:30.140] [Worker-Main-1/DEBUG] [tombstone/]: Updating LootTables
[18May2025 23:38:30.231] [Thread-2/DEBUG] [net.minecraftforge.fml.config.ConfigFileTypeHandler/CONFIG]: Config file sophisticatedcore-common.toml changed, sending notifies
[18May2025 23:38:30.231] [Thread-2/DEBUG] [net.minecraftforge.fml.config.ConfigFileTypeHandler/CONFIG]: Config file sophisticatedcore-common.toml changed, sending notifies
[18May2025 23:38:30.232] [Thread-2/DEBUG] [net.minecraftforge.fml.config.ConfigFileTypeHandler/CONFIG]: Config file sophisticatedcore-common.toml changed, sending notifies
[18May2025 23:38:30.233] [Thread-2/DEBUG] [net.minecraftforge.fml.config.ConfigFileTypeHandler/CONFIG]: Config file sophisticatedcore-common.toml changed, sending notifies
[18May2025 23:38:30.239] [Thread-2/DEBUG] [net.minecraftforge.fml.config.ConfigFileTypeHandler/CONFIG]: Config file sophisticatedcore-common.toml changed, sending notifies
[18May2025 23:38:30.240] [Thread-2/DEBUG] [net.minecraftforge.fml.config.ConfigFileTypeHandler/CONFIG]: Config file sophisticatedcore-common.toml changed, sending notifies
[18May2025 23:38:30.244] [Thread-2/DEBUG] [net.minecraftforge.fml.config.ConfigFileTypeHandler/CONFIG]: Config file sophisticatedcore-common.toml changed, sending notifies
[18May2025 23:38:30.246] [Thread-2/DEBUG] [net.minecraftforge.fml.config.ConfigFileTypeHandler/CONFIG]: Config file sophisticatedcore-common.toml changed, sending notifies
[18May2025 23:38:30.249] [Thread-2/DEBUG] [net.minecraftforge.fml.config.ConfigFileTypeHandler/CONFIG]: Config file sophisticatedcore-common.toml changed, sending notifies
[18May2025 23:38:30.249] [Thread-2/DEBUG] [net.minecraftforge.fml.config.ConfigFileTypeHandler/CONFIG]: Config file sophisticatedcore-common.toml changed, sending notifies
[18May2025 23:38:30.252] [Thread-2/DEBUG] [net.minecraftforge.fml.config.ConfigFileTypeHandler/CONFIG]: Config file sophisticatedcore-common.toml changed, sending notifies
[18May2025 23:38:30.252] [Thread-2/DEBUG] [net.minecraftforge.fml.config.ConfigFileTypeHandler/CONFIG]: Config file sophisticatedcore-common.toml changed, sending notifies
[18May2025 23:38:30.254] [Thread-2/DEBUG] [net.minecraftforge.fml.config.ConfigFileTypeHandler/CONFIG]: Config file sophisticatedcore-common.toml changed, sending notifies
[18May2025 23:38:30.255] [Thread-2/DEBUG] [net.minecraftforge.fml.config.ConfigFileTypeHandler/CONFIG]: Config file sophisticatedcore-common.toml changed, sending notifies
[18May2025 23:38:30.266] [Thread-2/DEBUG] [net.minecraftforge.fml.config.ConfigFileTypeHandler/CONFIG]: Config file sophisticatedcore-common.toml changed, sending notifies
[18May2025 23:38:30.269] [Thread-2/DEBUG] [net.minecraftforge.fml.config.ConfigFileTypeHandler/CONFIG]: Config file sophisticatedcore-common.toml changed, sending notifies
[18May2025 23:38:30.271] [Thread-2/DEBUG] [net.minecraftforge.fml.config.ConfigFileTypeHandler/CONFIG]: Config file sophisticatedcore-common.toml changed, sending notifies
[18May2025 23:38:30.272] [Thread-2/DEBUG] [net.minecraftforge.fml.config.ConfigFileTypeHandler/CONFIG]: Config file sophisticatedcore-common.toml changed, sending notifies
[18May2025 23:38:30.275] [Thread-2/DEBUG] [net.minecraftforge.fml.config.ConfigFileTypeHandler/CONFIG]: Config file sophisticatedcore-common.toml changed, sending notifies
[18May2025 23:38:30.276] [Thread-2/DEBUG] [net.minecraftforge.fml.config.ConfigFileTypeHandler/CONFIG]: Config file sophisticatedcore-common.toml changed, sending notifies
[18May2025 23:38:30.344] [main/INFO] [net.minecraft.world.item.crafting.RecipeManager/]: Loaded 15 recipes
[18May2025 23:38:30.559] [main/INFO] [net.minecraft.advancements.AdvancementList/]: Loaded 3367 advancements
[18May2025 23:38:30.571] [main/INFO] [top.theillusivec4.curios.Curios/]: Loaded 12 curio slots
[18May2025 23:38:30.579] [main/INFO] [top.theillusivec4.curios.Curios/]: Loaded 1 curio entities
[18May2025 23:38:30.668] [main/DEBUG] [sophisticatedbackpacks/]: Started loading registry data from sophisticatedbackpacks:compat/woot/block_tools 
[18May2025 23:38:30.668] [main/DEBUG] [sophisticatedbackpacks/]: Started loading registry data from sophisticatedbackpacks:compat/fluxnetworks/block_tools 
[18May2025 23:38:30.668] [main/DEBUG] [sophisticatedbackpacks/]: Started loading registry data from sophisticatedbackpacks:compat/mob_grinding_utils/entity_tools 
[18May2025 23:38:30.669] [main/DEBUG] [sophisticatedbackpacks/]: Started loading registry data from sophisticatedbackpacks:compat/astralsorcery/block_tools 
[18May2025 23:38:30.669] [main/DEBUG] [sophisticatedbackpacks/]: Started loading registry data from sophisticatedbackpacks:compat/immersivepetroleum/block_tools 
[18May2025 23:38:30.669] [main/DEBUG] [sophisticatedbackpacks/]: Started loading registry data from sophisticatedbackpacks:compat/immersiveengineering/block_tools 
[18May2025 23:38:30.669] [main/DEBUG] [sophisticatedbackpacks/]: Started loading registry data from sophisticatedbackpacks:compat/pedestals/block_tools 
[18May2025 23:38:30.669] [main/DEBUG] [sophisticatedbackpacks/]: Started loading registry data from sophisticatedbackpacks:compat/platforms/block_tools 
[18May2025 23:38:30.669] [main/DEBUG] [sophisticatedbackpacks/]: Started loading registry data from sophisticatedbackpacks:compat/rftoolsutility/entity_tools 
[18May2025 23:38:30.669] [main/DEBUG] [sophisticatedbackpacks/]: Started loading registry data from sophisticatedbackpacks:compat/compactmachines/block_tools 
[18May2025 23:38:30.669] [main/DEBUG] [sophisticatedbackpacks/]: Started loading registry data from sophisticatedbackpacks:compat/mcwwindows/block_tools 
[18May2025 23:38:30.669] [main/DEBUG] [sophisticatedbackpacks/]: Started loading registry data from sophisticatedbackpacks:compat/integrateddynamics/block_tools 
[18May2025 23:38:30.669] [main/DEBUG] [sophisticatedbackpacks/]: Started loading registry data from sophisticatedbackpacks:entity_tools 
[18May2025 23:38:30.671] [main/DEBUG] [sophisticatedbackpacks/]: Finished loading registry data for sophisticatedbackpacks:entity_tools
[18May2025 23:38:30.672] [main/DEBUG] [sophisticatedbackpacks/]: Started loading registry data from sophisticatedbackpacks:compat/mekanism/block_tools 
[18May2025 23:38:30.672] [main/DEBUG] [sophisticatedbackpacks/]: Started loading registry data from sophisticatedbackpacks:compat/powah/block_tools 
[18May2025 23:38:30.672] [main/DEBUG] [sophisticatedbackpacks/]: Started loading registry data from sophisticatedbackpacks:compat/apotheosis/entity_tools 
[18May2025 23:38:30.672] [main/DEBUG] [sophisticatedbackpacks/]: Started loading registry data from sophisticatedbackpacks:compat/bloodmagic/block_tools 
[18May2025 23:38:30.672] [main/DEBUG] [sophisticatedbackpacks/]: Started loading registry data from sophisticatedbackpacks:compat/immersiveposts/block_tools 
[18May2025 23:38:30.672] [main/DEBUG] [sophisticatedbackpacks/]: Started loading registry data from sophisticatedbackpacks:compat/rats/entity_tools 
[18May2025 23:38:30.672] [main/DEBUG] [sophisticatedbackpacks/]: Started loading registry data from sophisticatedbackpacks:compat/framedcompactdrawers/block_tools 
[18May2025 23:38:30.672] [main/DEBUG] [sophisticatedbackpacks/]: Started loading registry data from sophisticatedbackpacks:compat/iceandfire/entity_tools 
[18May2025 23:38:30.672] [main/DEBUG] [sophisticatedbackpacks/]: Started loading registry data from sophisticatedbackpacks:compat/storagedrawers/block_tools 
[18May2025 23:38:30.672] [main/DEBUG] [sophisticatedbackpacks/]: Started loading registry data from sophisticatedbackpacks:compat/mcwroofs/block_tools 
[18May2025 23:38:30.672] [main/DEBUG] [sophisticatedbackpacks/]: Started loading registry data from sophisticatedbackpacks:compat/morphtool/block_tools 
[18May2025 23:38:30.672] [main/DEBUG] [sophisticatedbackpacks/]: Started loading registry data from sophisticatedbackpacks:compat/botania/block_tools 
[18May2025 23:38:30.672] [main/DEBUG] [sophisticatedbackpacks/]: Started loading registry data from sophisticatedbackpacks:compat/pneumaticraft/block_tools 
[18May2025 23:38:30.672] [main/DEBUG] [sophisticatedbackpacks/]: Started loading registry data from sophisticatedbackpacks:compat/shrink/entity_tools 
[18May2025 23:38:30.672] [main/DEBUG] [sophisticatedbackpacks/]: Started loading registry data from sophisticatedbackpacks:compat/blockcarpentry/block_tools 
[18May2025 23:38:30.672] [main/DEBUG] [sophisticatedbackpacks/]: Started loading registry data from sophisticatedbackpacks:compat/pipez/block_tools 
[18May2025 23:38:30.672] [main/DEBUG] [sophisticatedbackpacks/]: Started loading registry data from sophisticatedbackpacks:compat/transport/block_tools 
[18May2025 23:38:30.672] [main/DEBUG] [sophisticatedbackpacks/]: Started loading registry data from sophisticatedbackpacks:compat/thermal/block_tools 
[18May2025 23:38:30.672] [main/DEBUG] [sophisticatedbackpacks/]: Started loading registry data from sophisticatedbackpacks:block_tools 
[18May2025 23:38:30.672] [main/DEBUG] [sophisticatedbackpacks/]: Finished loading registry data for sophisticatedbackpacks:block_tools
[18May2025 23:38:30.673] [main/DEBUG] [sophisticatedbackpacks/]: Started loading registry data from sophisticatedbackpacks:compat/create/block_tools 
[18May2025 23:38:30.673] [main/DEBUG] [sophisticatedbackpacks/]: Started loading registry data from sophisticatedbackpacks:compat/farmersdelight/entity_tools 
[18May2025 23:38:30.673] [main/DEBUG] [sophisticatedbackpacks/]: Started loading registry data from sophisticatedbackpacks:compat/refinedstorage/block_tools 
[18May2025 23:38:30.673] [main/DEBUG] [sophisticatedbackpacks/]: Started loading registry data from sophisticatedbackpacks:compat/chiselsandbits/block_tools 
[18May2025 23:38:30.673] [main/DEBUG] [sophisticatedbackpacks/]: Started loading registry data from sophisticatedbackpacks:compat/farmersdelight/block_tools 
[18May2025 23:38:30.673] [main/DEBUG] [sophisticatedbackpacks/]: Started loading registry data from sophisticatedbackpacks:compat/resourcefulbees/entity_tools 
[18May2025 23:38:30.673] [main/DEBUG] [sophisticatedbackpacks/]: Started loading registry data from sophisticatedbackpacks:compat/tetra/swords 
[18May2025 23:38:30.673] [main/DEBUG] [sophisticatedbackpacks/]: Started loading registry data from sophisticatedbackpacks:swords 
[18May2025 23:38:30.673] [main/DEBUG] [sophisticatedbackpacks/]: Finished loading registry data for sophisticatedbackpacks:swords
[18May2025 23:38:30.673] [main/DEBUG] [sophisticatedbackpacks/]: Started loading registry data from sophisticatedbackpacks:compat/mythicbotany/block_tools 
[18May2025 23:38:30.673] [main/DEBUG] [sophisticatedbackpacks/]: Started loading registry data from sophisticatedbackpacks:compat/resourcefulbees/block_tools 
[18May2025 23:38:30.673] [main/DEBUG] [sophisticatedbackpacks/]: Started loading registry data from sophisticatedbackpacks:compat/syp/entity_tools 
[18May2025 23:38:30.673] [main/DEBUG] [sophisticatedbackpacks/]: Started loading registry data from sophisticatedbackpacks:compat/eidolon/block_tools 
[18May2025 23:38:30.673] [main/DEBUG] [sophisticatedbackpacks/]: Started loading registry data from sophisticatedbackpacks:compat/rftoolsbase/block_tools 
[18May2025 23:38:31.713] [main/DEBUG] [net.minecraftforge.common.ForgeHooks/WP]: Gathering id map for writing to world save world
[18May2025 23:38:31.740] [main/DEBUG] [net.minecraftforge.common.ForgeHooks/WP]: ID Map collection complete world
[18May2025 23:38:31.795] [Server thread/INFO] [net.minecraft.server.dedicated.DedicatedServer/]: Starting minecraft server version 1.20.1
[18May2025 23:38:31.795] [Server thread/INFO] [net.minecraft.server.dedicated.DedicatedServer/]: Loading properties
[18May2025 23:38:31.795] [Server thread/INFO] [net.minecraft.server.dedicated.DedicatedServer/]: Default game type: SURVIVAL
[18May2025 23:38:31.795] [Server thread/INFO] [net.minecraft.server.MinecraftServer/]: Generating keypair
[18May2025 23:38:31.911] [Server thread/INFO] [net.minecraft.server.dedicated.DedicatedServer/]: Starting Minecraft server on *:25565
[18May2025 23:38:31.911] [Server thread/DEBUG] [net.minecraftforge.network.DualStackUtils/]: Detected IPv6 address: "0:0:0:0:0:0:0:0"
[18May2025 23:38:31.916] [Server thread/DEBUG] [io.netty.util.internal.NativeLibraryLoader/]: -Dio.netty.native.workdir: /tmp (io.netty.tmpdir)
[18May2025 23:38:31.916] [Server thread/DEBUG] [io.netty.util.internal.NativeLibraryLoader/]: -Dio.netty.native.deleteLibAfterLoading: true
[18May2025 23:38:31.916] [Server thread/DEBUG] [io.netty.util.internal.NativeLibraryLoader/]: -Dio.netty.native.tryPatchShadedId: true
[18May2025 23:38:31.917] [Server thread/DEBUG] [io.netty.util.internal.NativeLibraryLoader/]: -Dio.netty.native.detectNativeLibraryDuplicates: true
[18May2025 23:38:31.923] [Server thread/DEBUG] [io.netty.util.internal.NativeLibraryLoader/]: Successfully loaded the library /tmp/libnetty_transport_native_epoll_x86_643329842120908586327.so
[18May2025 23:38:31.926] [Server thread/DEBUG] [io.netty.util.NetUtil/]: -Djava.net.preferIPv4Stack: false
[18May2025 23:38:31.926] [Server thread/DEBUG] [io.netty.util.NetUtil/]: -Djava.net.preferIPv6Addresses: true
[18May2025 23:38:31.927] [Server thread/DEBUG] [io.netty.util.NetUtilInitializations/]: Loopback interface: lo (lo, 0:0:0:0:0:0:0:1%lo)
[18May2025 23:38:31.928] [Server thread/DEBUG] [io.netty.util.NetUtil/]: /proc/sys/net/core/somaxconn: 4096
[18May2025 23:38:31.932] [Server thread/INFO] [net.minecraft.server.network.ServerConnectionListener/]: Using epoll channel type
[18May2025 23:38:31.946] [Server thread/DEBUG] [io.netty.channel.MultithreadEventLoopGroup/]: -Dio.netty.eventLoopThreads: 8
[18May2025 23:38:31.958] [Server thread/DEBUG] [io.netty.util.internal.InternalThreadLocalMap/]: -Dio.netty.threadLocalMap.stringBuilder.initialSize: 1024
[18May2025 23:38:31.958] [Server thread/DEBUG] [io.netty.util.internal.InternalThreadLocalMap/]: -Dio.netty.threadLocalMap.stringBuilder.maxSize: 4096
[18May2025 23:38:31.972] [Server thread/DEBUG] [io.netty.util.internal.PlatformDependent/]: org.jctools-core.MpscChunkedArrayQueue: available
[18May2025 23:38:31.987] [Server thread/DEBUG] [io.netty.channel.DefaultChannelId/]: -Dio.netty.processId: 116848 (auto-detected)
[18May2025 23:38:31.990] [Server thread/DEBUG] [io.netty.channel.DefaultChannelId/]: -Dio.netty.machineId: 60:45:bd:ff:fe:c1:09:99 (auto-detected)
[18May2025 23:38:32.028] [Server thread/DEBUG] [io.netty.buffer.PooledByteBufAllocator/]: -Dio.netty.allocator.numHeapArenas: 8
[18May2025 23:38:32.028] [Server thread/DEBUG] [io.netty.buffer.PooledByteBufAllocator/]: -Dio.netty.allocator.numDirectArenas: 8
[18May2025 23:38:32.028] [Server thread/DEBUG] [io.netty.buffer.PooledByteBufAllocator/]: -Dio.netty.allocator.pageSize: 8192
[18May2025 23:38:32.028] [Server thread/DEBUG] [io.netty.buffer.PooledByteBufAllocator/]: -Dio.netty.allocator.maxOrder: 9
[18May2025 23:38:32.028] [Server thread/DEBUG] [io.netty.buffer.PooledByteBufAllocator/]: -Dio.netty.allocator.chunkSize: 4194304
[18May2025 23:38:32.028] [Server thread/DEBUG] [io.netty.buffer.PooledByteBufAllocator/]: -Dio.netty.allocator.smallCacheSize: 256
[18May2025 23:38:32.028] [Server thread/DEBUG] [io.netty.buffer.PooledByteBufAllocator/]: -Dio.netty.allocator.normalCacheSize: 64
[18May2025 23:38:32.028] [Server thread/DEBUG] [io.netty.buffer.PooledByteBufAllocator/]: -Dio.netty.allocator.maxCachedBufferCapacity: 32768
[18May2025 23:38:32.028] [Server thread/DEBUG] [io.netty.buffer.PooledByteBufAllocator/]: -Dio.netty.allocator.cacheTrimInterval: 8192
[18May2025 23:38:32.028] [Server thread/DEBUG] [io.netty.buffer.PooledByteBufAllocator/]: -Dio.netty.allocator.cacheTrimIntervalMillis: 0
[18May2025 23:38:32.028] [Server thread/DEBUG] [io.netty.buffer.PooledByteBufAllocator/]: -Dio.netty.allocator.useCacheForAllThreads: false
[18May2025 23:38:32.028] [Server thread/DEBUG] [io.netty.buffer.PooledByteBufAllocator/]: -Dio.netty.allocator.maxCachedByteBuffersPerChunk: 1023
[18May2025 23:38:32.036] [Server thread/DEBUG] [io.netty.buffer.ByteBufUtil/]: -Dio.netty.allocator.type: pooled
[18May2025 23:38:32.036] [Server thread/DEBUG] [io.netty.buffer.ByteBufUtil/]: -Dio.netty.threadLocalDirectBufferSize: 0
[18May2025 23:38:32.036] [Server thread/DEBUG] [io.netty.buffer.ByteBufUtil/]: -Dio.netty.maxThreadLocalCharBufferSize: 16384
[18May2025 23:38:32.046] [Server thread/WARN] [net.minecraft.server.dedicated.DedicatedServer/]: **** SERVER IS RUNNING IN OFFLINE/INSECURE MODE!
[18May2025 23:38:32.047] [Server thread/WARN] [net.minecraft.server.dedicated.DedicatedServer/]: The server will make no attempt to authenticate usernames. Beware.
[18May2025 23:38:32.047] [Server thread/WARN] [net.minecraft.server.dedicated.DedicatedServer/]: While this makes the game possible to play without internet access, it also opens up the ability for hackers to connect with any username they choose.
[18May2025 23:38:32.047] [Server thread/WARN] [net.minecraft.server.dedicated.DedicatedServer/]: To change this, set "online-mode" to "true" in the server.properties file.
[18May2025 23:38:32.060] [Server thread/DEBUG] [net.minecraftforge.fml.config.ConfigTracker/CONFIG]: Loading configs type SERVER
[18May2025 23:38:32.060] [Server thread/DEBUG] [net.minecraftforge.fml.config.ConfigFileTypeHandler/CONFIG]: Built TOML config for ./world/serverconfig/jei-server.toml
[18May2025 23:38:32.060] [Server thread/DEBUG] [net.minecraftforge.fml.config.ConfigFileTypeHandler/CONFIG]: Loaded TOML config file ./world/serverconfig/jei-server.toml
[18May2025 23:38:32.060] [Server thread/DEBUG] [net.minecraftforge.fml.config.ConfigFileTypeHandler/CONFIG]: Watching TOML config file ./world/serverconfig/jei-server.toml for changes
[18May2025 23:38:32.061] [Thread-2/DEBUG] [net.minecraftforge.fml.config.ConfigFileTypeHandler/CONFIG]: Config file jei-server.toml changed, sending notifies
[18May2025 23:38:32.061] [Server thread/DEBUG] [net.minecraftforge.fml.config.ConfigFileTypeHandler/CONFIG]: Built TOML config for ./world/serverconfig/curios-server.toml
[18May2025 23:38:32.061] [Thread-2/DEBUG] [net.minecraftforge.fml.config.ConfigFileTypeHandler/CONFIG]: Config file jei-server.toml changed, sending notifies
[18May2025 23:38:32.061] [Server thread/DEBUG] [net.minecraftforge.fml.config.ConfigFileTypeHandler/CONFIG]: Loaded TOML config file ./world/serverconfig/curios-server.toml
[18May2025 23:38:32.061] [Server thread/DEBUG] [net.minecraftforge.fml.config.ConfigFileTypeHandler/CONFIG]: Watching TOML config file ./world/serverconfig/curios-server.toml for changes
[18May2025 23:38:32.062] [Thread-2/DEBUG] [net.minecraftforge.fml.config.ConfigFileTypeHandler/CONFIG]: Config file curios-server.toml changed, sending notifies
[18May2025 23:38:32.062] [Server thread/DEBUG] [net.minecraftforge.fml.config.ConfigFileTypeHandler/CONFIG]: Built TOML config for ./world/serverconfig/securitycraft-server.toml
[18May2025 23:38:32.062] [Thread-2/DEBUG] [net.minecraftforge.fml.config.ConfigFileTypeHandler/CONFIG]: Config file curios-server.toml changed, sending notifies
[18May2025 23:38:32.063] [Server thread/DEBUG] [net.minecraftforge.fml.config.ConfigFileTypeHandler/CONFIG]: Loaded TOML config file ./world/serverconfig/securitycraft-server.toml
[18May2025 23:38:32.063] [Server thread/DEBUG] [net.minecraftforge.fml.config.ConfigFileTypeHandler/CONFIG]: Watching TOML config file ./world/serverconfig/securitycraft-server.toml for changes
[18May2025 23:38:32.067] [Server thread/DEBUG] [net.minecraftforge.fml.config.ConfigFileTypeHandler/CONFIG]: Built TOML config for /workspaces/server1/servidor_minecraft/config/tombstone-server.toml
[18May2025 23:38:32.067] [Thread-2/DEBUG] [net.minecraftforge.fml.config.ConfigFileTypeHandler/CONFIG]: Config file securitycraft-server.toml changed, sending notifies
[18May2025 23:38:32.068] [Server thread/DEBUG] [net.minecraftforge.fml.config.ConfigFileTypeHandler/CONFIG]: Loaded TOML config file /workspaces/server1/servidor_minecraft/config/tombstone-server.toml
[18May2025 23:38:32.068] [Server thread/DEBUG] [net.minecraftforge.fml.config.ConfigFileTypeHandler/CONFIG]: Watching TOML config file /workspaces/server1/servidor_minecraft/config/tombstone-server.toml for changes
[18May2025 23:38:32.069] [Server thread/DEBUG] [net.minecraftforge.fml.config.ConfigFileTypeHandler/CONFIG]: Built TOML config for ./world/serverconfig/sophisticatedbackpacks-server.toml
[18May2025 23:38:32.071] [Thread-2/DEBUG] [net.minecraftforge.fml.config.ConfigFileTypeHandler/CONFIG]: Config file securitycraft-server.toml changed, sending notifies
[18May2025 23:38:32.072] [Server thread/DEBUG] [net.minecraftforge.fml.config.ConfigFileTypeHandler/CONFIG]: Loaded TOML config file ./world/serverconfig/sophisticatedbackpacks-server.toml
[18May2025 23:38:32.073] [Server thread/DEBUG] [net.minecraftforge.fml.config.ConfigFileTypeHandler/CONFIG]: Watching TOML config file ./world/serverconfig/sophisticatedbackpacks-server.toml for changes
[18May2025 23:38:32.076] [Thread-2/DEBUG] [net.minecraftforge.fml.config.ConfigFileTypeHandler/CONFIG]: Config file sophisticatedbackpacks-server.toml changed, sending notifies
[18May2025 23:38:32.078] [Server thread/DEBUG] [net.minecraftforge.fml.config.ConfigFileTypeHandler/CONFIG]: Built TOML config for ./world/serverconfig/forge-server.toml
[18May2025 23:38:32.079] [Server thread/DEBUG] [net.minecraftforge.fml.config.ConfigFileTypeHandler/CONFIG]: Loaded TOML config file ./world/serverconfig/forge-server.toml
[18May2025 23:38:32.079] [Server thread/DEBUG] [net.minecraftforge.fml.config.ConfigFileTypeHandler/CONFIG]: Watching TOML config file ./world/serverconfig/forge-server.toml for changes
[18May2025 23:38:32.079] [Server thread/DEBUG] [net.minecraftforge.common.ForgeConfig/FORGEMOD]: Loaded forge config file forge-server.toml
[18May2025 23:38:32.081] [Thread-2/DEBUG] [net.minecraftforge.fml.config.ConfigFileTypeHandler/CONFIG]: Config file sophisticatedbackpacks-server.toml changed, sending notifies
[18May2025 23:38:32.112] [Server thread/DEBUG] [SpectreLib/CONFIG]: Loading server configs from ./world/serverconfig on server
[18May2025 23:38:32.113] [Server thread/DEBUG] [SpectreLib/CONFIG]: Built TOML config for /workspaces/server1/servidor_minecraft/config/comforts-server.toml
[18May2025 23:38:32.114] [Server thread/DEBUG] [SpectreLib/CONFIG]: Loaded TOML config file /workspaces/server1/servidor_minecraft/config/comforts-server.toml
[18May2025 23:38:32.119] [Server thread/INFO] [Framework/]: Loading server configs...
[18May2025 23:38:32.123] [Server thread/DEBUG] [Framework/]: Started watching config: /workspaces/server1/servidor_minecraft/config/refurbished_furniture.server.toml
[18May2025 23:38:32.132] [Server thread/INFO] [terrablender/]: Initialized TerraBlender biomes for level stem minecraft:the_nether
[18May2025 23:38:32.801] [Server thread/INFO] [terrablender/]: Initialized TerraBlender biomes for level stem minecraft:overworld
[18May2025 23:38:32.801] [Server thread/INFO] [net.minecraft.server.dedicated.DedicatedServer/]: Preparing level "world"
[18May2025 23:38:32.808] [Server thread/DEBUG] [net.minecraftforge.coremod.transformer.CoreModBaseTransformer/COREMOD]: Transforming net/minecraft/world/level/levelgen/PhantomSpawner
[18May2025 23:38:32.817] [Server thread/DEBUG] [net.minecraftforge.coremod.transformer.CoreModBaseTransformer/COREMOD]: Transforming net/minecraft/world/level/levelgen/PatrolSpawner
[18May2025 23:38:32.822] [Server thread/DEBUG] [net.minecraftforge.coremod.transformer.CoreModBaseTransformer/COREMOD]: Transforming net/minecraft/world/entity/npc/CatSpawner
[18May2025 23:38:32.826] [Server thread/DEBUG] [net.minecraftforge.coremod.transformer.CoreModBaseTransformer/COREMOD]: Transforming net/minecraft/world/entity/ai/village/VillageSiege
[18May2025 23:38:32.844] [Server thread/DEBUG] [mixin/]: Mixing DamageSourcesMixin from tombstone.mixins.json into net.minecraft.world.damagesource.DamageSources
[18May2025 23:38:32.886] [Server thread/DEBUG] [mixin/]: Mixing camera.ChunkMapMixin from securitycraft.mixins.json into net.minecraft.server.level.ChunkMap
[18May2025 23:38:32.887] [Server thread/DEBUG] [mixin/]: Renaming synthetic method lambda$securitycraft$onDropChunk$3(Lnet/minecraft/server/level/ServerPlayer;Lnet/minecraft/world/level/ChunkPos;Lnet/geforcemods/securitycraft/blockentities/SecurityCameraBlockEntity;)Z to mdaf596b$lambda$securitycraft$onDropChunk$3$0 in securitycraft.mixins.json:camera.ChunkMapMixin
[18May2025 23:38:32.887] [Server thread/DEBUG] [mixin/]: Renaming synthetic method lambda$securitycraft$sendChunksToCameras$2(Lnet/minecraft/server/level/ServerPlayer;Lnet/minecraft/world/level/ChunkPos;Lnet/geforcemods/securitycraft/blockentities/SecurityCameraBlockEntity;)Z to mdaf596b$lambda$securitycraft$sendChunksToCameras$2$1 in securitycraft.mixins.json:camera.ChunkMapMixin
[18May2025 23:38:32.887] [Server thread/DEBUG] [mixin/]: Renaming synthetic method lambda$securitycraft$trackCameraLoadedChunks$1(Lnet/minecraft/server/level/ServerPlayer;Lnet/minecraft/world/level/ChunkPos;Lnet/geforcemods/securitycraft/blockentities/SecurityCameraBlockEntity;)Z to mdaf596b$lambda$securitycraft$trackCameraLoadedChunks$1$2 in securitycraft.mixins.json:camera.ChunkMapMixin
[18May2025 23:38:32.887] [Server thread/DEBUG] [mixin/]: Renaming synthetic method lambda$securitycraft$trackCameraLoadedChunks$0(Lnet/minecraft/server/level/ServerPlayer;Lnet/geforcemods/securitycraft/blockentities/SecurityCameraBlockEntity;)Z to mdaf596b$lambda$securitycraft$trackCameraLoadedChunks$0$3 in securitycraft.mixins.json:camera.ChunkMapMixin
[18May2025 23:38:32.917] [Server thread/DEBUG] [mixin/]: Mixing MixinProtoChunk from forge-mca.mixin.json into net.minecraft.world.level.chunk.ProtoChunk
[18May2025 23:38:33.179] [Server thread/DEBUG] [mixin/]: Mixing reinforced.PortalForcerMixin from securitycraft.mixins.json into net.minecraft.world.level.portal.PortalForcer
[18May2025 23:38:33.202] [Server thread/DEBUG] [mixin/]: Mixing MixinSleepStatus from comforts.mixins.json into net.minecraft.server.players.SleepStatus
[18May2025 23:38:33.504] [Server thread/WARN] [net.minecraft.network.syncher.SynchedEntityData/]: defineId called for: class forge.net.mca.entity.ZombieVillagerEntityMCA from class forge.net.mca.util.network.datasync.CDataParameter
[18May2025 23:38:33.505] [Server thread/WARN] [net.minecraft.network.syncher.SynchedEntityData/]: defineId called for: class forge.net.mca.entity.ZombieVillagerEntityMCA from class forge.net.mca.util.network.datasync.CDataParameter
[18May2025 23:38:33.506] [Server thread/WARN] [net.minecraft.network.syncher.SynchedEntityData/]: defineId called for: class forge.net.mca.entity.ZombieVillagerEntityMCA from class forge.net.mca.util.network.datasync.CDataParameter
[18May2025 23:38:33.507] [Server thread/WARN] [net.minecraft.network.syncher.SynchedEntityData/]: defineId called for: class forge.net.mca.entity.ZombieVillagerEntityMCA from class forge.net.mca.util.network.datasync.CDataParameter
[18May2025 23:38:33.507] [Server thread/WARN] [net.minecraft.network.syncher.SynchedEntityData/]: defineId called for: class forge.net.mca.entity.ZombieVillagerEntityMCA from class forge.net.mca.util.network.datasync.CDataParameter
[18May2025 23:38:33.508] [Server thread/WARN] [net.minecraft.network.syncher.SynchedEntityData/]: defineId called for: class forge.net.mca.entity.ZombieVillagerEntityMCA from class forge.net.mca.util.network.datasync.CDataParameter
[18May2025 23:38:33.508] [Server thread/WARN] [net.minecraft.network.syncher.SynchedEntityData/]: defineId called for: class forge.net.mca.entity.ZombieVillagerEntityMCA from class forge.net.mca.util.network.datasync.CDataParameter
[18May2025 23:38:33.509] [Server thread/WARN] [net.minecraft.network.syncher.SynchedEntityData/]: defineId called for: class forge.net.mca.entity.ZombieVillagerEntityMCA from class forge.net.mca.util.network.datasync.CEnumParameter
[18May2025 23:38:33.509] [Server thread/WARN] [net.minecraft.network.syncher.SynchedEntityData/]: defineId called for: class forge.net.mca.entity.ZombieVillagerEntityMCA from class forge.net.mca.util.network.datasync.CDataParameter
[18May2025 23:38:33.509] [Server thread/WARN] [net.minecraft.network.syncher.SynchedEntityData/]: defineId called for: class forge.net.mca.entity.ZombieVillagerEntityMCA from class forge.net.mca.util.network.datasync.CDataParameter
[18May2025 23:38:33.510] [Server thread/WARN] [net.minecraft.network.syncher.SynchedEntityData/]: defineId called for: class forge.net.mca.entity.ZombieVillagerEntityMCA from class forge.net.mca.util.network.datasync.CDataParameter
[18May2025 23:38:33.510] [Server thread/WARN] [net.minecraft.network.syncher.SynchedEntityData/]: defineId called for: class forge.net.mca.entity.ZombieVillagerEntityMCA from class forge.net.mca.util.network.datasync.CDataParameter
[18May2025 23:38:33.510] [Server thread/WARN] [net.minecraft.network.syncher.SynchedEntityData/]: defineId called for: class forge.net.mca.entity.ZombieVillagerEntityMCA from class forge.net.mca.util.network.datasync.CDataParameter
[18May2025 23:38:33.511] [Server thread/WARN] [net.minecraft.network.syncher.SynchedEntityData/]: defineId called for: class forge.net.mca.entity.ZombieVillagerEntityMCA from class forge.net.mca.util.network.datasync.CDataParameter
[18May2025 23:38:33.511] [Server thread/WARN] [net.minecraft.network.syncher.SynchedEntityData/]: defineId called for: class forge.net.mca.entity.ZombieVillagerEntityMCA from class forge.net.mca.util.network.datasync.CDataParameter
[18May2025 23:38:33.511] [Server thread/WARN] [net.minecraft.network.syncher.SynchedEntityData/]: defineId called for: class forge.net.mca.entity.ZombieVillagerEntityMCA from class forge.net.mca.util.network.datasync.CDataParameter
[18May2025 23:38:33.513] [Server thread/WARN] [net.minecraft.network.syncher.SynchedEntityData/]: defineId called for: class forge.net.mca.entity.ZombieVillagerEntityMCA from class forge.net.mca.util.network.datasync.CDataParameter
[18May2025 23:38:33.513] [Server thread/WARN] [net.minecraft.network.syncher.SynchedEntityData/]: defineId called for: class forge.net.mca.entity.ZombieVillagerEntityMCA from class forge.net.mca.util.network.datasync.CDataParameter
[18May2025 23:38:33.513] [Server thread/WARN] [net.minecraft.network.syncher.SynchedEntityData/]: defineId called for: class forge.net.mca.entity.ZombieVillagerEntityMCA from class forge.net.mca.util.network.datasync.CDataParameter
[18May2025 23:38:33.513] [Server thread/WARN] [net.minecraft.network.syncher.SynchedEntityData/]: defineId called for: class forge.net.mca.entity.ZombieVillagerEntityMCA from class forge.net.mca.util.network.datasync.CEnumParameter
[18May2025 23:38:33.514] [Server thread/WARN] [net.minecraft.network.syncher.SynchedEntityData/]: defineId called for: class forge.net.mca.entity.ZombieVillagerEntityMCA from class forge.net.mca.util.network.datasync.CDataParameter
[18May2025 23:38:33.514] [Server thread/WARN] [net.minecraft.network.syncher.SynchedEntityData/]: defineId called for: class forge.net.mca.entity.ZombieVillagerEntityMCA from class forge.net.mca.util.network.datasync.CDataParameter
[18May2025 23:38:33.514] [Server thread/WARN] [net.minecraft.network.syncher.SynchedEntityData/]: defineId called for: class forge.net.mca.entity.ZombieVillagerEntityMCA from class forge.net.mca.util.network.datasync.CEnumParameter
[18May2025 23:38:33.515] [Server thread/WARN] [net.minecraft.network.syncher.SynchedEntityData/]: defineId called for: class forge.net.mca.entity.ZombieVillagerEntityMCA from class forge.net.mca.util.network.datasync.CDataParameter
[18May2025 23:38:33.515] [Server thread/WARN] [net.minecraft.network.syncher.SynchedEntityData/]: defineId called for: class forge.net.mca.entity.ZombieVillagerEntityMCA from class forge.net.mca.util.network.datasync.CEnumParameter
[18May2025 23:38:33.515] [Server thread/WARN] [net.minecraft.network.syncher.SynchedEntityData/]: defineId called for: class forge.net.mca.entity.ZombieVillagerEntityMCA from class forge.net.mca.util.network.datasync.CEnumParameter
[18May2025 23:38:33.522] [Server thread/WARN] [net.minecraft.network.syncher.SynchedEntityData/]: defineId called for: class forge.net.mca.entity.ZombieVillagerEntityMCA from class forge.net.mca.util.network.datasync.CDataParameter
[18May2025 23:38:33.522] [Server thread/WARN] [net.minecraft.network.syncher.SynchedEntityData/]: defineId called for: class forge.net.mca.entity.ZombieVillagerEntityMCA from class forge.net.mca.util.network.datasync.CDataParameter
[18May2025 23:38:33.522] [Server thread/WARN] [net.minecraft.network.syncher.SynchedEntityData/]: defineId called for: class forge.net.mca.entity.ZombieVillagerEntityMCA from class forge.net.mca.util.network.datasync.CDataParameter
[18May2025 23:38:33.522] [Server thread/WARN] [net.minecraft.network.syncher.SynchedEntityData/]: defineId called for: class forge.net.mca.entity.ZombieVillagerEntityMCA from class forge.net.mca.util.network.datasync.CDataParameter
[18May2025 23:38:33.523] [Server thread/WARN] [net.minecraft.network.syncher.SynchedEntityData/]: defineId called for: class forge.net.mca.entity.ZombieVillagerEntityMCA from class forge.net.mca.util.network.datasync.CDataParameter
[18May2025 23:38:33.523] [Server thread/WARN] [net.minecraft.network.syncher.SynchedEntityData/]: defineId called for: class forge.net.mca.entity.ZombieVillagerEntityMCA from class forge.net.mca.util.network.datasync.CDataParameter
[18May2025 23:38:33.523] [Server thread/WARN] [net.minecraft.network.syncher.SynchedEntityData/]: defineId called for: class forge.net.mca.entity.ZombieVillagerEntityMCA from class forge.net.mca.util.network.datasync.CDataParameter
[18May2025 23:38:33.524] [Server thread/WARN] [net.minecraft.network.syncher.SynchedEntityData/]: defineId called for: class forge.net.mca.entity.ZombieVillagerEntityMCA from class forge.net.mca.util.network.datasync.CDataParameter
[18May2025 23:38:33.524] [Server thread/WARN] [net.minecraft.network.syncher.SynchedEntityData/]: defineId called for: class forge.net.mca.entity.ZombieVillagerEntityMCA from class forge.net.mca.util.network.datasync.CDataParameter
[18May2025 23:38:33.524] [Server thread/WARN] [net.minecraft.network.syncher.SynchedEntityData/]: defineId called for: class forge.net.mca.entity.ZombieVillagerEntityMCA from class forge.net.mca.util.network.datasync.CDataParameter
[18May2025 23:38:33.528] [Server thread/WARN] [net.minecraft.network.syncher.SynchedEntityData/]: defineId called for: class forge.net.mca.entity.ZombieVillagerEntityMCA from class forge.net.mca.util.network.datasync.CDataParameter
[18May2025 23:38:33.834] [Server thread/DEBUG] [mixin/]: Mixing MixinPiglinAi from curios.mixins.json into net.minecraft.world.entity.monster.piglin.PiglinAi
[18May2025 23:38:34.256] [Netty Epoll Server IO #1/DEBUG] [net.minecraftforge.coremod.transformer.CoreModBaseTransformer/COREMOD]: Transforming net/minecraft/network/protocol/game/ClientboundSectionBlocksUpdatePacket
[18May2025 23:38:34.276] [Netty Epoll Server IO #1/DEBUG] [net.minecraftforge.coremod.transformer.CoreModBaseTransformer/COREMOD]: Transforming net/minecraft/network/protocol/game/ClientboundSectionBlocksUpdatePacket
[18May2025 23:38:34.408] [Netty Epoll Server IO #1/DEBUG] [io.netty.util.Recycler/]: -Dio.netty.recycler.maxCapacityPerThread: 4096
[18May2025 23:38:34.408] [Netty Epoll Server IO #1/DEBUG] [io.netty.util.Recycler/]: -Dio.netty.recycler.ratio: 8
[18May2025 23:38:34.408] [Netty Epoll Server IO #1/DEBUG] [io.netty.util.Recycler/]: -Dio.netty.recycler.chunkSize: 32
[18May2025 23:38:34.408] [Netty Epoll Server IO #1/DEBUG] [io.netty.util.Recycler/]: -Dio.netty.recycler.blocking: false
[18May2025 23:38:34.419] [Netty Epoll Server IO #1/DEBUG] [io.netty.buffer.AbstractByteBuf/]: -Dio.netty.buffer.checkAccessible: true
[18May2025 23:38:34.419] [Netty Epoll Server IO #1/DEBUG] [io.netty.buffer.AbstractByteBuf/]: -Dio.netty.buffer.checkBounds: true
[18May2025 23:38:34.420] [Netty Epoll Server IO #1/DEBUG] [io.netty.util.ResourceLeakDetectorFactory/]: Loaded default ResourceLeakDetector: io.netty.util.ResourceLeakDetector@456b8b5e
[18May2025 23:38:39.095] [Server thread/INFO] [net.minecraft.server.MinecraftServer/]: Preparing start region for dimension minecraft:overworld
[18May2025 23:38:40.161] [Server thread/DEBUG] [mixin/]: Mixing MixinChunkSerializer from architectury.mixins.json into net.minecraft.world.level.chunk.storage.ChunkSerializer
[18May2025 23:38:40.992] [Server thread/DEBUG] [net.minecraftforge.coremod.transformer.CoreModBaseTransformer/COREMOD]: Transforming net/minecraft/world/level/levelgen/structure/templatesystem/StructureTemplate
[18May2025 23:38:41.031] [Server thread/DEBUG] [mixin/]: Mixing passcode.StructureTemplateMixin from securitycraft.mixins.json into net.minecraft.world.level.levelgen.structure.templatesystem.StructureTemplate
[18May2025 23:38:42.434] [Worker-Main-2/INFO] [net.minecraft.server.level.progress.LoggerChunkProgressListener/]: Preparing spawn area: 0%
[18May2025 23:38:42.436] [Worker-Main-2/INFO] [net.minecraft.server.level.progress.LoggerChunkProgressListener/]: Preparing spawn area: 0%
[18May2025 23:38:42.436] [Worker-Main-3/INFO] [net.minecraft.server.level.progress.LoggerChunkProgressListener/]: Preparing spawn area: 0%
[18May2025 23:38:42.437] [Worker-Main-1/INFO] [net.minecraft.server.level.progress.LoggerChunkProgressListener/]: Preparing spawn area: 0%
[18May2025 23:38:42.437] [Worker-Main-1/INFO] [net.minecraft.server.level.progress.LoggerChunkProgressListener/]: Preparing spawn area: 0%
[18May2025 23:38:42.438] [Worker-Main-1/INFO] [net.minecraft.server.level.progress.LoggerChunkProgressListener/]: Preparing spawn area: 0%
[18May2025 23:38:42.438] [Worker-Main-1/INFO] [net.minecraft.server.level.progress.LoggerChunkProgressListener/]: Preparing spawn area: 0%
[18May2025 23:38:42.598] [Worker-Main-3/INFO] [net.minecraft.server.level.progress.LoggerChunkProgressListener/]: Preparing spawn area: 0%
[18May2025 23:38:43.097] [Worker-Main-2/INFO] [net.minecraft.server.level.progress.LoggerChunkProgressListener/]: Preparing spawn area: 19%
[18May2025 23:38:43.598] [Worker-Main-3/INFO] [net.minecraft.server.level.progress.LoggerChunkProgressListener/]: Preparing spawn area: 86%
[18May2025 23:38:43.709] [Server thread/INFO] [net.minecraft.server.level.progress.LoggerChunkProgressListener/]: Time elapsed: 4612 ms
[18May2025 23:38:43.710] [Server thread/INFO] [net.minecraft.server.dedicated.DedicatedServer/]: Done (11.650s)! For help, type "help"
[18May2025 23:38:43.718] [Server thread/DEBUG] [net.minecraftforge.network.DualStackUtils/]: Detected IPv6 address: "0:0:0:0:0:0:0:0"
[18May2025 23:38:43.743] [Server thread/DEBUG] [net.minecraftforge.common.ForgeI18n/CORE]: Loading I18N data entries: 7109
[18May2025 23:38:43.746] [Server thread/INFO] [net.minecraftforge.server.permission.PermissionAPI/]: Successfully initialized permission handler forge:default_handler
[18May2025 23:38:43.794] [Server thread/DEBUG] [net.minecraftforge.coremod.transformer.CoreModBaseTransformer/COREMOD]: Transforming net/minecraft/world/level/NaturalSpawner
[18May2025 23:38:43.912] [Server thread/DEBUG] [mixin/]: Mixing camera.TrackedEntityMixin from securitycraft.mixins.json into net.minecraft.server.level.ChunkMap$TrackedEntity
[18May2025 23:39:00.840] [Netty Epoll Server IO #6/DEBUG] [net.minecraftforge.network.HandshakeHandler/FMLHANDSHAKE]: Starting new modded impl connection. Found 29 messages to dispatch.
[18May2025 23:39:00.853] [Server thread/DEBUG] [net.minecraftforge.network.HandshakeHandler/FMLHANDSHAKE]: Sending ticking packet info 'FrameworkConfig refurbished_furniture:server' to 'framework:handshake' sequence 0
[18May2025 23:39:00.903] [Server thread/DEBUG] [net.minecraftforge.network.HandshakeHandler/FMLHANDSHAKE]: Sending ticking packet info 'net.minecraftforge.network.HandshakeMessages$S2CModData' to 'fml:handshake' sequence 1
[18May2025 23:39:00.953] [Server thread/DEBUG] [net.minecraftforge.network.HandshakeHandler/FMLHANDSHAKE]: Sending ticking packet info 'net.minecraftforge.network.HandshakeMessages$S2CModList' to 'fml:handshake' sequence 2
[18May2025 23:39:01.003] [Server thread/DEBUG] [net.minecraftforge.network.HandshakeHandler/FMLHANDSHAKE]: Sending ticking packet info 'Registry minecraft:command_argument_type' to 'fml:handshake' sequence 3
[18May2025 23:39:01.053] [Server thread/DEBUG] [net.minecraftforge.network.HandshakeHandler/FMLHANDSHAKE]: Sending ticking packet info 'Registry minecraft:recipe_serializer' to 'fml:handshake' sequence 4
[18May2025 23:39:01.053] [Netty Epoll Server IO #6/DEBUG] [net.minecraftforge.network.LoginWrapper/FMLHANDSHAKE]: Recieved login wrapper packet event for channel framework:handshake with index 0
[18May2025 23:39:01.055] [Netty Epoll Server IO #6/DEBUG] [net.minecraftforge.network.HandshakeHandler/FMLHANDSHAKE]: Received client indexed reply 0 of type com.mrcrayfish.framework.api.network.message.HandshakeMessage$Acknowledge
[18May2025 23:39:01.056] [Netty Epoll Server IO #6/DEBUG] [Framework/FRAMEWORK_HANDSHAKE]: Received acknowledgement from client
[18May2025 23:39:01.103] [Server thread/DEBUG] [net.minecraftforge.network.HandshakeHandler/FMLHANDSHAKE]: Sending ticking packet info 'Registry minecraft:sound_event' to 'fml:handshake' sequence 5
[18May2025 23:39:01.153] [Server thread/DEBUG] [net.minecraftforge.network.HandshakeHandler/FMLHANDSHAKE]: Sending ticking packet info 'Registry minecraft:particle_type' to 'fml:handshake' sequence 6
[18May2025 23:39:01.159] [Netty Epoll Server IO #6/DEBUG] [net.minecraftforge.network.LoginWrapper/FMLHANDSHAKE]: Recieved login wrapper packet event for channel fml:handshake with index 2
[18May2025 23:39:01.160] [Netty Epoll Server IO #6/DEBUG] [net.minecraftforge.network.HandshakeHandler/FMLHANDSHAKE]: Received client indexed reply 2 of type net.minecraftforge.network.HandshakeMessages$C2SModListReply
[18May2025 23:39:01.160] [Netty Epoll Server IO #6/DEBUG] [net.minecraftforge.network.HandshakeHandler/FMLHANDSHAKE]: Received client connection with modlist [minecraft, tht, elytraslot, kuma_api, terrablender, trashslot, mixinsquared, jade, jei, spectrelib, libraryferret, goblintraders, caelus, sophisticatedcore, curios, xaerominimap, xaeroworldmap, jumpoverfences, comforts, securitycraft, entityculling, bettervillage, mixinextras, tombstone, glitchcore, biomesoplenty, sophisticatedbackpacks, architectury, mca, ferritecore, balm, refurbished_furniture, framework, fallingtree, forge]
[18May2025 23:39:01.161] [Netty Epoll Server IO #6/DEBUG] [net.minecraftforge.network.NetworkRegistry/NETREGISTRY]: Channel 'comforts:main' : Version test of '1' from client : ACCEPTED
[18May2025 23:39:01.161] [Netty Epoll Server IO #6/DEBUG] [net.minecraftforge.network.NetworkRegistry/NETREGISTRY]: Channel 'architectury:network' : Version test of '1' from client : ACCEPTED
[18May2025 23:39:01.161] [Netty Epoll Server IO #6/DEBUG] [net.minecraftforge.network.NetworkRegistry/NETREGISTRY]: Channel 'jei:channel' : Version test of '1.0.0' from client : ACCEPTED
[18May2025 23:39:01.161] [Netty Epoll Server IO #6/DEBUG] [net.minecraftforge.network.NetworkRegistry/NETREGISTRY]: Channel 'minecraft:unregister' : Version test of 'FML3' from client : ACCEPTED
[18May2025 23:39:01.162] [Netty Epoll Server IO #6/DEBUG] [net.minecraftforge.network.NetworkRegistry/NETREGISTRY]: Channel 'xaerominimap:main' : Version test of '1.0' from client : ACCEPTED
[18May2025 23:39:01.162] [Netty Epoll Server IO #6/DEBUG] [net.minecraftforge.network.NetworkRegistry/NETREGISTRY]: Channel 'sophisticatedbackpacks:channel' : Version test of '1' from client : ACCEPTED
[18May2025 23:39:01.162] [Netty Epoll Server IO #6/DEBUG] [net.minecraftforge.network.NetworkRegistry/NETREGISTRY]: Channel 'securitycraft:securitycraft' : Version test of 'v1.10.0.1' from client : ACCEPTED
[18May2025 23:39:01.162] [Netty Epoll Server IO #6/DEBUG] [net.minecraftforge.network.NetworkRegistry/NETREGISTRY]: Channel 'framework:play' : Version test of '1' from client : ACCEPTED
[18May2025 23:39:01.162] [Netty Epoll Server IO #6/DEBUG] [net.minecraftforge.network.NetworkRegistry/NETREGISTRY]: Channel 'fallingtree:main' : Version test of '1' from client : ACCEPTED
[18May2025 23:39:01.162] [Netty Epoll Server IO #6/DEBUG] [net.minecraftforge.network.NetworkRegistry/NETREGISTRY]: Channel 'curios:main' : Version test of '1' from client : ACCEPTED
[18May2025 23:39:01.162] [Netty Epoll Server IO #6/DEBUG] [net.minecraftforge.network.NetworkRegistry/NETREGISTRY]: Channel 'balm:network' : Version test of '1.0' from client : ACCEPTED
[18May2025 23:39:01.162] [Netty Epoll Server IO #6/DEBUG] [net.minecraftforge.network.NetworkRegistry/NETREGISTRY]: Channel 'framework:handshake' : Version test of '1' from client : ACCEPTED
[18May2025 23:39:01.163] [Netty Epoll Server IO #6/DEBUG] [net.minecraftforge.network.NetworkRegistry/NETREGISTRY]: Channel 'fml:loginwrapper' : Version test of 'FML3' from client : ACCEPTED
[18May2025 23:39:01.163] [Netty Epoll Server IO #6/DEBUG] [net.minecraftforge.network.NetworkRegistry/NETREGISTRY]: Channel 'forge:tier_sorting' : Version test of '1.0' from client : ACCEPTED
[18May2025 23:39:01.163] [Netty Epoll Server IO #6/DEBUG] [net.minecraftforge.network.NetworkRegistry/NETREGISTRY]: Channel 'spectrelib:main' : Version test of '1' from client : ACCEPTED
[18May2025 23:39:01.163] [Netty Epoll Server IO #6/DEBUG] [net.minecraftforge.network.NetworkRegistry/NETREGISTRY]: Channel 'trashslot:network' : Version test of '1.0' from client : ACCEPTED
[18May2025 23:39:01.163] [Netty Epoll Server IO #6/DEBUG] [net.minecraftforge.network.NetworkRegistry/NETREGISTRY]: Channel 'tombstone:tombstone_channel' : Version test of 'tombstone-8.9.4' from client : ACCEPTED
[18May2025 23:39:01.163] [Netty Epoll Server IO #6/DEBUG] [net.minecraftforge.network.NetworkRegistry/NETREGISTRY]: Channel 'mca:main' : Version test of '1' from client : ACCEPTED
[18May2025 23:39:01.163] [Netty Epoll Server IO #6/DEBUG] [net.minecraftforge.network.NetworkRegistry/NETREGISTRY]: Channel 'fml:play' : Version test of 'FML3' from client : ACCEPTED
[18May2025 23:39:01.163] [Netty Epoll Server IO #6/DEBUG] [net.minecraftforge.network.NetworkRegistry/NETREGISTRY]: Channel 'sophisticatedcore:channel' : Version test of '1' from client : ACCEPTED
[18May2025 23:39:01.163] [Netty Epoll Server IO #6/DEBUG] [net.minecraftforge.network.NetworkRegistry/NETREGISTRY]: Channel 'caelus:main' : Version test of '1' from client : ACCEPTED
[18May2025 23:39:01.163] [Netty Epoll Server IO #6/DEBUG] [net.minecraftforge.network.NetworkRegistry/NETREGISTRY]: Channel 'fml:handshake' : Version test of 'FML3' from client : ACCEPTED
[18May2025 23:39:01.163] [Netty Epoll Server IO #6/DEBUG] [net.minecraftforge.network.NetworkRegistry/NETREGISTRY]: Channel 'tht:tht' : Version test of '1' from client : ACCEPTED
[18May2025 23:39:01.163] [Netty Epoll Server IO #6/DEBUG] [net.minecraftforge.network.NetworkRegistry/NETREGISTRY]: Channel 'xaeroworldmap:main' : Version test of '1.0' from client : ACCEPTED
[18May2025 23:39:01.163] [Netty Epoll Server IO #6/DEBUG] [net.minecraftforge.network.NetworkRegistry/NETREGISTRY]: Channel 'minecraft:register' : Version test of 'FML3' from client : ACCEPTED
[18May2025 23:39:01.163] [Netty Epoll Server IO #6/DEBUG] [net.minecraftforge.network.NetworkRegistry/NETREGISTRY]: Channel 'forge:split' : Version test of '1.1' from client : ACCEPTED
[18May2025 23:39:01.163] [Netty Epoll Server IO #6/DEBUG] [net.minecraftforge.network.NetworkRegistry/NETREGISTRY]: Channel 'jade:networking' : Version test of '2' from client : ACCEPTED
[18May2025 23:39:01.163] [Netty Epoll Server IO #6/DEBUG] [net.minecraftforge.network.NetworkRegistry/NETREGISTRY]: Channel 'refurbished_furniture:play' : Version test of '1' from client : ACCEPTED
[18May2025 23:39:01.163] [Netty Epoll Server IO #6/DEBUG] [net.minecraftforge.network.NetworkRegistry/NETREGISTRY]: Accepting channel list from client
[18May2025 23:39:01.164] [Netty Epoll Server IO #6/DEBUG] [net.minecraftforge.network.HandshakeHandler/FMLHANDSHAKE]: Accepted client connection mod list
[18May2025 23:39:01.204] [Server thread/DEBUG] [net.minecraftforge.network.HandshakeHandler/FMLHANDSHAKE]: Sending ticking packet info 'Registry minecraft:villager_profession' to 'fml:handshake' sequence 7
[18May2025 23:39:01.206] [Netty Epoll Server IO #6/DEBUG] [net.minecraftforge.network.LoginWrapper/FMLHANDSHAKE]: Recieved login wrapper packet event for channel fml:handshake with index 3
[18May2025 23:39:01.207] [Netty Epoll Server IO #6/DEBUG] [net.minecraftforge.network.HandshakeHandler/FMLHANDSHAKE]: Received client indexed reply 3 of type net.minecraftforge.network.HandshakeMessages$C2SAcknowledge
[18May2025 23:39:01.207] [Netty Epoll Server IO #6/DEBUG] [net.minecraftforge.network.HandshakeHandler/FMLHANDSHAKE]: Received acknowledgement from client
[18May2025 23:39:01.253] [Server thread/DEBUG] [net.minecraftforge.network.HandshakeHandler/FMLHANDSHAKE]: Sending ticking packet info 'Registry minecraft:item' to 'fml:handshake' sequence 8
[18May2025 23:39:01.260] [Netty Epoll Server IO #6/DEBUG] [net.minecraftforge.network.LoginWrapper/FMLHANDSHAKE]: Recieved login wrapper packet event for channel fml:handshake with index 4
[18May2025 23:39:01.260] [Netty Epoll Server IO #6/DEBUG] [net.minecraftforge.network.HandshakeHandler/FMLHANDSHAKE]: Received client indexed reply 4 of type net.minecraftforge.network.HandshakeMessages$C2SAcknowledge
[18May2025 23:39:01.260] [Netty Epoll Server IO #6/DEBUG] [net.minecraftforge.network.HandshakeHandler/FMLHANDSHAKE]: Received acknowledgement from client
[18May2025 23:39:01.303] [Server thread/DEBUG] [net.minecraftforge.network.HandshakeHandler/FMLHANDSHAKE]: Sending ticking packet info 'Registry minecraft:potion' to 'fml:handshake' sequence 9
[18May2025 23:39:01.353] [Server thread/DEBUG] [net.minecraftforge.network.HandshakeHandler/FMLHANDSHAKE]: Sending ticking packet info 'Registry minecraft:painting_variant' to 'fml:handshake' sequence 10
[18May2025 23:39:01.403] [Server thread/DEBUG] [net.minecraftforge.network.HandshakeHandler/FMLHANDSHAKE]: Sending ticking packet info 'Registry forge:fluid_type' to 'fml:handshake' sequence 11
[18May2025 23:39:01.417] [Netty Epoll Server IO #6/DEBUG] [net.minecraftforge.network.LoginWrapper/FMLHANDSHAKE]: Recieved login wrapper packet event for channel fml:handshake with index 5
[18May2025 23:39:01.417] [Netty Epoll Server IO #6/DEBUG] [net.minecraftforge.network.HandshakeHandler/FMLHANDSHAKE]: Received client indexed reply 5 of type net.minecraftforge.network.HandshakeMessages$C2SAcknowledge
[18May2025 23:39:01.417] [Netty Epoll Server IO #6/DEBUG] [net.minecraftforge.network.HandshakeHandler/FMLHANDSHAKE]: Received acknowledgement from client
[18May2025 23:39:01.418] [Netty Epoll Server IO #6/DEBUG] [net.minecraftforge.network.LoginWrapper/FMLHANDSHAKE]: Recieved login wrapper packet event for channel fml:handshake with index 6
[18May2025 23:39:01.418] [Netty Epoll Server IO #6/DEBUG] [net.minecraftforge.network.HandshakeHandler/FMLHANDSHAKE]: Received client indexed reply 6 of type net.minecraftforge.network.HandshakeMessages$C2SAcknowledge
[18May2025 23:39:01.418] [Netty Epoll Server IO #6/DEBUG] [net.minecraftforge.network.HandshakeHandler/FMLHANDSHAKE]: Received acknowledgement from client
[18May2025 23:39:01.418] [Netty Epoll Server IO #6/DEBUG] [net.minecraftforge.network.LoginWrapper/FMLHANDSHAKE]: Recieved login wrapper packet event for channel fml:handshake with index 7
[18May2025 23:39:01.418] [Netty Epoll Server IO #6/DEBUG] [net.minecraftforge.network.HandshakeHandler/FMLHANDSHAKE]: Received client indexed reply 7 of type net.minecraftforge.network.HandshakeMessages$C2SAcknowledge
[18May2025 23:39:01.418] [Netty Epoll Server IO #6/DEBUG] [net.minecraftforge.network.HandshakeHandler/FMLHANDSHAKE]: Received acknowledgement from client
[18May2025 23:39:01.453] [Server thread/DEBUG] [net.minecraftforge.network.HandshakeHandler/FMLHANDSHAKE]: Sending ticking packet info 'Registry minecraft:block_entity_type' to 'fml:handshake' sequence 12
[18May2025 23:39:01.503] [Server thread/DEBUG] [net.minecraftforge.network.HandshakeHandler/FMLHANDSHAKE]: Sending ticking packet info 'Registry forge:display_contexts' to 'fml:handshake' sequence 13
[18May2025 23:39:01.553] [Server thread/DEBUG] [net.minecraftforge.network.HandshakeHandler/FMLHANDSHAKE]: Sending ticking packet info 'Registry minecraft:block' to 'fml:handshake' sequence 14
[18May2025 23:39:01.603] [Server thread/DEBUG] [net.minecraftforge.network.HandshakeHandler/FMLHANDSHAKE]: Sending ticking packet info 'Registry forge:entity_data_serializers' to 'fml:handshake' sequence 15
[18May2025 23:39:01.653] [Server thread/DEBUG] [net.minecraftforge.network.HandshakeHandler/FMLHANDSHAKE]: Sending ticking packet info 'Registry minecraft:mob_effect' to 'fml:handshake' sequence 16
[18May2025 23:39:01.703] [Server thread/DEBUG] [net.minecraftforge.network.HandshakeHandler/FMLHANDSHAKE]: Sending ticking packet info 'Registry minecraft:stat_type' to 'fml:handshake' sequence 17
[18May2025 23:39:01.729] [Netty Epoll Server IO #6/DEBUG] [net.minecraftforge.network.LoginWrapper/FMLHANDSHAKE]: Recieved login wrapper packet event for channel fml:handshake with index 8
[18May2025 23:39:01.729] [Netty Epoll Server IO #6/DEBUG] [net.minecraftforge.network.HandshakeHandler/FMLHANDSHAKE]: Received client indexed reply 8 of type net.minecraftforge.network.HandshakeMessages$C2SAcknowledge
[18May2025 23:39:01.729] [Netty Epoll Server IO #6/DEBUG] [net.minecraftforge.network.HandshakeHandler/FMLHANDSHAKE]: Received acknowledgement from client
[18May2025 23:39:01.753] [Server thread/DEBUG] [net.minecraftforge.network.HandshakeHandler/FMLHANDSHAKE]: Sending ticking packet info 'Registry tombstone:perks' to 'fml:handshake' sequence 18
[18May2025 23:39:01.753] [Netty Epoll Server IO #6/DEBUG] [net.minecraftforge.network.LoginWrapper/FMLHANDSHAKE]: Recieved login wrapper packet event for channel fml:handshake with index 9
[18May2025 23:39:01.753] [Netty Epoll Server IO #6/DEBUG] [net.minecraftforge.network.HandshakeHandler/FMLHANDSHAKE]: Received client indexed reply 9 of type net.minecraftforge.network.HandshakeMessages$C2SAcknowledge
[18May2025 23:39:01.754] [Netty Epoll Server IO #6/DEBUG] [net.minecraftforge.network.HandshakeHandler/FMLHANDSHAKE]: Received acknowledgement from client
[18May2025 23:39:01.754] [Netty Epoll Server IO #6/DEBUG] [net.minecraftforge.network.LoginWrapper/FMLHANDSHAKE]: Recieved login wrapper packet event for channel fml:handshake with index 10
[18May2025 23:39:01.754] [Netty Epoll Server IO #6/DEBUG] [net.minecraftforge.network.HandshakeHandler/FMLHANDSHAKE]: Received client indexed reply 10 of type net.minecraftforge.network.HandshakeMessages$C2SAcknowledge
[18May2025 23:39:01.754] [Netty Epoll Server IO #6/DEBUG] [net.minecraftforge.network.HandshakeHandler/FMLHANDSHAKE]: Received acknowledgement from client
[18May2025 23:39:01.754] [Netty Epoll Server IO #6/DEBUG] [net.minecraftforge.network.LoginWrapper/FMLHANDSHAKE]: Recieved login wrapper packet event for channel fml:handshake with index 11
[18May2025 23:39:01.754] [Netty Epoll Server IO #6/DEBUG] [net.minecraftforge.network.HandshakeHandler/FMLHANDSHAKE]: Received client indexed reply 11 of type net.minecraftforge.network.HandshakeMessages$C2SAcknowledge
[18May2025 23:39:01.754] [Netty Epoll Server IO #6/DEBUG] [net.minecraftforge.network.HandshakeHandler/FMLHANDSHAKE]: Received acknowledgement from client
[18May2025 23:39:01.754] [Netty Epoll Server IO #6/DEBUG] [net.minecraftforge.network.LoginWrapper/FMLHANDSHAKE]: Recieved login wrapper packet event for channel fml:handshake with index 12
[18May2025 23:39:01.754] [Netty Epoll Server IO #6/DEBUG] [net.minecraftforge.network.HandshakeHandler/FMLHANDSHAKE]: Received client indexed reply 12 of type net.minecraftforge.network.HandshakeMessages$C2SAcknowledge
[18May2025 23:39:01.754] [Netty Epoll Server IO #6/DEBUG] [net.minecraftforge.network.HandshakeHandler/FMLHANDSHAKE]: Received acknowledgement from client
[18May2025 23:39:01.755] [Netty Epoll Server IO #6/DEBUG] [net.minecraftforge.network.LoginWrapper/FMLHANDSHAKE]: Recieved login wrapper packet event for channel fml:handshake with index 13
[18May2025 23:39:01.755] [Netty Epoll Server IO #6/DEBUG] [net.minecraftforge.network.HandshakeHandler/FMLHANDSHAKE]: Received client indexed reply 13 of type net.minecraftforge.network.HandshakeMessages$C2SAcknowledge
[18May2025 23:39:01.755] [Netty Epoll Server IO #6/DEBUG] [net.minecraftforge.network.HandshakeHandler/FMLHANDSHAKE]: Received acknowledgement from client
[18May2025 23:39:01.803] [Server thread/DEBUG] [net.minecraftforge.network.HandshakeHandler/FMLHANDSHAKE]: Sending ticking packet info 'Registry minecraft:menu' to 'fml:handshake' sequence 19
[18May2025 23:39:01.853] [Server thread/DEBUG] [net.minecraftforge.network.HandshakeHandler/FMLHANDSHAKE]: Sending ticking packet info 'Registry minecraft:enchantment' to 'fml:handshake' sequence 20
[18May2025 23:39:01.886] [Netty Epoll Server IO #6/DEBUG] [net.minecraftforge.network.LoginWrapper/FMLHANDSHAKE]: Recieved login wrapper packet event for channel fml:handshake with index 14
[18May2025 23:39:01.887] [Netty Epoll Server IO #6/DEBUG] [net.minecraftforge.network.HandshakeHandler/FMLHANDSHAKE]: Received client indexed reply 14 of type net.minecraftforge.network.HandshakeMessages$C2SAcknowledge
[18May2025 23:39:01.887] [Netty Epoll Server IO #6/DEBUG] [net.minecraftforge.network.HandshakeHandler/FMLHANDSHAKE]: Received acknowledgement from client
[18May2025 23:39:01.887] [Netty Epoll Server IO #6/DEBUG] [net.minecraftforge.network.LoginWrapper/FMLHANDSHAKE]: Recieved login wrapper packet event for channel fml:handshake with index 15
[18May2025 23:39:01.887] [Netty Epoll Server IO #6/DEBUG] [net.minecraftforge.network.HandshakeHandler/FMLHANDSHAKE]: Received client indexed reply 15 of type net.minecraftforge.network.HandshakeMessages$C2SAcknowledge
[18May2025 23:39:01.887] [Netty Epoll Server IO #6/DEBUG] [net.minecraftforge.network.HandshakeHandler/FMLHANDSHAKE]: Received acknowledgement from client
[18May2025 23:39:01.887] [Netty Epoll Server IO #6/DEBUG] [net.minecraftforge.network.LoginWrapper/FMLHANDSHAKE]: Recieved login wrapper packet event for channel fml:handshake with index 16
[18May2025 23:39:01.887] [Netty Epoll Server IO #6/DEBUG] [net.minecraftforge.network.HandshakeHandler/FMLHANDSHAKE]: Received client indexed reply 16 of type net.minecraftforge.network.HandshakeMessages$C2SAcknowledge
[18May2025 23:39:01.887] [Netty Epoll Server IO #6/DEBUG] [net.minecraftforge.network.HandshakeHandler/FMLHANDSHAKE]: Received acknowledgement from client
[18May2025 23:39:01.887] [Netty Epoll Server IO #6/DEBUG] [net.minecraftforge.network.LoginWrapper/FMLHANDSHAKE]: Recieved login wrapper packet event for channel fml:handshake with index 17
[18May2025 23:39:01.887] [Netty Epoll Server IO #6/DEBUG] [net.minecraftforge.network.HandshakeHandler/FMLHANDSHAKE]: Received client indexed reply 17 of type net.minecraftforge.network.HandshakeMessages$C2SAcknowledge
[18May2025 23:39:01.888] [Netty Epoll Server IO #6/DEBUG] [net.minecraftforge.network.HandshakeHandler/FMLHANDSHAKE]: Received acknowledgement from client
[18May2025 23:39:01.903] [Server thread/DEBUG] [net.minecraftforge.network.HandshakeHandler/FMLHANDSHAKE]: Sending ticking packet info 'Registry minecraft:fluid' to 'fml:handshake' sequence 21
[18May2025 23:39:01.953] [Server thread/DEBUG] [net.minecraftforge.network.HandshakeHandler/FMLHANDSHAKE]: Sending ticking packet info 'Registry minecraft:entity_type' to 'fml:handshake' sequence 22
[18May2025 23:39:01.959] [Netty Epoll Server IO #6/DEBUG] [net.minecraftforge.network.LoginWrapper/FMLHANDSHAKE]: Recieved login wrapper packet event for channel fml:handshake with index 18
[18May2025 23:39:01.959] [Netty Epoll Server IO #6/DEBUG] [net.minecraftforge.network.HandshakeHandler/FMLHANDSHAKE]: Received client indexed reply 18 of type net.minecraftforge.network.HandshakeMessages$C2SAcknowledge
[18May2025 23:39:01.959] [Netty Epoll Server IO #6/DEBUG] [net.minecraftforge.network.HandshakeHandler/FMLHANDSHAKE]: Received acknowledgement from client
[18May2025 23:39:02.003] [Server thread/DEBUG] [net.minecraftforge.network.HandshakeHandler/FMLHANDSHAKE]: Sending ticking packet info 'Config securitycraft-server.toml' to 'fml:handshake' sequence 23
[18May2025 23:39:02.010] [Netty Epoll Server IO #6/DEBUG] [net.minecraftforge.network.LoginWrapper/FMLHANDSHAKE]: Recieved login wrapper packet event for channel fml:handshake with index 19
[18May2025 23:39:02.010] [Netty Epoll Server IO #6/DEBUG] [net.minecraftforge.network.HandshakeHandler/FMLHANDSHAKE]: Received client indexed reply 19 of type net.minecraftforge.network.HandshakeMessages$C2SAcknowledge
[18May2025 23:39:02.010] [Netty Epoll Server IO #6/DEBUG] [net.minecraftforge.network.HandshakeHandler/FMLHANDSHAKE]: Received acknowledgement from client
[18May2025 23:39:02.042] [Netty Epoll Server IO #6/DEBUG] [net.minecraftforge.network.LoginWrapper/FMLHANDSHAKE]: Recieved login wrapper packet event for channel fml:handshake with index 20
[18May2025 23:39:02.042] [Netty Epoll Server IO #6/DEBUG] [net.minecraftforge.network.HandshakeHandler/FMLHANDSHAKE]: Received client indexed reply 20 of type net.minecraftforge.network.HandshakeMessages$C2SAcknowledge
[18May2025 23:39:02.042] [Netty Epoll Server IO #6/DEBUG] [net.minecraftforge.network.HandshakeHandler/FMLHANDSHAKE]: Received acknowledgement from client
[18May2025 23:39:02.053] [Server thread/DEBUG] [net.minecraftforge.network.HandshakeHandler/FMLHANDSHAKE]: Sending ticking packet info 'Config curios-server.toml' to 'fml:handshake' sequence 24
[18May2025 23:39:02.103] [Server thread/DEBUG] [net.minecraftforge.network.HandshakeHandler/FMLHANDSHAKE]: Sending ticking packet info 'Config tombstone-server.toml' to 'fml:handshake' sequence 25
[18May2025 23:39:02.107] [Netty Epoll Server IO #6/DEBUG] [net.minecraftforge.network.LoginWrapper/FMLHANDSHAKE]: Recieved login wrapper packet event for channel fml:handshake with index 21
[18May2025 23:39:02.107] [Netty Epoll Server IO #6/DEBUG] [net.minecraftforge.network.HandshakeHandler/FMLHANDSHAKE]: Received client indexed reply 21 of type net.minecraftforge.network.HandshakeMessages$C2SAcknowledge
[18May2025 23:39:02.107] [Netty Epoll Server IO #6/DEBUG] [net.minecraftforge.network.HandshakeHandler/FMLHANDSHAKE]: Received acknowledgement from client
[18May2025 23:39:02.153] [Server thread/DEBUG] [net.minecraftforge.network.HandshakeHandler/FMLHANDSHAKE]: Sending ticking packet info 'Config sophisticatedbackpacks-server.toml' to 'fml:handshake' sequence 26
[18May2025 23:39:02.203] [Server thread/DEBUG] [net.minecraftforge.network.HandshakeHandler/FMLHANDSHAKE]: Sending ticking packet info 'Config jei-server.toml' to 'fml:handshake' sequence 27
[18May2025 23:39:02.253] [Server thread/DEBUG] [net.minecraftforge.network.HandshakeHandler/FMLHANDSHAKE]: Sending ticking packet info 'Config forge-server.toml' to 'fml:handshake' sequence 28
[18May2025 23:39:02.711] [Netty Epoll Server IO #1/DEBUG] [net.minecraftforge.network.HandshakeHandler/FMLHANDSHAKE]: Starting new modded impl connection. Found 29 messages to dispatch.
[18May2025 23:39:02.736] [Netty Epoll Server IO #6/DEBUG] [net.minecraftforge.network.LoginWrapper/FMLHANDSHAKE]: Recieved login wrapper packet event for channel fml:handshake with index 22
[18May2025 23:39:02.736] [Netty Epoll Server IO #6/DEBUG] [net.minecraftforge.network.HandshakeHandler/FMLHANDSHAKE]: Received client indexed reply 22 of type net.minecraftforge.network.HandshakeMessages$C2SAcknowledge
[18May2025 23:39:02.736] [Netty Epoll Server IO #6/DEBUG] [net.minecraftforge.network.HandshakeHandler/FMLHANDSHAKE]: Received acknowledgement from client
[18May2025 23:39:02.737] [Netty Epoll Server IO #6/DEBUG] [net.minecraftforge.network.LoginWrapper/FMLHANDSHAKE]: Recieved login wrapper packet event for channel fml:handshake with index 23
[18May2025 23:39:02.737] [Netty Epoll Server IO #6/DEBUG] [net.minecraftforge.network.HandshakeHandler/FMLHANDSHAKE]: Received client indexed reply 23 of type net.minecraftforge.network.HandshakeMessages$C2SAcknowledge
[18May2025 23:39:02.737] [Netty Epoll Server IO #6/DEBUG] [net.minecraftforge.network.HandshakeHandler/FMLHANDSHAKE]: Received acknowledgement from client
[18May2025 23:39:02.737] [Netty Epoll Server IO #6/DEBUG] [net.minecraftforge.network.LoginWrapper/FMLHANDSHAKE]: Recieved login wrapper packet event for channel fml:handshake with index 24
[18May2025 23:39:02.737] [Netty Epoll Server IO #6/DEBUG] [net.minecraftforge.network.HandshakeHandler/FMLHANDSHAKE]: Received client indexed reply 24 of type net.minecraftforge.network.HandshakeMessages$C2SAcknowledge
[18May2025 23:39:02.737] [Netty Epoll Server IO #6/DEBUG] [net.minecraftforge.network.HandshakeHandler/FMLHANDSHAKE]: Received acknowledgement from client
[18May2025 23:39:02.737] [Netty Epoll Server IO #6/DEBUG] [net.minecraftforge.network.LoginWrapper/FMLHANDSHAKE]: Recieved login wrapper packet event for channel fml:handshake with index 25
[18May2025 23:39:02.738] [Netty Epoll Server IO #6/DEBUG] [net.minecraftforge.network.HandshakeHandler/FMLHANDSHAKE]: Received client indexed reply 25 of type net.minecraftforge.network.HandshakeMessages$C2SAcknowledge
[18May2025 23:39:02.738] [Netty Epoll Server IO #6/DEBUG] [net.minecraftforge.network.HandshakeHandler/FMLHANDSHAKE]: Received acknowledgement from client
[18May2025 23:39:02.738] [Netty Epoll Server IO #6/DEBUG] [net.minecraftforge.network.LoginWrapper/FMLHANDSHAKE]: Recieved login wrapper packet event for channel fml:handshake with index 26
[18May2025 23:39:02.738] [Netty Epoll Server IO #6/DEBUG] [net.minecraftforge.network.HandshakeHandler/FMLHANDSHAKE]: Received client indexed reply 26 of type net.minecraftforge.network.HandshakeMessages$C2SAcknowledge
[18May2025 23:39:02.738] [Netty Epoll Server IO #6/DEBUG] [net.minecraftforge.network.HandshakeHandler/FMLHANDSHAKE]: Received acknowledgement from client
[18May2025 23:39:02.738] [Netty Epoll Server IO #6/DEBUG] [net.minecraftforge.network.LoginWrapper/FMLHANDSHAKE]: Recieved login wrapper packet event for channel fml:handshake with index 27
[18May2025 23:39:02.739] [Netty Epoll Server IO #6/DEBUG] [net.minecraftforge.network.HandshakeHandler/FMLHANDSHAKE]: Received client indexed reply 27 of type net.minecraftforge.network.HandshakeMessages$C2SAcknowledge
[18May2025 23:39:02.739] [Netty Epoll Server IO #6/DEBUG] [net.minecraftforge.network.HandshakeHandler/FMLHANDSHAKE]: Received acknowledgement from client
[18May2025 23:39:02.739] [Netty Epoll Server IO #6/DEBUG] [net.minecraftforge.network.LoginWrapper/FMLHANDSHAKE]: Recieved login wrapper packet event for channel fml:handshake with index 28
[18May2025 23:39:02.739] [Netty Epoll Server IO #6/DEBUG] [net.minecraftforge.network.HandshakeHandler/FMLHANDSHAKE]: Received client indexed reply 28 of type net.minecraftforge.network.HandshakeMessages$C2SAcknowledge
[18May2025 23:39:02.740] [Netty Epoll Server IO #6/DEBUG] [net.minecraftforge.network.HandshakeHandler/FMLHANDSHAKE]: Received acknowledgement from client
[18May2025 23:39:02.753] [Server thread/DEBUG] [net.minecraftforge.network.HandshakeHandler/FMLHANDSHAKE]: Handshake complete!
[18May2025 23:39:02.753] [Server thread/DEBUG] [net.minecraftforge.network.HandshakeHandler/FMLHANDSHAKE]: Sending ticking packet info 'FrameworkConfig refurbished_furniture:server' to 'framework:handshake' sequence 0
[18May2025 23:39:02.860] [Server thread/INFO] [net.minecraft.server.players.PlayerList/]: YoungRichFlacko[/127.25.164.166:59061] logged in with entity id 192 at (-21.270295613045803, 63.0, -208.9360238029752)
[18May2025 23:39:02.872] [Server thread/DEBUG] [net.minecraftforge.network.filters.NetworkFilters/]: Injected net.minecraftforge.network.filters.ForgeConnectionNetworkFilter@4a26ed23 into net.minecraft.network.Connection@2a5a6bea
[18May2025 23:39:02.917] [Netty Epoll Server IO #1/DEBUG] [net.minecraftforge.network.LoginWrapper/FMLHANDSHAKE]: Recieved login wrapper packet event for channel framework:handshake with index 0
[18May2025 23:39:02.917] [Netty Epoll Server IO #1/DEBUG] [net.minecraftforge.network.HandshakeHandler/FMLHANDSHAKE]: Received client indexed reply 0 of type com.mrcrayfish.framework.api.network.message.HandshakeMessage$Acknowledge
[18May2025 23:39:02.917] [Netty Epoll Server IO #1/DEBUG] [Framework/FRAMEWORK_HANDSHAKE]: Received acknowledgement from client
[18May2025 23:39:02.977] [Server thread/INFO] [net.minecraft.server.MinecraftServer/]: YoungRichFlacko joined the game
[18May2025 23:39:03.136] [Server thread/INFO] [Jade/]: Syncing config to YoungRichFlacko (a5157efd-87d5-3dd6-8ded-fbf34d477ce4)
[18May2025 23:39:03.394] [Server thread/INFO] [tannyjung.tht.ThtMod/]: THT : Run a test to get world height limit and the result is 320.0
[18May2025 23:39:03.418] [Server thread/DEBUG] [net.minecraftforge.network.HandshakeHandler/FMLHANDSHAKE]: Sending ticking packet info 'net.minecraftforge.network.HandshakeMessages$S2CModData' to 'fml:handshake' sequence 1
[18May2025 23:39:03.506] [Server thread/DEBUG] [io.netty.util.internal.ThreadLocalRandom/]: -Dio.netty.initialSeedUniquifier: 0x5b4fa8632b518911
[18May2025 23:39:03.611] [Server thread/DEBUG] [net.minecraftforge.network.HandshakeHandler/FMLHANDSHAKE]: Sending ticking packet info 'net.minecraftforge.network.HandshakeMessages$S2CModList' to 'fml:handshake' sequence 2
[18May2025 23:39:03.663] [Server thread/DEBUG] [net.minecraftforge.network.HandshakeHandler/FMLHANDSHAKE]: Sending ticking packet info 'Registry minecraft:command_argument_type' to 'fml:handshake' sequence 3
[18May2025 23:39:03.715] [Server thread/DEBUG] [net.minecraftforge.network.HandshakeHandler/FMLHANDSHAKE]: Sending ticking packet info 'Registry minecraft:recipe_serializer' to 'fml:handshake' sequence 4
[18May2025 23:39:03.743] [Netty Epoll Server IO #1/DEBUG] [net.minecraftforge.network.LoginWrapper/FMLHANDSHAKE]: Recieved login wrapper packet event for channel fml:handshake with index 2
[18May2025 23:39:03.744] [Netty Epoll Server IO #1/DEBUG] [net.minecraftforge.network.HandshakeHandler/FMLHANDSHAKE]: Received client indexed reply 2 of type net.minecraftforge.network.HandshakeMessages$C2SModListReply
[18May2025 23:39:03.744] [Netty Epoll Server IO #1/DEBUG] [net.minecraftforge.network.HandshakeHandler/FMLHANDSHAKE]: Received client connection with modlist [minecraft, tht, elytraslot, kuma_api, terrablender, trashslot, mixinsquared, jade, jei, spectrelib, libraryferret, goblintraders, caelus, sophisticatedcore, curios, xaerominimap, xaeroworldmap, jumpoverfences, comforts, securitycraft, bettervillage, mixinextras, tombstone, glitchcore, biomesoplenty, sophisticatedbackpacks, architectury, mca, ferritecore, balm, refurbished_furniture, framework, fallingtree, forge]
[18May2025 23:39:03.744] [Netty Epoll Server IO #1/DEBUG] [net.minecraftforge.network.NetworkRegistry/NETREGISTRY]: Channel 'comforts:main' : Version test of '1' from client : ACCEPTED
[18May2025 23:39:03.744] [Netty Epoll Server IO #1/DEBUG] [net.minecraftforge.network.NetworkRegistry/NETREGISTRY]: Channel 'architectury:network' : Version test of '1' from client : ACCEPTED
[18May2025 23:39:03.744] [Netty Epoll Server IO #1/DEBUG] [net.minecraftforge.network.NetworkRegistry/NETREGISTRY]: Channel 'jei:channel' : Version test of '1.0.0' from client : ACCEPTED
[18May2025 23:39:03.744] [Netty Epoll Server IO #1/DEBUG] [net.minecraftforge.network.NetworkRegistry/NETREGISTRY]: Channel 'minecraft:unregister' : Version test of 'FML3' from client : ACCEPTED
[18May2025 23:39:03.744] [Netty Epoll Server IO #1/DEBUG] [net.minecraftforge.network.NetworkRegistry/NETREGISTRY]: Channel 'xaerominimap:main' : Version test of '1.0' from client : ACCEPTED
[18May2025 23:39:03.744] [Netty Epoll Server IO #1/DEBUG] [net.minecraftforge.network.NetworkRegistry/NETREGISTRY]: Channel 'sophisticatedbackpacks:channel' : Version test of '1' from client : ACCEPTED
[18May2025 23:39:03.744] [Netty Epoll Server IO #1/DEBUG] [net.minecraftforge.network.NetworkRegistry/NETREGISTRY]: Channel 'securitycraft:securitycraft' : Version test of 'v1.10.0.1' from client : ACCEPTED
[18May2025 23:39:03.744] [Netty Epoll Server IO #1/DEBUG] [net.minecraftforge.network.NetworkRegistry/NETREGISTRY]: Channel 'framework:play' : Version test of '1' from client : ACCEPTED
[18May2025 23:39:03.744] [Netty Epoll Server IO #1/DEBUG] [net.minecraftforge.network.NetworkRegistry/NETREGISTRY]: Channel 'fallingtree:main' : Version test of '1' from client : ACCEPTED
[18May2025 23:39:03.744] [Netty Epoll Server IO #1/DEBUG] [net.minecraftforge.network.NetworkRegistry/NETREGISTRY]: Channel 'curios:main' : Version test of '1' from client : ACCEPTED
[18May2025 23:39:03.744] [Netty Epoll Server IO #1/DEBUG] [net.minecraftforge.network.NetworkRegistry/NETREGISTRY]: Channel 'balm:network' : Version test of '1.0' from client : ACCEPTED
[18May2025 23:39:03.744] [Netty Epoll Server IO #1/DEBUG] [net.minecraftforge.network.NetworkRegistry/NETREGISTRY]: Channel 'framework:handshake' : Version test of '1' from client : ACCEPTED
[18May2025 23:39:03.744] [Netty Epoll Server IO #1/DEBUG] [net.minecraftforge.network.NetworkRegistry/NETREGISTRY]: Channel 'fml:loginwrapper' : Version test of 'FML3' from client : ACCEPTED
[18May2025 23:39:03.744] [Netty Epoll Server IO #1/DEBUG] [net.minecraftforge.network.NetworkRegistry/NETREGISTRY]: Channel 'forge:tier_sorting' : Version test of '1.0' from client : ACCEPTED
[18May2025 23:39:03.744] [Netty Epoll Server IO #1/DEBUG] [net.minecraftforge.network.NetworkRegistry/NETREGISTRY]: Channel 'spectrelib:main' : Version test of '1' from client : ACCEPTED
[18May2025 23:39:03.744] [Netty Epoll Server IO #1/DEBUG] [net.minecraftforge.network.NetworkRegistry/NETREGISTRY]: Channel 'trashslot:network' : Version test of '1.0' from client : ACCEPTED
[18May2025 23:39:03.744] [Netty Epoll Server IO #1/DEBUG] [net.minecraftforge.network.NetworkRegistry/NETREGISTRY]: Channel 'tombstone:tombstone_channel' : Version test of 'tombstone-8.9.4' from client : ACCEPTED
[18May2025 23:39:03.744] [Netty Epoll Server IO #1/DEBUG] [net.minecraftforge.network.NetworkRegistry/NETREGISTRY]: Channel 'mca:main' : Version test of '1' from client : ACCEPTED
[18May2025 23:39:03.744] [Netty Epoll Server IO #1/DEBUG] [net.minecraftforge.network.NetworkRegistry/NETREGISTRY]: Channel 'fml:play' : Version test of 'FML3' from client : ACCEPTED
[18May2025 23:39:03.744] [Netty Epoll Server IO #1/DEBUG] [net.minecraftforge.network.NetworkRegistry/NETREGISTRY]: Channel 'sophisticatedcore:channel' : Version test of '1' from client : ACCEPTED
[18May2025 23:39:03.744] [Netty Epoll Server IO #1/DEBUG] [net.minecraftforge.network.NetworkRegistry/NETREGISTRY]: Channel 'caelus:main' : Version test of '1' from client : ACCEPTED
[18May2025 23:39:03.745] [Netty Epoll Server IO #1/DEBUG] [net.minecraftforge.network.NetworkRegistry/NETREGISTRY]: Channel 'fml:handshake' : Version test of 'FML3' from client : ACCEPTED
[18May2025 23:39:03.745] [Netty Epoll Server IO #1/DEBUG] [net.minecraftforge.network.NetworkRegistry/NETREGISTRY]: Channel 'tht:tht' : Version test of '1' from client : ACCEPTED
[18May2025 23:39:03.745] [Netty Epoll Server IO #1/DEBUG] [net.minecraftforge.network.NetworkRegistry/NETREGISTRY]: Channel 'xaeroworldmap:main' : Version test of '1.0' from client : ACCEPTED
[18May2025 23:39:03.745] [Netty Epoll Server IO #1/DEBUG] [net.minecraftforge.network.NetworkRegistry/NETREGISTRY]: Channel 'minecraft:register' : Version test of 'FML3' from client : ACCEPTED
[18May2025 23:39:03.745] [Netty Epoll Server IO #1/DEBUG] [net.minecraftforge.network.NetworkRegistry/NETREGISTRY]: Channel 'forge:split' : Version test of '1.1' from client : ACCEPTED
[18May2025 23:39:03.745] [Netty Epoll Server IO #1/DEBUG] [net.minecraftforge.network.NetworkRegistry/NETREGISTRY]: Channel 'jade:networking' : Version test of '2' from client : ACCEPTED
[18May2025 23:39:03.745] [Netty Epoll Server IO #1/DEBUG] [net.minecraftforge.network.NetworkRegistry/NETREGISTRY]: Channel 'refurbished_furniture:play' : Version test of '1' from client : ACCEPTED
[18May2025 23:39:03.745] [Netty Epoll Server IO #1/DEBUG] [net.minecraftforge.network.NetworkRegistry/NETREGISTRY]: Accepting channel list from client
[18May2025 23:39:03.745] [Netty Epoll Server IO #1/DEBUG] [net.minecraftforge.network.HandshakeHandler/FMLHANDSHAKE]: Accepted client connection mod list
[18May2025 23:39:03.746] [Server thread/DEBUG] [net.minecraftforge.network.HandshakeHandler/FMLHANDSHAKE]: Sending ticking packet info 'Registry minecraft:sound_event' to 'fml:handshake' sequence 5
[18May2025 23:39:03.772] [Server thread/DEBUG] [net.minecraftforge.network.HandshakeHandler/FMLHANDSHAKE]: Sending ticking packet info 'Registry minecraft:particle_type' to 'fml:handshake' sequence 6
[18May2025 23:39:03.795] [Server thread/DEBUG] [net.minecraftforge.network.HandshakeHandler/FMLHANDSHAKE]: Sending ticking packet info 'Registry minecraft:villager_profession' to 'fml:handshake' sequence 7
[18May2025 23:39:03.812] [Server thread/DEBUG] [net.minecraftforge.network.HandshakeHandler/FMLHANDSHAKE]: Sending ticking packet info 'Registry minecraft:item' to 'fml:handshake' sequence 8
[18May2025 23:39:03.831] [Server thread/DEBUG] [net.minecraftforge.network.HandshakeHandler/FMLHANDSHAKE]: Sending ticking packet info 'Registry minecraft:potion' to 'fml:handshake' sequence 9
[18May2025 23:39:03.846] [Netty Epoll Server IO #1/DEBUG] [net.minecraftforge.network.LoginWrapper/FMLHANDSHAKE]: Recieved login wrapper packet event for channel fml:handshake with index 3
[18May2025 23:39:03.847] [Netty Epoll Server IO #1/DEBUG] [net.minecraftforge.network.HandshakeHandler/FMLHANDSHAKE]: Received client indexed reply 3 of type net.minecraftforge.network.HandshakeMessages$C2SAcknowledge
[18May2025 23:39:03.847] [Netty Epoll Server IO #1/DEBUG] [net.minecraftforge.network.HandshakeHandler/FMLHANDSHAKE]: Received acknowledgement from client
[18May2025 23:39:03.850] [Server thread/DEBUG] [net.minecraftforge.network.HandshakeHandler/FMLHANDSHAKE]: Sending ticking packet info 'Registry minecraft:painting_variant' to 'fml:handshake' sequence 10
[18May2025 23:39:03.875] [Netty Epoll Server IO #1/DEBUG] [net.minecraftforge.network.LoginWrapper/FMLHANDSHAKE]: Recieved login wrapper packet event for channel fml:handshake with index 4
[18May2025 23:39:03.875] [Netty Epoll Server IO #1/DEBUG] [net.minecraftforge.network.HandshakeHandler/FMLHANDSHAKE]: Received client indexed reply 4 of type net.minecraftforge.network.HandshakeMessages$C2SAcknowledge
[18May2025 23:39:03.876] [Netty Epoll Server IO #1/DEBUG] [net.minecraftforge.network.HandshakeHandler/FMLHANDSHAKE]: Received acknowledgement from client
[18May2025 23:39:03.881] [Server thread/DEBUG] [net.minecraftforge.network.HandshakeHandler/FMLHANDSHAKE]: Sending ticking packet info 'Registry forge:fluid_type' to 'fml:handshake' sequence 11
[18May2025 23:39:03.902] [Server thread/DEBUG] [net.minecraftforge.network.HandshakeHandler/FMLHANDSHAKE]: Sending ticking packet info 'Registry minecraft:block_entity_type' to 'fml:handshake' sequence 12
[18May2025 23:39:03.938] [Server thread/DEBUG] [net.minecraftforge.network.HandshakeHandler/FMLHANDSHAKE]: Sending ticking packet info 'Registry forge:display_contexts' to 'fml:handshake' sequence 13
[18May2025 23:39:03.957] [Server thread/DEBUG] [net.minecraftforge.network.HandshakeHandler/FMLHANDSHAKE]: Sending ticking packet info 'Registry minecraft:block' to 'fml:handshake' sequence 14
[18May2025 23:39:03.979] [Server thread/DEBUG] [net.minecraftforge.network.HandshakeHandler/FMLHANDSHAKE]: Sending ticking packet info 'Registry forge:entity_data_serializers' to 'fml:handshake' sequence 15
[18May2025 23:39:03.997] [Server thread/DEBUG] [net.minecraftforge.network.HandshakeHandler/FMLHANDSHAKE]: Sending ticking packet info 'Registry minecraft:mob_effect' to 'fml:handshake' sequence 16
[18May2025 23:39:04.010] [Server thread/DEBUG] [net.minecraftforge.network.HandshakeHandler/FMLHANDSHAKE]: Sending ticking packet info 'Registry minecraft:stat_type' to 'fml:handshake' sequence 17
[18May2025 23:39:04.021] [Server thread/DEBUG] [net.minecraftforge.network.HandshakeHandler/FMLHANDSHAKE]: Sending ticking packet info 'Registry tombstone:perks' to 'fml:handshake' sequence 18
[18May2025 23:39:04.032] [Server thread/DEBUG] [net.minecraftforge.network.HandshakeHandler/FMLHANDSHAKE]: Sending ticking packet info 'Registry minecraft:menu' to 'fml:handshake' sequence 19
[18May2025 23:39:04.045] [Server thread/DEBUG] [net.minecraftforge.network.HandshakeHandler/FMLHANDSHAKE]: Sending ticking packet info 'Registry minecraft:enchantment' to 'fml:handshake' sequence 20
[18May2025 23:39:04.057] [Server thread/DEBUG] [net.minecraftforge.network.HandshakeHandler/FMLHANDSHAKE]: Sending ticking packet info 'Registry minecraft:fluid' to 'fml:handshake' sequence 21
[18May2025 23:39:04.069] [Server thread/DEBUG] [net.minecraftforge.network.HandshakeHandler/FMLHANDSHAKE]: Sending ticking packet info 'Registry minecraft:entity_type' to 'fml:handshake' sequence 22
[18May2025 23:39:04.088] [Server thread/DEBUG] [net.minecraftforge.network.HandshakeHandler/FMLHANDSHAKE]: Sending ticking packet info 'Config securitycraft-server.toml' to 'fml:handshake' sequence 23
[18May2025 23:39:04.100] [Server thread/DEBUG] [net.minecraftforge.network.HandshakeHandler/FMLHANDSHAKE]: Sending ticking packet info 'Config curios-server.toml' to 'fml:handshake' sequence 24
[18May2025 23:39:04.124] [Server thread/DEBUG] [net.minecraftforge.network.HandshakeHandler/FMLHANDSHAKE]: Sending ticking packet info 'Config tombstone-server.toml' to 'fml:handshake' sequence 25
[18May2025 23:39:04.136] [Server thread/DEBUG] [net.minecraftforge.network.HandshakeHandler/FMLHANDSHAKE]: Sending ticking packet info 'Config sophisticatedbackpacks-server.toml' to 'fml:handshake' sequence 26
[18May2025 23:39:04.141] [Netty Epoll Server IO #1/DEBUG] [net.minecraftforge.network.LoginWrapper/FMLHANDSHAKE]: Recieved login wrapper packet event for channel fml:handshake with index 5
[18May2025 23:39:04.141] [Netty Epoll Server IO #1/DEBUG] [net.minecraftforge.network.HandshakeHandler/FMLHANDSHAKE]: Received client indexed reply 5 of type net.minecraftforge.network.HandshakeMessages$C2SAcknowledge
[18May2025 23:39:04.142] [Netty Epoll Server IO #1/DEBUG] [net.minecraftforge.network.HandshakeHandler/FMLHANDSHAKE]: Received acknowledgement from client
[18May2025 23:39:04.162] [Server thread/DEBUG] [net.minecraftforge.network.HandshakeHandler/FMLHANDSHAKE]: Sending ticking packet info 'Config jei-server.toml' to 'fml:handshake' sequence 27
[18May2025 23:39:04.163] [Netty Epoll Server IO #1/DEBUG] [net.minecraftforge.network.LoginWrapper/FMLHANDSHAKE]: Recieved login wrapper packet event for channel fml:handshake with index 6
[18May2025 23:39:04.163] [Netty Epoll Server IO #1/DEBUG] [net.minecraftforge.network.HandshakeHandler/FMLHANDSHAKE]: Received client indexed reply 6 of type net.minecraftforge.network.HandshakeMessages$C2SAcknowledge
[18May2025 23:39:04.163] [Netty Epoll Server IO #1/DEBUG] [net.minecraftforge.network.HandshakeHandler/FMLHANDSHAKE]: Received acknowledgement from client
[18May2025 23:39:04.163] [Netty Epoll Server IO #1/DEBUG] [net.minecraftforge.network.LoginWrapper/FMLHANDSHAKE]: Recieved login wrapper packet event for channel fml:handshake with index 7
[18May2025 23:39:04.164] [Netty Epoll Server IO #1/DEBUG] [net.minecraftforge.network.HandshakeHandler/FMLHANDSHAKE]: Received client indexed reply 7 of type net.minecraftforge.network.HandshakeMessages$C2SAcknowledge
[18May2025 23:39:04.164] [Netty Epoll Server IO #1/DEBUG] [net.minecraftforge.network.HandshakeHandler/FMLHANDSHAKE]: Received acknowledgement from client
[18May2025 23:39:04.203] [Server thread/DEBUG] [net.minecraftforge.network.HandshakeHandler/FMLHANDSHAKE]: Sending ticking packet info 'Config forge-server.toml' to 'fml:handshake' sequence 28
[18May2025 23:39:04.274] [Netty Epoll Server IO #1/DEBUG] [net.minecraftforge.network.LoginWrapper/FMLHANDSHAKE]: Recieved login wrapper packet event for channel fml:handshake with index 8
[18May2025 23:39:04.275] [Netty Epoll Server IO #1/DEBUG] [net.minecraftforge.network.HandshakeHandler/FMLHANDSHAKE]: Received client indexed reply 8 of type net.minecraftforge.network.HandshakeMessages$C2SAcknowledge
[18May2025 23:39:04.275] [Netty Epoll Server IO #1/DEBUG] [net.minecraftforge.network.HandshakeHandler/FMLHANDSHAKE]: Received acknowledgement from client
[18May2025 23:39:04.275] [Netty Epoll Server IO #1/DEBUG] [net.minecraftforge.network.LoginWrapper/FMLHANDSHAKE]: Recieved login wrapper packet event for channel fml:handshake with index 9
[18May2025 23:39:04.275] [Netty Epoll Server IO #1/DEBUG] [net.minecraftforge.network.HandshakeHandler/FMLHANDSHAKE]: Received client indexed reply 9 of type net.minecraftforge.network.HandshakeMessages$C2SAcknowledge
[18May2025 23:39:04.275] [Netty Epoll Server IO #1/DEBUG] [net.minecraftforge.network.HandshakeHandler/FMLHANDSHAKE]: Received acknowledgement from client
[18May2025 23:39:04.275] [Netty Epoll Server IO #1/DEBUG] [net.minecraftforge.network.LoginWrapper/FMLHANDSHAKE]: Recieved login wrapper packet event for channel fml:handshake with index 10
[18May2025 23:39:04.276] [Netty Epoll Server IO #1/DEBUG] [net.minecraftforge.network.HandshakeHandler/FMLHANDSHAKE]: Received client indexed reply 10 of type net.minecraftforge.network.HandshakeMessages$C2SAcknowledge
[18May2025 23:39:04.276] [Netty Epoll Server IO #1/DEBUG] [net.minecraftforge.network.HandshakeHandler/FMLHANDSHAKE]: Received acknowledgement from client
[18May2025 23:39:04.276] [Netty Epoll Server IO #1/DEBUG] [net.minecraftforge.network.LoginWrapper/FMLHANDSHAKE]: Recieved login wrapper packet event for channel fml:handshake with index 11
[18May2025 23:39:04.276] [Netty Epoll Server IO #1/DEBUG] [net.minecraftforge.network.HandshakeHandler/FMLHANDSHAKE]: Received client indexed reply 11 of type net.minecraftforge.network.HandshakeMessages$C2SAcknowledge
[18May2025 23:39:04.276] [Netty Epoll Server IO #1/DEBUG] [net.minecraftforge.network.HandshakeHandler/FMLHANDSHAKE]: Received acknowledgement from client
[18May2025 23:39:04.276] [Netty Epoll Server IO #1/DEBUG] [net.minecraftforge.network.LoginWrapper/FMLHANDSHAKE]: Recieved login wrapper packet event for channel fml:handshake with index 12
[18May2025 23:39:04.276] [Netty Epoll Server IO #1/DEBUG] [net.minecraftforge.network.HandshakeHandler/FMLHANDSHAKE]: Received client indexed reply 12 of type net.minecraftforge.network.HandshakeMessages$C2SAcknowledge
[18May2025 23:39:04.276] [Netty Epoll Server IO #1/DEBUG] [net.minecraftforge.network.HandshakeHandler/FMLHANDSHAKE]: Received acknowledgement from client
[18May2025 23:39:04.276] [Netty Epoll Server IO #1/DEBUG] [net.minecraftforge.network.LoginWrapper/FMLHANDSHAKE]: Recieved login wrapper packet event for channel fml:handshake with index 13
[18May2025 23:39:04.276] [Netty Epoll Server IO #1/DEBUG] [net.minecraftforge.network.HandshakeHandler/FMLHANDSHAKE]: Received client indexed reply 13 of type net.minecraftforge.network.HandshakeMessages$C2SAcknowledge
[18May2025 23:39:04.276] [Netty Epoll Server IO #1/DEBUG] [net.minecraftforge.network.HandshakeHandler/FMLHANDSHAKE]: Received acknowledgement from client
[18May2025 23:39:04.405] [Netty Epoll Server IO #1/DEBUG] [net.minecraftforge.network.LoginWrapper/FMLHANDSHAKE]: Recieved login wrapper packet event for channel fml:handshake with index 14
[18May2025 23:39:04.405] [Netty Epoll Server IO #1/DEBUG] [net.minecraftforge.network.HandshakeHandler/FMLHANDSHAKE]: Received client indexed reply 14 of type net.minecraftforge.network.HandshakeMessages$C2SAcknowledge
[18May2025 23:39:04.405] [Netty Epoll Server IO #1/DEBUG] [net.minecraftforge.network.HandshakeHandler/FMLHANDSHAKE]: Received acknowledgement from client
[18May2025 23:39:04.406] [Netty Epoll Server IO #1/DEBUG] [net.minecraftforge.network.LoginWrapper/FMLHANDSHAKE]: Recieved login wrapper packet event for channel fml:handshake with index 15
[18May2025 23:39:04.406] [Netty Epoll Server IO #1/DEBUG] [net.minecraftforge.network.HandshakeHandler/FMLHANDSHAKE]: Received client indexed reply 15 of type net.minecraftforge.network.HandshakeMessages$C2SAcknowledge
[18May2025 23:39:04.406] [Netty Epoll Server IO #1/DEBUG] [net.minecraftforge.network.HandshakeHandler/FMLHANDSHAKE]: Received acknowledgement from client
[18May2025 23:39:04.406] [Netty Epoll Server IO #1/DEBUG] [net.minecraftforge.network.LoginWrapper/FMLHANDSHAKE]: Recieved login wrapper packet event for channel fml:handshake with index 16
[18May2025 23:39:04.406] [Netty Epoll Server IO #1/DEBUG] [net.minecraftforge.network.HandshakeHandler/FMLHANDSHAKE]: Received client indexed reply 16 of type net.minecraftforge.network.HandshakeMessages$C2SAcknowledge
[18May2025 23:39:04.406] [Netty Epoll Server IO #1/DEBUG] [net.minecraftforge.network.HandshakeHandler/FMLHANDSHAKE]: Received acknowledgement from client
[18May2025 23:39:04.407] [Netty Epoll Server IO #1/DEBUG] [net.minecraftforge.network.LoginWrapper/FMLHANDSHAKE]: Recieved login wrapper packet event for channel fml:handshake with index 17
[18May2025 23:39:04.407] [Netty Epoll Server IO #1/DEBUG] [net.minecraftforge.network.HandshakeHandler/FMLHANDSHAKE]: Received client indexed reply 17 of type net.minecraftforge.network.HandshakeMessages$C2SAcknowledge
[18May2025 23:39:04.407] [Netty Epoll Server IO #1/DEBUG] [net.minecraftforge.network.HandshakeHandler/FMLHANDSHAKE]: Received acknowledgement from client
[18May2025 23:39:04.407] [Netty Epoll Server IO #1/DEBUG] [net.minecraftforge.network.LoginWrapper/FMLHANDSHAKE]: Recieved login wrapper packet event for channel fml:handshake with index 18
[18May2025 23:39:04.408] [Netty Epoll Server IO #1/DEBUG] [net.minecraftforge.network.HandshakeHandler/FMLHANDSHAKE]: Received client indexed reply 18 of type net.minecraftforge.network.HandshakeMessages$C2SAcknowledge
[18May2025 23:39:04.408] [Netty Epoll Server IO #1/DEBUG] [net.minecraftforge.network.HandshakeHandler/FMLHANDSHAKE]: Received acknowledgement from client
[18May2025 23:39:04.408] [Netty Epoll Server IO #1/DEBUG] [net.minecraftforge.network.LoginWrapper/FMLHANDSHAKE]: Recieved login wrapper packet event for channel fml:handshake with index 19
[18May2025 23:39:04.409] [Netty Epoll Server IO #1/DEBUG] [net.minecraftforge.network.HandshakeHandler/FMLHANDSHAKE]: Received client indexed reply 19 of type net.minecraftforge.network.HandshakeMessages$C2SAcknowledge
[18May2025 23:39:04.409] [Netty Epoll Server IO #1/DEBUG] [net.minecraftforge.network.HandshakeHandler/FMLHANDSHAKE]: Received acknowledgement from client
[18May2025 23:39:04.409] [Netty Epoll Server IO #1/DEBUG] [net.minecraftforge.network.LoginWrapper/FMLHANDSHAKE]: Recieved login wrapper packet event for channel fml:handshake with index 20
[18May2025 23:39:04.410] [Netty Epoll Server IO #1/DEBUG] [net.minecraftforge.network.HandshakeHandler/FMLHANDSHAKE]: Received client indexed reply 20 of type net.minecraftforge.network.HandshakeMessages$C2SAcknowledge
[18May2025 23:39:04.413] [Netty Epoll Server IO #1/DEBUG] [net.minecraftforge.network.HandshakeHandler/FMLHANDSHAKE]: Received acknowledgement from client
[18May2025 23:39:04.413] [Netty Epoll Server IO #1/DEBUG] [net.minecraftforge.network.LoginWrapper/FMLHANDSHAKE]: Recieved login wrapper packet event for channel fml:handshake with index 21
[18May2025 23:39:04.414] [Netty Epoll Server IO #1/DEBUG] [net.minecraftforge.network.HandshakeHandler/FMLHANDSHAKE]: Received client indexed reply 21 of type net.minecraftforge.network.HandshakeMessages$C2SAcknowledge
[18May2025 23:39:04.414] [Netty Epoll Server IO #1/DEBUG] [net.minecraftforge.network.HandshakeHandler/FMLHANDSHAKE]: Received acknowledgement from client
[18May2025 23:39:05.359] [Netty Epoll Server IO #1/DEBUG] [net.minecraftforge.network.LoginWrapper/FMLHANDSHAKE]: Recieved login wrapper packet event for channel fml:handshake with index 22
[18May2025 23:39:05.359] [Netty Epoll Server IO #1/DEBUG] [net.minecraftforge.network.HandshakeHandler/FMLHANDSHAKE]: Received client indexed reply 22 of type net.minecraftforge.network.HandshakeMessages$C2SAcknowledge
[18May2025 23:39:05.359] [Netty Epoll Server IO #1/DEBUG] [net.minecraftforge.network.HandshakeHandler/FMLHANDSHAKE]: Received acknowledgement from client
[18May2025 23:39:05.359] [Netty Epoll Server IO #1/DEBUG] [net.minecraftforge.network.LoginWrapper/FMLHANDSHAKE]: Recieved login wrapper packet event for channel fml:handshake with index 23
[18May2025 23:39:05.359] [Netty Epoll Server IO #1/DEBUG] [net.minecraftforge.network.HandshakeHandler/FMLHANDSHAKE]: Received client indexed reply 23 of type net.minecraftforge.network.HandshakeMessages$C2SAcknowledge
[18May2025 23:39:05.359] [Netty Epoll Server IO #1/DEBUG] [net.minecraftforge.network.HandshakeHandler/FMLHANDSHAKE]: Received acknowledgement from client
[18May2025 23:39:05.360] [Netty Epoll Server IO #1/DEBUG] [net.minecraftforge.network.LoginWrapper/FMLHANDSHAKE]: Recieved login wrapper packet event for channel fml:handshake with index 24
[18May2025 23:39:05.360] [Netty Epoll Server IO #1/DEBUG] [net.minecraftforge.network.HandshakeHandler/FMLHANDSHAKE]: Received client indexed reply 24 of type net.minecraftforge.network.HandshakeMessages$C2SAcknowledge
[18May2025 23:39:05.360] [Netty Epoll Server IO #1/DEBUG] [net.minecraftforge.network.HandshakeHandler/FMLHANDSHAKE]: Received acknowledgement from client
[18May2025 23:39:05.360] [Netty Epoll Server IO #1/DEBUG] [net.minecraftforge.network.LoginWrapper/FMLHANDSHAKE]: Recieved login wrapper packet event for channel fml:handshake with index 25
[18May2025 23:39:05.360] [Netty Epoll Server IO #1/DEBUG] [net.minecraftforge.network.HandshakeHandler/FMLHANDSHAKE]: Received client indexed reply 25 of type net.minecraftforge.network.HandshakeMessages$C2SAcknowledge
[18May2025 23:39:05.360] [Netty Epoll Server IO #1/DEBUG] [net.minecraftforge.network.HandshakeHandler/FMLHANDSHAKE]: Received acknowledgement from client
[18May2025 23:39:05.363] [Netty Epoll Server IO #1/DEBUG] [net.minecraftforge.network.LoginWrapper/FMLHANDSHAKE]: Recieved login wrapper packet event for channel fml:handshake with index 26
[18May2025 23:39:05.363] [Netty Epoll Server IO #1/DEBUG] [net.minecraftforge.network.HandshakeHandler/FMLHANDSHAKE]: Received client indexed reply 26 of type net.minecraftforge.network.HandshakeMessages$C2SAcknowledge
[18May2025 23:39:05.363] [Netty Epoll Server IO #1/DEBUG] [net.minecraftforge.network.HandshakeHandler/FMLHANDSHAKE]: Received acknowledgement from client
[18May2025 23:39:05.363] [Netty Epoll Server IO #1/DEBUG] [net.minecraftforge.network.LoginWrapper/FMLHANDSHAKE]: Recieved login wrapper packet event for channel fml:handshake with index 27
[18May2025 23:39:05.364] [Netty Epoll Server IO #1/DEBUG] [net.minecraftforge.network.HandshakeHandler/FMLHANDSHAKE]: Received client indexed reply 27 of type net.minecraftforge.network.HandshakeMessages$C2SAcknowledge
[18May2025 23:39:05.364] [Netty Epoll Server IO #1/DEBUG] [net.minecraftforge.network.HandshakeHandler/FMLHANDSHAKE]: Received acknowledgement from client
[18May2025 23:39:05.364] [Netty Epoll Server IO #1/DEBUG] [net.minecraftforge.network.LoginWrapper/FMLHANDSHAKE]: Recieved login wrapper packet event for channel fml:handshake with index 28
[18May2025 23:39:05.364] [Netty Epoll Server IO #1/DEBUG] [net.minecraftforge.network.HandshakeHandler/FMLHANDSHAKE]: Received client indexed reply 28 of type net.minecraftforge.network.HandshakeMessages$C2SAcknowledge
[18May2025 23:39:05.364] [Netty Epoll Server IO #1/DEBUG] [net.minecraftforge.network.HandshakeHandler/FMLHANDSHAKE]: Received acknowledgement from client
[18May2025 23:39:05.388] [Server thread/DEBUG] [net.minecraftforge.network.HandshakeHandler/FMLHANDSHAKE]: Handshake complete!
[18May2025 23:39:05.438] [Server thread/INFO] [net.minecraft.server.players.PlayerList/]: 1diiiego[/127.166.59.103:37421] logged in with entity id 349 at (1084.468196685454, 66.0, -1119.1719520367387)
[18May2025 23:39:05.438] [Server thread/DEBUG] [net.minecraftforge.network.filters.NetworkFilters/]: Injected net.minecraftforge.network.filters.ForgeConnectionNetworkFilter@327933a6 into net.minecraft.network.Connection@574f545a
[18May2025 23:39:05.479] [Server thread/INFO] [net.minecraft.server.MinecraftServer/]: 1diiiego joined the game
[18May2025 23:39:05.484] [Server thread/INFO] [Jade/]: Syncing config to 1diiiego (b29720b2-9535-3db9-946a-c053638c1576)
[18May2025 23:39:17.188] [Server thread/INFO] [net.minecraft.server.MinecraftServer/]: [1diiiego: Teleported 1diiiego to YoungRichFlacko]
[18May2025 23:43:43.737] [Server thread/DEBUG] [net.minecraftforge.common.ForgeHooks/WP]: Gathering id map for writing to world save world
[18May2025 23:43:43.749] [Server thread/DEBUG] [net.minecraftforge.common.ForgeHooks/WP]: ID Map collection complete world
[18May2025 23:44:04.732] [Server thread/INFO] [net.minecraft.server.MinecraftServer/]: YoungRichFlacko blew up
[18May2025 23:44:04.775] [Server thread/INFO] [tombstone/]: The player YoungRichFlacko has successfully been saved
[18May2025 23:44:13.808] [Server thread/INFO] [net.minecraft.server.MinecraftServer/]: YoungRichFlacko has made the advancement [Stone Age]
[18May2025 23:48:43.724] [Server thread/DEBUG] [net.minecraftforge.common.ForgeHooks/WP]: Gathering id map for writing to world save world
[18May2025 23:48:43.734] [Server thread/DEBUG] [net.minecraftforge.common.ForgeHooks/WP]: ID Map collection complete world
[18May2025 23:48:46.292] [Server thread/INFO] [net.minecraft.server.MinecraftServer/]: [YoungRichFlacko: Set own game mode to Creative Mode]
[18May2025 23:49:28.788] [Server thread/INFO] [net.minecraft.server.MinecraftServer/]: [1diiiego: Teleported 1diiiego to YoungRichFlacko]
[18May2025 23:51:37.998] [Server thread/INFO] [net.minecraft.server.MinecraftServer/]: [YoungRichFlacko: Set spawn point to -2008, 88, 251 [0.0] in minecraft:overworld for YoungRichFlacko]
[18May2025 23:51:46.340] [Server thread/INFO] [net.minecraft.server.MinecraftServer/]: YoungRichFlacko was killed
[18May2025 23:51:46.341] [Server thread/INFO] [net.minecraft.server.MinecraftServer/]: [YoungRichFlacko: Killed YoungRichFlacko]
[18May2025 23:51:46.342] [Server thread/INFO] [tombstone/]: The player YoungRichFlacko has successfully been saved
[18May2025 23:51:52.068] [Server thread/INFO] [net.minecraft.server.MinecraftServer/]: [1diiiego: Teleported 1diiiego to YoungRichFlacko]
[18May2025 23:52:00.923] [Server thread/INFO] [net.minecraft.server.MinecraftServer/]: 1diiiego was killed
[18May2025 23:52:00.930] [Server thread/DEBUG] [tombstone/]: A new grave of the player 1diiiego was created at position [x:-1995, y:70, z:269, dim:minecraft:overworld]
[18May2025 23:52:00.932] [Server thread/INFO] [net.minecraft.server.MinecraftServer/]: 1diiiego has made the advancement [Your First Grave]
[18May2025 23:52:00.933] [Server thread/INFO] [net.minecraft.server.MinecraftServer/]: [YoungRichFlacko: Killed 1diiiego]
[18May2025 23:52:00.933] [Server thread/INFO] [tombstone/]: The player 1diiiego has successfully been saved
[18May2025 23:52:04.103] [Server thread/INFO] [net.minecraft.server.MinecraftServer/]: YoungRichFlacko has reached the goal [Here They Come]
[18May2025 23:52:08.172] [Server thread/INFO] [net.minecraft.server.MinecraftServer/]: [1diiiego: Teleported 1diiiego to YoungRichFlacko]
[18May2025 23:52:30.101] [Server thread/INFO] [net.minecraft.server.MinecraftServer/]: [YoungRichFlacko: Set the world spawn point to -2008, 88, 251 [0.0]]
[18May2025 23:52:38.728] [Server thread/INFO] [net.minecraft.server.MinecraftServer/]: [YoungRichFlacko: Killed 1diiiego]
[18May2025 23:52:50.014] [Server thread/INFO] [net.minecraft.server.MinecraftServer/]: [1diiiego: Killed 1diiiego]
[18May2025 23:52:51.762] [Server thread/INFO] [net.minecraft.server.MinecraftServer/]: [YoungRichFlacko: Set the world spawn point to -2008, 87, 251 [0.0]]
[18May2025 23:52:57.514] [Server thread/INFO] [net.minecraft.server.MinecraftServer/]: [1diiiego: Set own game mode to Survival Mode]
[18May2025 23:52:59.214] [Server thread/INFO] [net.minecraft.server.MinecraftServer/]: [1diiiego: Killed 1diiiego]
[18May2025 23:53:04.919] [Server thread/INFO] [net.minecraft.server.MinecraftServer/]: [YoungRichFlacko: Killed 1diiiego]
[18May2025 23:53:29.135] [Server thread/INFO] [net.minecraft.server.MinecraftServer/]: [1diiiego: Teleported 1diiiego to YoungRichFlacko]
[18May2025 23:53:33.364] [Server thread/WARN] [net.minecraft.server.network.ServerGamePacketListenerImpl/]: 1diiiego was kicked for floating too long!
[18May2025 23:53:33.415] [Server thread/INFO] [net.minecraft.server.network.ServerGamePacketListenerImpl/]: 1diiiego lost connection: Flying is not enabled on this server
[18May2025 23:53:33.415] [Server thread/INFO] [net.minecraft.server.MinecraftServer/]: 1diiiego left the game
[18May2025 23:53:36.878] [Server thread/INFO] [net.minecraft.server.MinecraftServer/]: [YoungRichFlacko: Set the world spawn point to -1824, 120, 348 [0.0]]
[18May2025 23:53:38.973] [Netty Epoll Server IO #4/DEBUG] [net.minecraftforge.network.HandshakeHandler/FMLHANDSHAKE]: Starting new modded impl connection. Found 29 messages to dispatch.
[18May2025 23:53:39.009] [Server thread/DEBUG] [net.minecraftforge.network.HandshakeHandler/FMLHANDSHAKE]: Sending ticking packet info 'FrameworkConfig refurbished_furniture:server' to 'framework:handshake' sequence 0
[18May2025 23:53:39.061] [Server thread/DEBUG] [net.minecraftforge.network.HandshakeHandler/FMLHANDSHAKE]: Sending ticking packet info 'net.minecraftforge.network.HandshakeMessages$S2CModData' to 'fml:handshake' sequence 1
[18May2025 23:53:39.109] [Server thread/DEBUG] [net.minecraftforge.network.HandshakeHandler/FMLHANDSHAKE]: Sending ticking packet info 'net.minecraftforge.network.HandshakeMessages$S2CModList' to 'fml:handshake' sequence 2
[18May2025 23:53:39.159] [Server thread/DEBUG] [net.minecraftforge.network.HandshakeHandler/FMLHANDSHAKE]: Sending ticking packet info 'Registry minecraft:command_argument_type' to 'fml:handshake' sequence 3
[18May2025 23:53:39.177] [Netty Epoll Server IO #4/DEBUG] [net.minecraftforge.network.LoginWrapper/FMLHANDSHAKE]: Recieved login wrapper packet event for channel framework:handshake with index 0
[18May2025 23:53:39.177] [Netty Epoll Server IO #4/DEBUG] [net.minecraftforge.network.HandshakeHandler/FMLHANDSHAKE]: Received client indexed reply 0 of type com.mrcrayfish.framework.api.network.message.HandshakeMessage$Acknowledge
[18May2025 23:53:39.177] [Netty Epoll Server IO #4/DEBUG] [Framework/FRAMEWORK_HANDSHAKE]: Received acknowledgement from client
[18May2025 23:53:39.209] [Server thread/DEBUG] [net.minecraftforge.network.HandshakeHandler/FMLHANDSHAKE]: Sending ticking packet info 'Registry minecraft:recipe_serializer' to 'fml:handshake' sequence 4
[18May2025 23:53:39.259] [Server thread/DEBUG] [net.minecraftforge.network.HandshakeHandler/FMLHANDSHAKE]: Sending ticking packet info 'Registry minecraft:sound_event' to 'fml:handshake' sequence 5
[18May2025 23:53:39.289] [Netty Epoll Server IO #4/DEBUG] [net.minecraftforge.network.LoginWrapper/FMLHANDSHAKE]: Recieved login wrapper packet event for channel fml:handshake with index 2
[18May2025 23:53:39.289] [Netty Epoll Server IO #4/DEBUG] [net.minecraftforge.network.HandshakeHandler/FMLHANDSHAKE]: Received client indexed reply 2 of type net.minecraftforge.network.HandshakeMessages$C2SModListReply
[18May2025 23:53:39.289] [Netty Epoll Server IO #4/DEBUG] [net.minecraftforge.network.HandshakeHandler/FMLHANDSHAKE]: Received client connection with modlist [minecraft, tht, elytraslot, kuma_api, terrablender, trashslot, mixinsquared, jade, jei, spectrelib, libraryferret, goblintraders, caelus, sophisticatedcore, curios, xaerominimap, xaeroworldmap, jumpoverfences, comforts, securitycraft, bettervillage, mixinextras, tombstone, glitchcore, biomesoplenty, sophisticatedbackpacks, architectury, mca, ferritecore, balm, refurbished_furniture, framework, fallingtree, forge]
[18May2025 23:53:39.289] [Netty Epoll Server IO #4/DEBUG] [net.minecraftforge.network.NetworkRegistry/NETREGISTRY]: Channel 'comforts:main' : Version test of '1' from client : ACCEPTED
[18May2025 23:53:39.289] [Netty Epoll Server IO #4/DEBUG] [net.minecraftforge.network.NetworkRegistry/NETREGISTRY]: Channel 'architectury:network' : Version test of '1' from client : ACCEPTED
[18May2025 23:53:39.289] [Netty Epoll Server IO #4/DEBUG] [net.minecraftforge.network.NetworkRegistry/NETREGISTRY]: Channel 'jei:channel' : Version test of '1.0.0' from client : ACCEPTED
[18May2025 23:53:39.289] [Netty Epoll Server IO #4/DEBUG] [net.minecraftforge.network.NetworkRegistry/NETREGISTRY]: Channel 'minecraft:unregister' : Version test of 'FML3' from client : ACCEPTED
[18May2025 23:53:39.289] [Netty Epoll Server IO #4/DEBUG] [net.minecraftforge.network.NetworkRegistry/NETREGISTRY]: Channel 'xaerominimap:main' : Version test of '1.0' from client : ACCEPTED
[18May2025 23:53:39.290] [Netty Epoll Server IO #4/DEBUG] [net.minecraftforge.network.NetworkRegistry/NETREGISTRY]: Channel 'sophisticatedbackpacks:channel' : Version test of '1' from client : ACCEPTED
[18May2025 23:53:39.290] [Netty Epoll Server IO #4/DEBUG] [net.minecraftforge.network.NetworkRegistry/NETREGISTRY]: Channel 'securitycraft:securitycraft' : Version test of 'v1.10.0.1' from client : ACCEPTED
[18May2025 23:53:39.290] [Netty Epoll Server IO #4/DEBUG] [net.minecraftforge.network.NetworkRegistry/NETREGISTRY]: Channel 'framework:play' : Version test of '1' from client : ACCEPTED
[18May2025 23:53:39.290] [Netty Epoll Server IO #4/DEBUG] [net.minecraftforge.network.NetworkRegistry/NETREGISTRY]: Channel 'fallingtree:main' : Version test of '1' from client : ACCEPTED
[18May2025 23:53:39.290] [Netty Epoll Server IO #4/DEBUG] [net.minecraftforge.network.NetworkRegistry/NETREGISTRY]: Channel 'curios:main' : Version test of '1' from client : ACCEPTED
[18May2025 23:53:39.290] [Netty Epoll Server IO #4/DEBUG] [net.minecraftforge.network.NetworkRegistry/NETREGISTRY]: Channel 'balm:network' : Version test of '1.0' from client : ACCEPTED
[18May2025 23:53:39.290] [Netty Epoll Server IO #4/DEBUG] [net.minecraftforge.network.NetworkRegistry/NETREGISTRY]: Channel 'framework:handshake' : Version test of '1' from client : ACCEPTED
[18May2025 23:53:39.290] [Netty Epoll Server IO #4/DEBUG] [net.minecraftforge.network.NetworkRegistry/NETREGISTRY]: Channel 'fml:loginwrapper' : Version test of 'FML3' from client : ACCEPTED
[18May2025 23:53:39.290] [Netty Epoll Server IO #4/DEBUG] [net.minecraftforge.network.NetworkRegistry/NETREGISTRY]: Channel 'forge:tier_sorting' : Version test of '1.0' from client : ACCEPTED
[18May2025 23:53:39.290] [Netty Epoll Server IO #4/DEBUG] [net.minecraftforge.network.NetworkRegistry/NETREGISTRY]: Channel 'spectrelib:main' : Version test of '1' from client : ACCEPTED
[18May2025 23:53:39.290] [Netty Epoll Server IO #4/DEBUG] [net.minecraftforge.network.NetworkRegistry/NETREGISTRY]: Channel 'trashslot:network' : Version test of '1.0' from client : ACCEPTED
[18May2025 23:53:39.290] [Netty Epoll Server IO #4/DEBUG] [net.minecraftforge.network.NetworkRegistry/NETREGISTRY]: Channel 'tombstone:tombstone_channel' : Version test of 'tombstone-8.9.4' from client : ACCEPTED
[18May2025 23:53:39.290] [Netty Epoll Server IO #4/DEBUG] [net.minecraftforge.network.NetworkRegistry/NETREGISTRY]: Channel 'mca:main' : Version test of '1' from client : ACCEPTED
[18May2025 23:53:39.290] [Netty Epoll Server IO #4/DEBUG] [net.minecraftforge.network.NetworkRegistry/NETREGISTRY]: Channel 'fml:play' : Version test of 'FML3' from client : ACCEPTED
[18May2025 23:53:39.290] [Netty Epoll Server IO #4/DEBUG] [net.minecraftforge.network.NetworkRegistry/NETREGISTRY]: Channel 'sophisticatedcore:channel' : Version test of '1' from client : ACCEPTED
[18May2025 23:53:39.290] [Netty Epoll Server IO #4/DEBUG] [net.minecraftforge.network.NetworkRegistry/NETREGISTRY]: Channel 'caelus:main' : Version test of '1' from client : ACCEPTED
[18May2025 23:53:39.290] [Netty Epoll Server IO #4/DEBUG] [net.minecraftforge.network.NetworkRegistry/NETREGISTRY]: Channel 'fml:handshake' : Version test of 'FML3' from client : ACCEPTED
[18May2025 23:53:39.290] [Netty Epoll Server IO #4/DEBUG] [net.minecraftforge.network.NetworkRegistry/NETREGISTRY]: Channel 'tht:tht' : Version test of '1' from client : ACCEPTED
[18May2025 23:53:39.290] [Netty Epoll Server IO #4/DEBUG] [net.minecraftforge.network.NetworkRegistry/NETREGISTRY]: Channel 'xaeroworldmap:main' : Version test of '1.0' from client : ACCEPTED
[18May2025 23:53:39.290] [Netty Epoll Server IO #4/DEBUG] [net.minecraftforge.network.NetworkRegistry/NETREGISTRY]: Channel 'minecraft:register' : Version test of 'FML3' from client : ACCEPTED
[18May2025 23:53:39.290] [Netty Epoll Server IO #4/DEBUG] [net.minecraftforge.network.NetworkRegistry/NETREGISTRY]: Channel 'forge:split' : Version test of '1.1' from client : ACCEPTED
[18May2025 23:53:39.290] [Netty Epoll Server IO #4/DEBUG] [net.minecraftforge.network.NetworkRegistry/NETREGISTRY]: Channel 'jade:networking' : Version test of '2' from client : ACCEPTED
[18May2025 23:53:39.290] [Netty Epoll Server IO #4/DEBUG] [net.minecraftforge.network.NetworkRegistry/NETREGISTRY]: Channel 'refurbished_furniture:play' : Version test of '1' from client : ACCEPTED
[18May2025 23:53:39.290] [Netty Epoll Server IO #4/DEBUG] [net.minecraftforge.network.NetworkRegistry/NETREGISTRY]: Accepting channel list from client
[18May2025 23:53:39.290] [Netty Epoll Server IO #4/DEBUG] [net.minecraftforge.network.HandshakeHandler/FMLHANDSHAKE]: Accepted client connection mod list
[18May2025 23:53:39.309] [Server thread/DEBUG] [net.minecraftforge.network.HandshakeHandler/FMLHANDSHAKE]: Sending ticking packet info 'Registry minecraft:particle_type' to 'fml:handshake' sequence 6
[18May2025 23:53:39.309] [Netty Epoll Server IO #4/DEBUG] [net.minecraftforge.network.LoginWrapper/FMLHANDSHAKE]: Recieved login wrapper packet event for channel fml:handshake with index 3
[18May2025 23:53:39.310] [Netty Epoll Server IO #4/DEBUG] [net.minecraftforge.network.HandshakeHandler/FMLHANDSHAKE]: Received client indexed reply 3 of type net.minecraftforge.network.HandshakeMessages$C2SAcknowledge
[18May2025 23:53:39.310] [Netty Epoll Server IO #4/DEBUG] [net.minecraftforge.network.HandshakeHandler/FMLHANDSHAKE]: Received acknowledgement from client
[18May2025 23:53:39.359] [Server thread/DEBUG] [net.minecraftforge.network.HandshakeHandler/FMLHANDSHAKE]: Sending ticking packet info 'Registry minecraft:villager_profession' to 'fml:handshake' sequence 7
[18May2025 23:53:39.429] [Netty Epoll Server IO #4/DEBUG] [net.minecraftforge.network.LoginWrapper/FMLHANDSHAKE]: Recieved login wrapper packet event for channel fml:handshake with index 4
[18May2025 23:53:39.429] [Netty Epoll Server IO #4/DEBUG] [net.minecraftforge.network.HandshakeHandler/FMLHANDSHAKE]: Received client indexed reply 4 of type net.minecraftforge.network.HandshakeMessages$C2SAcknowledge
[18May2025 23:53:39.429] [Netty Epoll Server IO #4/DEBUG] [net.minecraftforge.network.HandshakeHandler/FMLHANDSHAKE]: Received acknowledgement from client
[18May2025 23:53:39.436] [Server thread/DEBUG] [net.minecraftforge.network.HandshakeHandler/FMLHANDSHAKE]: Sending ticking packet info 'Registry minecraft:item' to 'fml:handshake' sequence 8
[18May2025 23:53:39.458] [Server thread/DEBUG] [net.minecraftforge.network.HandshakeHandler/FMLHANDSHAKE]: Sending ticking packet info 'Registry minecraft:potion' to 'fml:handshake' sequence 9
[18May2025 23:53:39.509] [Server thread/DEBUG] [net.minecraftforge.network.HandshakeHandler/FMLHANDSHAKE]: Sending ticking packet info 'Registry minecraft:painting_variant' to 'fml:handshake' sequence 10
[18May2025 23:53:39.518] [Netty Epoll Server IO #4/DEBUG] [net.minecraftforge.network.LoginWrapper/FMLHANDSHAKE]: Recieved login wrapper packet event for channel fml:handshake with index 5
[18May2025 23:53:39.519] [Netty Epoll Server IO #4/DEBUG] [net.minecraftforge.network.HandshakeHandler/FMLHANDSHAKE]: Received client indexed reply 5 of type net.minecraftforge.network.HandshakeMessages$C2SAcknowledge
[18May2025 23:53:39.519] [Netty Epoll Server IO #4/DEBUG] [net.minecraftforge.network.HandshakeHandler/FMLHANDSHAKE]: Received acknowledgement from client
[18May2025 23:53:39.545] [Netty Epoll Server IO #4/DEBUG] [net.minecraftforge.network.LoginWrapper/FMLHANDSHAKE]: Recieved login wrapper packet event for channel fml:handshake with index 6
[18May2025 23:53:39.545] [Netty Epoll Server IO #4/DEBUG] [net.minecraftforge.network.HandshakeHandler/FMLHANDSHAKE]: Received client indexed reply 6 of type net.minecraftforge.network.HandshakeMessages$C2SAcknowledge
[18May2025 23:53:39.545] [Netty Epoll Server IO #4/DEBUG] [net.minecraftforge.network.HandshakeHandler/FMLHANDSHAKE]: Received acknowledgement from client
[18May2025 23:53:39.545] [Netty Epoll Server IO #4/DEBUG] [net.minecraftforge.network.LoginWrapper/FMLHANDSHAKE]: Recieved login wrapper packet event for channel fml:handshake with index 7
[18May2025 23:53:39.545] [Netty Epoll Server IO #4/DEBUG] [net.minecraftforge.network.HandshakeHandler/FMLHANDSHAKE]: Received client indexed reply 7 of type net.minecraftforge.network.HandshakeMessages$C2SAcknowledge
[18May2025 23:53:39.545] [Netty Epoll Server IO #4/DEBUG] [net.minecraftforge.network.HandshakeHandler/FMLHANDSHAKE]: Received acknowledgement from client
[18May2025 23:53:39.560] [Server thread/DEBUG] [net.minecraftforge.network.HandshakeHandler/FMLHANDSHAKE]: Sending ticking packet info 'Registry forge:fluid_type' to 'fml:handshake' sequence 11
[18May2025 23:53:39.608] [Server thread/DEBUG] [net.minecraftforge.network.HandshakeHandler/FMLHANDSHAKE]: Sending ticking packet info 'Registry minecraft:block_entity_type' to 'fml:handshake' sequence 12
[18May2025 23:53:39.658] [Server thread/DEBUG] [net.minecraftforge.network.HandshakeHandler/FMLHANDSHAKE]: Sending ticking packet info 'Registry forge:display_contexts' to 'fml:handshake' sequence 13
[18May2025 23:53:39.697] [Netty Epoll Server IO #4/DEBUG] [net.minecraftforge.network.LoginWrapper/FMLHANDSHAKE]: Recieved login wrapper packet event for channel fml:handshake with index 8
[18May2025 23:53:39.697] [Netty Epoll Server IO #4/DEBUG] [net.minecraftforge.network.HandshakeHandler/FMLHANDSHAKE]: Received client indexed reply 8 of type net.minecraftforge.network.HandshakeMessages$C2SAcknowledge
[18May2025 23:53:39.697] [Netty Epoll Server IO #4/DEBUG] [net.minecraftforge.network.HandshakeHandler/FMLHANDSHAKE]: Received acknowledgement from client
[18May2025 23:53:39.697] [Netty Epoll Server IO #4/DEBUG] [net.minecraftforge.network.LoginWrapper/FMLHANDSHAKE]: Recieved login wrapper packet event for channel fml:handshake with index 9
[18May2025 23:53:39.697] [Netty Epoll Server IO #4/DEBUG] [net.minecraftforge.network.HandshakeHandler/FMLHANDSHAKE]: Received client indexed reply 9 of type net.minecraftforge.network.HandshakeMessages$C2SAcknowledge
[18May2025 23:53:39.697] [Netty Epoll Server IO #4/DEBUG] [net.minecraftforge.network.HandshakeHandler/FMLHANDSHAKE]: Received acknowledgement from client
[18May2025 23:53:39.710] [Server thread/DEBUG] [net.minecraftforge.network.HandshakeHandler/FMLHANDSHAKE]: Sending ticking packet info 'Registry minecraft:block' to 'fml:handshake' sequence 14
[18May2025 23:53:39.723] [Netty Epoll Server IO #4/DEBUG] [net.minecraftforge.network.LoginWrapper/FMLHANDSHAKE]: Recieved login wrapper packet event for channel fml:handshake with index 10
[18May2025 23:53:39.723] [Netty Epoll Server IO #4/DEBUG] [net.minecraftforge.network.HandshakeHandler/FMLHANDSHAKE]: Received client indexed reply 10 of type net.minecraftforge.network.HandshakeMessages$C2SAcknowledge
[18May2025 23:53:39.723] [Netty Epoll Server IO #4/DEBUG] [net.minecraftforge.network.HandshakeHandler/FMLHANDSHAKE]: Received acknowledgement from client
[18May2025 23:53:39.762] [Server thread/DEBUG] [net.minecraftforge.network.HandshakeHandler/FMLHANDSHAKE]: Sending ticking packet info 'Registry forge:entity_data_serializers' to 'fml:handshake' sequence 15
[18May2025 23:53:39.762] [Netty Epoll Server IO #4/DEBUG] [net.minecraftforge.network.LoginWrapper/FMLHANDSHAKE]: Recieved login wrapper packet event for channel fml:handshake with index 11
[18May2025 23:53:39.762] [Netty Epoll Server IO #4/DEBUG] [net.minecraftforge.network.HandshakeHandler/FMLHANDSHAKE]: Received client indexed reply 11 of type net.minecraftforge.network.HandshakeMessages$C2SAcknowledge
[18May2025 23:53:39.762] [Netty Epoll Server IO #4/DEBUG] [net.minecraftforge.network.HandshakeHandler/FMLHANDSHAKE]: Received acknowledgement from client
[18May2025 23:53:39.808] [Server thread/DEBUG] [net.minecraftforge.network.HandshakeHandler/FMLHANDSHAKE]: Sending ticking packet info 'Registry minecraft:mob_effect' to 'fml:handshake' sequence 16
[18May2025 23:53:39.839] [Netty Epoll Server IO #4/DEBUG] [net.minecraftforge.network.LoginWrapper/FMLHANDSHAKE]: Recieved login wrapper packet event for channel fml:handshake with index 12
[18May2025 23:53:39.839] [Netty Epoll Server IO #4/DEBUG] [net.minecraftforge.network.HandshakeHandler/FMLHANDSHAKE]: Received client indexed reply 12 of type net.minecraftforge.network.HandshakeMessages$C2SAcknowledge
[18May2025 23:53:39.839] [Netty Epoll Server IO #4/DEBUG] [net.minecraftforge.network.HandshakeHandler/FMLHANDSHAKE]: Received acknowledgement from client
[18May2025 23:53:39.839] [Netty Epoll Server IO #4/DEBUG] [net.minecraftforge.network.LoginWrapper/FMLHANDSHAKE]: Recieved login wrapper packet event for channel fml:handshake with index 13
[18May2025 23:53:39.839] [Netty Epoll Server IO #4/DEBUG] [net.minecraftforge.network.HandshakeHandler/FMLHANDSHAKE]: Received client indexed reply 13 of type net.minecraftforge.network.HandshakeMessages$C2SAcknowledge
[18May2025 23:53:39.839] [Netty Epoll Server IO #4/DEBUG] [net.minecraftforge.network.HandshakeHandler/FMLHANDSHAKE]: Received acknowledgement from client
[18May2025 23:53:39.857] [Netty Epoll Server IO #4/DEBUG] [net.minecraftforge.network.LoginWrapper/FMLHANDSHAKE]: Recieved login wrapper packet event for channel fml:handshake with index 14
[18May2025 23:53:39.858] [Netty Epoll Server IO #4/DEBUG] [net.minecraftforge.network.HandshakeHandler/FMLHANDSHAKE]: Received client indexed reply 14 of type net.minecraftforge.network.HandshakeMessages$C2SAcknowledge
[18May2025 23:53:39.858] [Netty Epoll Server IO #4/DEBUG] [net.minecraftforge.network.HandshakeHandler/FMLHANDSHAKE]: Received acknowledgement from client
[18May2025 23:53:39.859] [Server thread/DEBUG] [net.minecraftforge.network.HandshakeHandler/FMLHANDSHAKE]: Sending ticking packet info 'Registry minecraft:stat_type' to 'fml:handshake' sequence 17
[18May2025 23:53:39.915] [Server thread/DEBUG] [net.minecraftforge.network.HandshakeHandler/FMLHANDSHAKE]: Sending ticking packet info 'Registry tombstone:perks' to 'fml:handshake' sequence 18
[18May2025 23:53:39.936] [Netty Epoll Server IO #4/DEBUG] [net.minecraftforge.network.LoginWrapper/FMLHANDSHAKE]: Recieved login wrapper packet event for channel fml:handshake with index 15
[18May2025 23:53:39.937] [Netty Epoll Server IO #4/DEBUG] [net.minecraftforge.network.HandshakeHandler/FMLHANDSHAKE]: Received client indexed reply 15 of type net.minecraftforge.network.HandshakeMessages$C2SAcknowledge
[18May2025 23:53:39.937] [Netty Epoll Server IO #4/DEBUG] [net.minecraftforge.network.HandshakeHandler/FMLHANDSHAKE]: Received acknowledgement from client
[18May2025 23:53:39.960] [Server thread/DEBUG] [net.minecraftforge.network.HandshakeHandler/FMLHANDSHAKE]: Sending ticking packet info 'Registry minecraft:menu' to 'fml:handshake' sequence 19
[18May2025 23:53:39.986] [Netty Epoll Server IO #4/DEBUG] [net.minecraftforge.network.LoginWrapper/FMLHANDSHAKE]: Recieved login wrapper packet event for channel fml:handshake with index 16
[18May2025 23:53:39.986] [Netty Epoll Server IO #4/DEBUG] [net.minecraftforge.network.HandshakeHandler/FMLHANDSHAKE]: Received client indexed reply 16 of type net.minecraftforge.network.HandshakeMessages$C2SAcknowledge
[18May2025 23:53:39.986] [Netty Epoll Server IO #4/DEBUG] [net.minecraftforge.network.HandshakeHandler/FMLHANDSHAKE]: Received acknowledgement from client
[18May2025 23:53:40.012] [Server thread/DEBUG] [net.minecraftforge.network.HandshakeHandler/FMLHANDSHAKE]: Sending ticking packet info 'Registry minecraft:enchantment' to 'fml:handshake' sequence 20
[18May2025 23:53:40.059] [Server thread/DEBUG] [net.minecraftforge.network.HandshakeHandler/FMLHANDSHAKE]: Sending ticking packet info 'Registry minecraft:fluid' to 'fml:handshake' sequence 21
[18May2025 23:53:40.089] [Netty Epoll Server IO #4/DEBUG] [net.minecraftforge.network.LoginWrapper/FMLHANDSHAKE]: Recieved login wrapper packet event for channel fml:handshake with index 17
[18May2025 23:53:40.089] [Netty Epoll Server IO #4/DEBUG] [net.minecraftforge.network.HandshakeHandler/FMLHANDSHAKE]: Received client indexed reply 17 of type net.minecraftforge.network.HandshakeMessages$C2SAcknowledge
[18May2025 23:53:40.089] [Netty Epoll Server IO #4/DEBUG] [net.minecraftforge.network.HandshakeHandler/FMLHANDSHAKE]: Received acknowledgement from client
[18May2025 23:53:40.089] [Netty Epoll Server IO #4/DEBUG] [net.minecraftforge.network.LoginWrapper/FMLHANDSHAKE]: Recieved login wrapper packet event for channel fml:handshake with index 18
[18May2025 23:53:40.089] [Netty Epoll Server IO #4/DEBUG] [net.minecraftforge.network.HandshakeHandler/FMLHANDSHAKE]: Received client indexed reply 18 of type net.minecraftforge.network.HandshakeMessages$C2SAcknowledge
[18May2025 23:53:40.089] [Netty Epoll Server IO #4/DEBUG] [net.minecraftforge.network.HandshakeHandler/FMLHANDSHAKE]: Received acknowledgement from client
[18May2025 23:53:40.109] [Server thread/DEBUG] [net.minecraftforge.network.HandshakeHandler/FMLHANDSHAKE]: Sending ticking packet info 'Registry minecraft:entity_type' to 'fml:handshake' sequence 22
[18May2025 23:53:40.114] [Netty Epoll Server IO #4/DEBUG] [net.minecraftforge.network.LoginWrapper/FMLHANDSHAKE]: Recieved login wrapper packet event for channel fml:handshake with index 19
[18May2025 23:53:40.114] [Netty Epoll Server IO #4/DEBUG] [net.minecraftforge.network.HandshakeHandler/FMLHANDSHAKE]: Received client indexed reply 19 of type net.minecraftforge.network.HandshakeMessages$C2SAcknowledge
[18May2025 23:53:40.114] [Netty Epoll Server IO #4/DEBUG] [net.minecraftforge.network.HandshakeHandler/FMLHANDSHAKE]: Received acknowledgement from client
[18May2025 23:53:40.159] [Server thread/DEBUG] [net.minecraftforge.network.HandshakeHandler/FMLHANDSHAKE]: Sending ticking packet info 'Config securitycraft-server.toml' to 'fml:handshake' sequence 23
[18May2025 23:53:40.188] [Netty Epoll Server IO #4/DEBUG] [net.minecraftforge.network.LoginWrapper/FMLHANDSHAKE]: Recieved login wrapper packet event for channel fml:handshake with index 20
[18May2025 23:53:40.189] [Netty Epoll Server IO #4/DEBUG] [net.minecraftforge.network.HandshakeHandler/FMLHANDSHAKE]: Received client indexed reply 20 of type net.minecraftforge.network.HandshakeMessages$C2SAcknowledge
[18May2025 23:53:40.189] [Netty Epoll Server IO #4/DEBUG] [net.minecraftforge.network.HandshakeHandler/FMLHANDSHAKE]: Received acknowledgement from client
[18May2025 23:53:40.212] [Server thread/DEBUG] [net.minecraftforge.network.HandshakeHandler/FMLHANDSHAKE]: Sending ticking packet info 'Config curios-server.toml' to 'fml:handshake' sequence 24
[18May2025 23:53:40.237] [Netty Epoll Server IO #4/DEBUG] [net.minecraftforge.network.LoginWrapper/FMLHANDSHAKE]: Recieved login wrapper packet event for channel fml:handshake with index 21
[18May2025 23:53:40.238] [Netty Epoll Server IO #4/DEBUG] [net.minecraftforge.network.HandshakeHandler/FMLHANDSHAKE]: Received client indexed reply 21 of type net.minecraftforge.network.HandshakeMessages$C2SAcknowledge
[18May2025 23:53:40.238] [Netty Epoll Server IO #4/DEBUG] [net.minecraftforge.network.HandshakeHandler/FMLHANDSHAKE]: Received acknowledgement from client
[18May2025 23:53:40.260] [Server thread/DEBUG] [net.minecraftforge.network.HandshakeHandler/FMLHANDSHAKE]: Sending ticking packet info 'Config tombstone-server.toml' to 'fml:handshake' sequence 25
[18May2025 23:53:40.311] [Server thread/DEBUG] [net.minecraftforge.network.HandshakeHandler/FMLHANDSHAKE]: Sending ticking packet info 'Config sophisticatedbackpacks-server.toml' to 'fml:handshake' sequence 26
[18May2025 23:53:40.359] [Server thread/DEBUG] [net.minecraftforge.network.HandshakeHandler/FMLHANDSHAKE]: Sending ticking packet info 'Config jei-server.toml' to 'fml:handshake' sequence 27
[18May2025 23:53:40.409] [Server thread/DEBUG] [net.minecraftforge.network.HandshakeHandler/FMLHANDSHAKE]: Sending ticking packet info 'Config forge-server.toml' to 'fml:handshake' sequence 28
[18May2025 23:53:41.196] [Netty Epoll Server IO #4/DEBUG] [net.minecraftforge.network.LoginWrapper/FMLHANDSHAKE]: Recieved login wrapper packet event for channel fml:handshake with index 22
[18May2025 23:53:41.196] [Netty Epoll Server IO #4/DEBUG] [net.minecraftforge.network.HandshakeHandler/FMLHANDSHAKE]: Received client indexed reply 22 of type net.minecraftforge.network.HandshakeMessages$C2SAcknowledge
[18May2025 23:53:41.196] [Netty Epoll Server IO #4/DEBUG] [net.minecraftforge.network.HandshakeHandler/FMLHANDSHAKE]: Received acknowledgement from client
[18May2025 23:53:41.236] [Netty Epoll Server IO #4/DEBUG] [net.minecraftforge.network.LoginWrapper/FMLHANDSHAKE]: Recieved login wrapper packet event for channel fml:handshake with index 23
[18May2025 23:53:41.237] [Netty Epoll Server IO #4/DEBUG] [net.minecraftforge.network.HandshakeHandler/FMLHANDSHAKE]: Received client indexed reply 23 of type net.minecraftforge.network.HandshakeMessages$C2SAcknowledge
[18May2025 23:53:41.237] [Netty Epoll Server IO #4/DEBUG] [net.minecraftforge.network.HandshakeHandler/FMLHANDSHAKE]: Received acknowledgement from client
[18May2025 23:53:41.237] [Netty Epoll Server IO #4/DEBUG] [net.minecraftforge.network.LoginWrapper/FMLHANDSHAKE]: Recieved login wrapper packet event for channel fml:handshake with index 24
[18May2025 23:53:41.237] [Netty Epoll Server IO #4/DEBUG] [net.minecraftforge.network.HandshakeHandler/FMLHANDSHAKE]: Received client indexed reply 24 of type net.minecraftforge.network.HandshakeMessages$C2SAcknowledge
[18May2025 23:53:41.237] [Netty Epoll Server IO #4/DEBUG] [net.minecraftforge.network.HandshakeHandler/FMLHANDSHAKE]: Received acknowledgement from client
[18May2025 23:53:41.237] [Netty Epoll Server IO #4/DEBUG] [net.minecraftforge.network.LoginWrapper/FMLHANDSHAKE]: Recieved login wrapper packet event for channel fml:handshake with index 25
[18May2025 23:53:41.237] [Netty Epoll Server IO #4/DEBUG] [net.minecraftforge.network.HandshakeHandler/FMLHANDSHAKE]: Received client indexed reply 25 of type net.minecraftforge.network.HandshakeMessages$C2SAcknowledge
[18May2025 23:53:41.237] [Netty Epoll Server IO #4/DEBUG] [net.minecraftforge.network.HandshakeHandler/FMLHANDSHAKE]: Received acknowledgement from client
[18May2025 23:53:41.237] [Netty Epoll Server IO #4/DEBUG] [net.minecraftforge.network.LoginWrapper/FMLHANDSHAKE]: Recieved login wrapper packet event for channel fml:handshake with index 26
[18May2025 23:53:41.237] [Netty Epoll Server IO #4/DEBUG] [net.minecraftforge.network.HandshakeHandler/FMLHANDSHAKE]: Received client indexed reply 26 of type net.minecraftforge.network.HandshakeMessages$C2SAcknowledge
[18May2025 23:53:41.237] [Netty Epoll Server IO #4/DEBUG] [net.minecraftforge.network.HandshakeHandler/FMLHANDSHAKE]: Received acknowledgement from client
[18May2025 23:53:41.237] [Netty Epoll Server IO #4/DEBUG] [net.minecraftforge.network.LoginWrapper/FMLHANDSHAKE]: Recieved login wrapper packet event for channel fml:handshake with index 27
[18May2025 23:53:41.237] [Netty Epoll Server IO #4/DEBUG] [net.minecraftforge.network.HandshakeHandler/FMLHANDSHAKE]: Received client indexed reply 27 of type net.minecraftforge.network.HandshakeMessages$C2SAcknowledge
[18May2025 23:53:41.237] [Netty Epoll Server IO #4/DEBUG] [net.minecraftforge.network.HandshakeHandler/FMLHANDSHAKE]: Received acknowledgement from client
[18May2025 23:53:41.237] [Netty Epoll Server IO #4/DEBUG] [net.minecraftforge.network.LoginWrapper/FMLHANDSHAKE]: Recieved login wrapper packet event for channel fml:handshake with index 28
[18May2025 23:53:41.237] [Netty Epoll Server IO #4/DEBUG] [net.minecraftforge.network.HandshakeHandler/FMLHANDSHAKE]: Received client indexed reply 28 of type net.minecraftforge.network.HandshakeMessages$C2SAcknowledge
[18May2025 23:53:41.237] [Netty Epoll Server IO #4/DEBUG] [net.minecraftforge.network.HandshakeHandler/FMLHANDSHAKE]: Received acknowledgement from client
[18May2025 23:53:41.264] [Server thread/DEBUG] [net.minecraftforge.network.HandshakeHandler/FMLHANDSHAKE]: Handshake complete!
[18May2025 23:53:41.326] [Server thread/INFO] [net.minecraft.server.players.PlayerList/]: 1diiiego[/127.166.59.103:51923] logged in with entity id 13839 at (-1829.9643337753994, 103.50675585301441, 332.59292844813444)
[18May2025 23:53:41.327] [Server thread/DEBUG] [net.minecraftforge.network.filters.NetworkFilters/]: Injected net.minecraftforge.network.filters.ForgeConnectionNetworkFilter@43bbedc0 into net.minecraft.network.Connection@17410442
[18May2025 23:53:41.341] [Server thread/INFO] [net.minecraft.server.MinecraftServer/]: 1diiiego joined the game
[18May2025 23:53:41.374] [Server thread/INFO] [Jade/]: Syncing config to 1diiiego (b29720b2-9535-3db9-946a-c053638c1576)
[18May2025 23:53:43.742] [Server thread/DEBUG] [net.minecraftforge.common.ForgeHooks/WP]: Gathering id map for writing to world save world
[18May2025 23:53:43.752] [Server thread/DEBUG] [net.minecraftforge.common.ForgeHooks/WP]: ID Map collection complete world
[18May2025 23:53:47.308] [Server thread/WARN] [net.minecraft.server.network.ServerGamePacketListenerImpl/]: 1diiiego was kicked for floating too long!
[18May2025 23:53:47.358] [Server thread/INFO] [net.minecraft.server.network.ServerGamePacketListenerImpl/]: 1diiiego lost connection: Flying is not enabled on this server
[18May2025 23:53:47.358] [Server thread/INFO] [net.minecraft.server.MinecraftServer/]: 1diiiego left the game
[18May2025 23:53:53.218] [Netty Epoll Server IO #6/DEBUG] [net.minecraftforge.network.HandshakeHandler/FMLHANDSHAKE]: Starting new modded impl connection. Found 29 messages to dispatch.
[18May2025 23:53:53.258] [Server thread/DEBUG] [net.minecraftforge.network.HandshakeHandler/FMLHANDSHAKE]: Sending ticking packet info 'FrameworkConfig refurbished_furniture:server' to 'framework:handshake' sequence 0
[18May2025 23:53:53.307] [Server thread/DEBUG] [net.minecraftforge.network.HandshakeHandler/FMLHANDSHAKE]: Sending ticking packet info 'net.minecraftforge.network.HandshakeMessages$S2CModData' to 'fml:handshake' sequence 1
[18May2025 23:53:53.357] [Server thread/DEBUG] [net.minecraftforge.network.HandshakeHandler/FMLHANDSHAKE]: Sending ticking packet info 'net.minecraftforge.network.HandshakeMessages$S2CModList' to 'fml:handshake' sequence 2
[18May2025 23:53:53.407] [Server thread/DEBUG] [net.minecraftforge.network.HandshakeHandler/FMLHANDSHAKE]: Sending ticking packet info 'Registry minecraft:command_argument_type' to 'fml:handshake' sequence 3
[18May2025 23:53:53.419] [Netty Epoll Server IO #6/DEBUG] [net.minecraftforge.network.LoginWrapper/FMLHANDSHAKE]: Recieved login wrapper packet event for channel framework:handshake with index 0
[18May2025 23:53:53.419] [Netty Epoll Server IO #6/DEBUG] [net.minecraftforge.network.HandshakeHandler/FMLHANDSHAKE]: Received client indexed reply 0 of type com.mrcrayfish.framework.api.network.message.HandshakeMessage$Acknowledge
[18May2025 23:53:53.419] [Netty Epoll Server IO #6/DEBUG] [Framework/FRAMEWORK_HANDSHAKE]: Received acknowledgement from client
[18May2025 23:53:53.458] [Server thread/DEBUG] [net.minecraftforge.network.HandshakeHandler/FMLHANDSHAKE]: Sending ticking packet info 'Registry minecraft:recipe_serializer' to 'fml:handshake' sequence 4
[18May2025 23:53:53.506] [Server thread/DEBUG] [net.minecraftforge.network.HandshakeHandler/FMLHANDSHAKE]: Sending ticking packet info 'Registry minecraft:sound_event' to 'fml:handshake' sequence 5
[18May2025 23:53:53.538] [Netty Epoll Server IO #6/DEBUG] [net.minecraftforge.network.LoginWrapper/FMLHANDSHAKE]: Recieved login wrapper packet event for channel fml:handshake with index 2
[18May2025 23:53:53.538] [Netty Epoll Server IO #6/DEBUG] [net.minecraftforge.network.HandshakeHandler/FMLHANDSHAKE]: Received client indexed reply 2 of type net.minecraftforge.network.HandshakeMessages$C2SModListReply
[18May2025 23:53:53.538] [Netty Epoll Server IO #6/DEBUG] [net.minecraftforge.network.HandshakeHandler/FMLHANDSHAKE]: Received client connection with modlist [minecraft, tht, elytraslot, kuma_api, terrablender, trashslot, mixinsquared, jade, jei, spectrelib, libraryferret, goblintraders, caelus, sophisticatedcore, curios, xaerominimap, xaeroworldmap, jumpoverfences, comforts, securitycraft, bettervillage, mixinextras, tombstone, glitchcore, biomesoplenty, sophisticatedbackpacks, architectury, mca, ferritecore, balm, refurbished_furniture, framework, fallingtree, forge]
[18May2025 23:53:53.538] [Netty Epoll Server IO #6/DEBUG] [net.minecraftforge.network.NetworkRegistry/NETREGISTRY]: Channel 'comforts:main' : Version test of '1' from client : ACCEPTED
[18May2025 23:53:53.538] [Netty Epoll Server IO #6/DEBUG] [net.minecraftforge.network.NetworkRegistry/NETREGISTRY]: Channel 'architectury:network' : Version test of '1' from client : ACCEPTED
[18May2025 23:53:53.538] [Netty Epoll Server IO #6/DEBUG] [net.minecraftforge.network.NetworkRegistry/NETREGISTRY]: Channel 'jei:channel' : Version test of '1.0.0' from client : ACCEPTED
[18May2025 23:53:53.538] [Netty Epoll Server IO #6/DEBUG] [net.minecraftforge.network.NetworkRegistry/NETREGISTRY]: Channel 'minecraft:unregister' : Version test of 'FML3' from client : ACCEPTED
[18May2025 23:53:53.538] [Netty Epoll Server IO #6/DEBUG] [net.minecraftforge.network.NetworkRegistry/NETREGISTRY]: Channel 'xaerominimap:main' : Version test of '1.0' from client : ACCEPTED
[18May2025 23:53:53.538] [Netty Epoll Server IO #6/DEBUG] [net.minecraftforge.network.NetworkRegistry/NETREGISTRY]: Channel 'sophisticatedbackpacks:channel' : Version test of '1' from client : ACCEPTED
[18May2025 23:53:53.539] [Netty Epoll Server IO #6/DEBUG] [net.minecraftforge.network.NetworkRegistry/NETREGISTRY]: Channel 'securitycraft:securitycraft' : Version test of 'v1.10.0.1' from client : ACCEPTED
[18May2025 23:53:53.539] [Netty Epoll Server IO #6/DEBUG] [net.minecraftforge.network.NetworkRegistry/NETREGISTRY]: Channel 'framework:play' : Version test of '1' from client : ACCEPTED
[18May2025 23:53:53.539] [Netty Epoll Server IO #6/DEBUG] [net.minecraftforge.network.NetworkRegistry/NETREGISTRY]: Channel 'fallingtree:main' : Version test of '1' from client : ACCEPTED
[18May2025 23:53:53.539] [Netty Epoll Server IO #6/DEBUG] [net.minecraftforge.network.NetworkRegistry/NETREGISTRY]: Channel 'curios:main' : Version test of '1' from client : ACCEPTED
[18May2025 23:53:53.539] [Netty Epoll Server IO #6/DEBUG] [net.minecraftforge.network.NetworkRegistry/NETREGISTRY]: Channel 'balm:network' : Version test of '1.0' from client : ACCEPTED
[18May2025 23:53:53.539] [Netty Epoll Server IO #6/DEBUG] [net.minecraftforge.network.NetworkRegistry/NETREGISTRY]: Channel 'framework:handshake' : Version test of '1' from client : ACCEPTED
[18May2025 23:53:53.539] [Netty Epoll Server IO #6/DEBUG] [net.minecraftforge.network.NetworkRegistry/NETREGISTRY]: Channel 'fml:loginwrapper' : Version test of 'FML3' from client : ACCEPTED
[18May2025 23:53:53.539] [Netty Epoll Server IO #6/DEBUG] [net.minecraftforge.network.NetworkRegistry/NETREGISTRY]: Channel 'forge:tier_sorting' : Version test of '1.0' from client : ACCEPTED
[18May2025 23:53:53.539] [Netty Epoll Server IO #6/DEBUG] [net.minecraftforge.network.NetworkRegistry/NETREGISTRY]: Channel 'spectrelib:main' : Version test of '1' from client : ACCEPTED
[18May2025 23:53:53.539] [Netty Epoll Server IO #6/DEBUG] [net.minecraftforge.network.NetworkRegistry/NETREGISTRY]: Channel 'trashslot:network' : Version test of '1.0' from client : ACCEPTED
[18May2025 23:53:53.539] [Netty Epoll Server IO #6/DEBUG] [net.minecraftforge.network.NetworkRegistry/NETREGISTRY]: Channel 'tombstone:tombstone_channel' : Version test of 'tombstone-8.9.4' from client : ACCEPTED
[18May2025 23:53:53.539] [Netty Epoll Server IO #6/DEBUG] [net.minecraftforge.network.NetworkRegistry/NETREGISTRY]: Channel 'mca:main' : Version test of '1' from client : ACCEPTED
[18May2025 23:53:53.539] [Netty Epoll Server IO #6/DEBUG] [net.minecraftforge.network.NetworkRegistry/NETREGISTRY]: Channel 'fml:play' : Version test of 'FML3' from client : ACCEPTED
[18May2025 23:53:53.539] [Netty Epoll Server IO #6/DEBUG] [net.minecraftforge.network.NetworkRegistry/NETREGISTRY]: Channel 'sophisticatedcore:channel' : Version test of '1' from client : ACCEPTED
[18May2025 23:53:53.539] [Netty Epoll Server IO #6/DEBUG] [net.minecraftforge.network.NetworkRegistry/NETREGISTRY]: Channel 'caelus:main' : Version test of '1' from client : ACCEPTED
[18May2025 23:53:53.539] [Netty Epoll Server IO #6/DEBUG] [net.minecraftforge.network.NetworkRegistry/NETREGISTRY]: Channel 'fml:handshake' : Version test of 'FML3' from client : ACCEPTED
[18May2025 23:53:53.539] [Netty Epoll Server IO #6/DEBUG] [net.minecraftforge.network.NetworkRegistry/NETREGISTRY]: Channel 'tht:tht' : Version test of '1' from client : ACCEPTED
[18May2025 23:53:53.539] [Netty Epoll Server IO #6/DEBUG] [net.minecraftforge.network.NetworkRegistry/NETREGISTRY]: Channel 'xaeroworldmap:main' : Version test of '1.0' from client : ACCEPTED
[18May2025 23:53:53.539] [Netty Epoll Server IO #6/DEBUG] [net.minecraftforge.network.NetworkRegistry/NETREGISTRY]: Channel 'minecraft:register' : Version test of 'FML3' from client : ACCEPTED
[18May2025 23:53:53.539] [Netty Epoll Server IO #6/DEBUG] [net.minecraftforge.network.NetworkRegistry/NETREGISTRY]: Channel 'forge:split' : Version test of '1.1' from client : ACCEPTED
[18May2025 23:53:53.539] [Netty Epoll Server IO #6/DEBUG] [net.minecraftforge.network.NetworkRegistry/NETREGISTRY]: Channel 'jade:networking' : Version test of '2' from client : ACCEPTED
[18May2025 23:53:53.539] [Netty Epoll Server IO #6/DEBUG] [net.minecraftforge.network.NetworkRegistry/NETREGISTRY]: Channel 'refurbished_furniture:play' : Version test of '1' from client : ACCEPTED
[18May2025 23:53:53.539] [Netty Epoll Server IO #6/DEBUG] [net.minecraftforge.network.NetworkRegistry/NETREGISTRY]: Accepting channel list from client
[18May2025 23:53:53.539] [Netty Epoll Server IO #6/DEBUG] [net.minecraftforge.network.HandshakeHandler/FMLHANDSHAKE]: Accepted client connection mod list
[18May2025 23:53:53.557] [Server thread/DEBUG] [net.minecraftforge.network.HandshakeHandler/FMLHANDSHAKE]: Sending ticking packet info 'Registry minecraft:particle_type' to 'fml:handshake' sequence 6
[18May2025 23:53:53.557] [Netty Epoll Server IO #6/DEBUG] [net.minecraftforge.network.LoginWrapper/FMLHANDSHAKE]: Recieved login wrapper packet event for channel fml:handshake with index 3
[18May2025 23:53:53.557] [Netty Epoll Server IO #6/DEBUG] [net.minecraftforge.network.HandshakeHandler/FMLHANDSHAKE]: Received client indexed reply 3 of type net.minecraftforge.network.HandshakeMessages$C2SAcknowledge
[18May2025 23:53:53.557] [Netty Epoll Server IO #6/DEBUG] [net.minecraftforge.network.HandshakeHandler/FMLHANDSHAKE]: Received acknowledgement from client
[18May2025 23:53:53.606] [Server thread/DEBUG] [net.minecraftforge.network.HandshakeHandler/FMLHANDSHAKE]: Sending ticking packet info 'Registry minecraft:villager_profession' to 'fml:handshake' sequence 7
[18May2025 23:53:53.637] [Netty Epoll Server IO #6/DEBUG] [net.minecraftforge.network.LoginWrapper/FMLHANDSHAKE]: Recieved login wrapper packet event for channel fml:handshake with index 4
[18May2025 23:53:53.637] [Netty Epoll Server IO #6/DEBUG] [net.minecraftforge.network.HandshakeHandler/FMLHANDSHAKE]: Received client indexed reply 4 of type net.minecraftforge.network.HandshakeMessages$C2SAcknowledge
[18May2025 23:53:53.637] [Netty Epoll Server IO #6/DEBUG] [net.minecraftforge.network.HandshakeHandler/FMLHANDSHAKE]: Received acknowledgement from client
[18May2025 23:53:53.658] [Server thread/DEBUG] [net.minecraftforge.network.HandshakeHandler/FMLHANDSHAKE]: Sending ticking packet info 'Registry minecraft:item' to 'fml:handshake' sequence 8
[18May2025 23:53:53.707] [Server thread/DEBUG] [net.minecraftforge.network.HandshakeHandler/FMLHANDSHAKE]: Sending ticking packet info 'Registry minecraft:potion' to 'fml:handshake' sequence 9
[18May2025 23:53:53.758] [Server thread/DEBUG] [net.minecraftforge.network.HandshakeHandler/FMLHANDSHAKE]: Sending ticking packet info 'Registry minecraft:painting_variant' to 'fml:handshake' sequence 10
[18May2025 23:53:53.769] [Netty Epoll Server IO #6/DEBUG] [net.minecraftforge.network.LoginWrapper/FMLHANDSHAKE]: Recieved login wrapper packet event for channel fml:handshake with index 5
[18May2025 23:53:53.769] [Netty Epoll Server IO #6/DEBUG] [net.minecraftforge.network.HandshakeHandler/FMLHANDSHAKE]: Received client indexed reply 5 of type net.minecraftforge.network.HandshakeMessages$C2SAcknowledge
[18May2025 23:53:53.769] [Netty Epoll Server IO #6/DEBUG] [net.minecraftforge.network.HandshakeHandler/FMLHANDSHAKE]: Received acknowledgement from client
[18May2025 23:53:53.807] [Server thread/DEBUG] [net.minecraftforge.network.HandshakeHandler/FMLHANDSHAKE]: Sending ticking packet info 'Registry forge:fluid_type' to 'fml:handshake' sequence 11
[18May2025 23:53:53.807] [Netty Epoll Server IO #6/DEBUG] [net.minecraftforge.network.LoginWrapper/FMLHANDSHAKE]: Recieved login wrapper packet event for channel fml:handshake with index 6
[18May2025 23:53:53.807] [Netty Epoll Server IO #6/DEBUG] [net.minecraftforge.network.HandshakeHandler/FMLHANDSHAKE]: Received client indexed reply 6 of type net.minecraftforge.network.HandshakeMessages$C2SAcknowledge
[18May2025 23:53:53.807] [Netty Epoll Server IO #6/DEBUG] [net.minecraftforge.network.HandshakeHandler/FMLHANDSHAKE]: Received acknowledgement from client
[18May2025 23:53:53.807] [Netty Epoll Server IO #6/DEBUG] [net.minecraftforge.network.LoginWrapper/FMLHANDSHAKE]: Recieved login wrapper packet event for channel fml:handshake with index 7
[18May2025 23:53:53.808] [Netty Epoll Server IO #6/DEBUG] [net.minecraftforge.network.HandshakeHandler/FMLHANDSHAKE]: Received client indexed reply 7 of type net.minecraftforge.network.HandshakeMessages$C2SAcknowledge
[18May2025 23:53:53.808] [Netty Epoll Server IO #6/DEBUG] [net.minecraftforge.network.HandshakeHandler/FMLHANDSHAKE]: Received acknowledgement from client
[18May2025 23:53:53.857] [Server thread/DEBUG] [net.minecraftforge.network.HandshakeHandler/FMLHANDSHAKE]: Sending ticking packet info 'Registry minecraft:block_entity_type' to 'fml:handshake' sequence 12
[18May2025 23:53:53.907] [Server thread/DEBUG] [net.minecraftforge.network.HandshakeHandler/FMLHANDSHAKE]: Sending ticking packet info 'Registry forge:display_contexts' to 'fml:handshake' sequence 13
[18May2025 23:53:53.943] [Netty Epoll Server IO #6/DEBUG] [net.minecraftforge.network.LoginWrapper/FMLHANDSHAKE]: Recieved login wrapper packet event for channel fml:handshake with index 8
[18May2025 23:53:53.943] [Netty Epoll Server IO #6/DEBUG] [net.minecraftforge.network.HandshakeHandler/FMLHANDSHAKE]: Received client indexed reply 8 of type net.minecraftforge.network.HandshakeMessages$C2SAcknowledge
[18May2025 23:53:53.943] [Netty Epoll Server IO #6/DEBUG] [net.minecraftforge.network.HandshakeHandler/FMLHANDSHAKE]: Received acknowledgement from client
[18May2025 23:53:53.943] [Netty Epoll Server IO #6/DEBUG] [net.minecraftforge.network.LoginWrapper/FMLHANDSHAKE]: Recieved login wrapper packet event for channel fml:handshake with index 9
[18May2025 23:53:53.943] [Netty Epoll Server IO #6/DEBUG] [net.minecraftforge.network.HandshakeHandler/FMLHANDSHAKE]: Received client indexed reply 9 of type net.minecraftforge.network.HandshakeMessages$C2SAcknowledge
[18May2025 23:53:53.943] [Netty Epoll Server IO #6/DEBUG] [net.minecraftforge.network.HandshakeHandler/FMLHANDSHAKE]: Received acknowledgement from client
[18May2025 23:53:53.957] [Server thread/DEBUG] [net.minecraftforge.network.HandshakeHandler/FMLHANDSHAKE]: Sending ticking packet info 'Registry minecraft:block' to 'fml:handshake' sequence 14
[18May2025 23:53:53.983] [Netty Epoll Server IO #6/DEBUG] [net.minecraftforge.network.LoginWrapper/FMLHANDSHAKE]: Recieved login wrapper packet event for channel fml:handshake with index 10
[18May2025 23:53:53.983] [Netty Epoll Server IO #6/DEBUG] [net.minecraftforge.network.HandshakeHandler/FMLHANDSHAKE]: Received client indexed reply 10 of type net.minecraftforge.network.HandshakeMessages$C2SAcknowledge
[18May2025 23:53:53.983] [Netty Epoll Server IO #6/DEBUG] [net.minecraftforge.network.HandshakeHandler/FMLHANDSHAKE]: Received acknowledgement from client
[18May2025 23:53:53.983] [Netty Epoll Server IO #6/DEBUG] [net.minecraftforge.network.LoginWrapper/FMLHANDSHAKE]: Recieved login wrapper packet event for channel fml:handshake with index 11
[18May2025 23:53:53.983] [Netty Epoll Server IO #6/DEBUG] [net.minecraftforge.network.HandshakeHandler/FMLHANDSHAKE]: Received client indexed reply 11 of type net.minecraftforge.network.HandshakeMessages$C2SAcknowledge
[18May2025 23:53:53.983] [Netty Epoll Server IO #6/DEBUG] [net.minecraftforge.network.HandshakeHandler/FMLHANDSHAKE]: Received acknowledgement from client
[18May2025 23:53:54.007] [Server thread/DEBUG] [net.minecraftforge.network.HandshakeHandler/FMLHANDSHAKE]: Sending ticking packet info 'Registry forge:entity_data_serializers' to 'fml:handshake' sequence 15
[18May2025 23:53:54.057] [Server thread/DEBUG] [net.minecraftforge.network.HandshakeHandler/FMLHANDSHAKE]: Sending ticking packet info 'Registry minecraft:mob_effect' to 'fml:handshake' sequence 16
[18May2025 23:53:54.088] [Netty Epoll Server IO #6/DEBUG] [net.minecraftforge.network.LoginWrapper/FMLHANDSHAKE]: Recieved login wrapper packet event for channel fml:handshake with index 12
[18May2025 23:53:54.088] [Netty Epoll Server IO #6/DEBUG] [net.minecraftforge.network.HandshakeHandler/FMLHANDSHAKE]: Received client indexed reply 12 of type net.minecraftforge.network.HandshakeMessages$C2SAcknowledge
[18May2025 23:53:54.088] [Netty Epoll Server IO #6/DEBUG] [net.minecraftforge.network.HandshakeHandler/FMLHANDSHAKE]: Received acknowledgement from client
[18May2025 23:53:54.111] [Server thread/DEBUG] [net.minecraftforge.network.HandshakeHandler/FMLHANDSHAKE]: Sending ticking packet info 'Registry minecraft:stat_type' to 'fml:handshake' sequence 17
[18May2025 23:53:54.111] [Netty Epoll Server IO #6/DEBUG] [net.minecraftforge.network.LoginWrapper/FMLHANDSHAKE]: Recieved login wrapper packet event for channel fml:handshake with index 13
[18May2025 23:53:54.111] [Netty Epoll Server IO #6/DEBUG] [net.minecraftforge.network.HandshakeHandler/FMLHANDSHAKE]: Received client indexed reply 13 of type net.minecraftforge.network.HandshakeMessages$C2SAcknowledge
[18May2025 23:53:54.111] [Netty Epoll Server IO #6/DEBUG] [net.minecraftforge.network.HandshakeHandler/FMLHANDSHAKE]: Received acknowledgement from client
[18May2025 23:53:54.151] [Netty Epoll Server IO #6/DEBUG] [net.minecraftforge.network.LoginWrapper/FMLHANDSHAKE]: Recieved login wrapper packet event for channel fml:handshake with index 14
[18May2025 23:53:54.151] [Netty Epoll Server IO #6/DEBUG] [net.minecraftforge.network.HandshakeHandler/FMLHANDSHAKE]: Received client indexed reply 14 of type net.minecraftforge.network.HandshakeMessages$C2SAcknowledge
[18May2025 23:53:54.151] [Netty Epoll Server IO #6/DEBUG] [net.minecraftforge.network.HandshakeHandler/FMLHANDSHAKE]: Received acknowledgement from client
[18May2025 23:53:54.157] [Server thread/DEBUG] [net.minecraftforge.network.HandshakeHandler/FMLHANDSHAKE]: Sending ticking packet info 'Registry tombstone:perks' to 'fml:handshake' sequence 18
[18May2025 23:53:54.188] [Netty Epoll Server IO #6/DEBUG] [net.minecraftforge.network.LoginWrapper/FMLHANDSHAKE]: Recieved login wrapper packet event for channel fml:handshake with index 15
[18May2025 23:53:54.188] [Netty Epoll Server IO #6/DEBUG] [net.minecraftforge.network.HandshakeHandler/FMLHANDSHAKE]: Received client indexed reply 15 of type net.minecraftforge.network.HandshakeMessages$C2SAcknowledge
[18May2025 23:53:54.188] [Netty Epoll Server IO #6/DEBUG] [net.minecraftforge.network.HandshakeHandler/FMLHANDSHAKE]: Received acknowledgement from client
[18May2025 23:53:54.208] [Server thread/DEBUG] [net.minecraftforge.network.HandshakeHandler/FMLHANDSHAKE]: Sending ticking packet info 'Registry minecraft:menu' to 'fml:handshake' sequence 19
[18May2025 23:53:54.243] [Netty Epoll Server IO #6/DEBUG] [net.minecraftforge.network.LoginWrapper/FMLHANDSHAKE]: Recieved login wrapper packet event for channel fml:handshake with index 16
[18May2025 23:53:54.243] [Netty Epoll Server IO #6/DEBUG] [net.minecraftforge.network.HandshakeHandler/FMLHANDSHAKE]: Received client indexed reply 16 of type net.minecraftforge.network.HandshakeMessages$C2SAcknowledge
[18May2025 23:53:54.243] [Netty Epoll Server IO #6/DEBUG] [net.minecraftforge.network.HandshakeHandler/FMLHANDSHAKE]: Received acknowledgement from client
[18May2025 23:53:54.243] [Netty Epoll Server IO #6/DEBUG] [net.minecraftforge.network.LoginWrapper/FMLHANDSHAKE]: Recieved login wrapper packet event for channel fml:handshake with index 17
[18May2025 23:53:54.243] [Netty Epoll Server IO #6/DEBUG] [net.minecraftforge.network.HandshakeHandler/FMLHANDSHAKE]: Received client indexed reply 17 of type net.minecraftforge.network.HandshakeMessages$C2SAcknowledge
[18May2025 23:53:54.243] [Netty Epoll Server IO #6/DEBUG] [net.minecraftforge.network.HandshakeHandler/FMLHANDSHAKE]: Received acknowledgement from client
[18May2025 23:53:54.258] [Server thread/DEBUG] [net.minecraftforge.network.HandshakeHandler/FMLHANDSHAKE]: Sending ticking packet info 'Registry minecraft:enchantment' to 'fml:handshake' sequence 20
[18May2025 23:53:54.308] [Server thread/DEBUG] [net.minecraftforge.network.HandshakeHandler/FMLHANDSHAKE]: Sending ticking packet info 'Registry minecraft:fluid' to 'fml:handshake' sequence 21
[18May2025 23:53:54.339] [Netty Epoll Server IO #6/DEBUG] [net.minecraftforge.network.LoginWrapper/FMLHANDSHAKE]: Recieved login wrapper packet event for channel fml:handshake with index 18
[18May2025 23:53:54.339] [Netty Epoll Server IO #6/DEBUG] [net.minecraftforge.network.HandshakeHandler/FMLHANDSHAKE]: Received client indexed reply 18 of type net.minecraftforge.network.HandshakeMessages$C2SAcknowledge
[18May2025 23:53:54.339] [Netty Epoll Server IO #6/DEBUG] [net.minecraftforge.network.HandshakeHandler/FMLHANDSHAKE]: Received acknowledgement from client
[18May2025 23:53:54.356] [Server thread/DEBUG] [net.minecraftforge.network.HandshakeHandler/FMLHANDSHAKE]: Sending ticking packet info 'Registry minecraft:entity_type' to 'fml:handshake' sequence 22
[18May2025 23:53:54.374] [Netty Epoll Server IO #6/DEBUG] [net.minecraftforge.network.LoginWrapper/FMLHANDSHAKE]: Recieved login wrapper packet event for channel fml:handshake with index 19
[18May2025 23:53:54.374] [Netty Epoll Server IO #6/DEBUG] [net.minecraftforge.network.HandshakeHandler/FMLHANDSHAKE]: Received client indexed reply 19 of type net.minecraftforge.network.HandshakeMessages$C2SAcknowledge
[18May2025 23:53:54.374] [Netty Epoll Server IO #6/DEBUG] [net.minecraftforge.network.HandshakeHandler/FMLHANDSHAKE]: Received acknowledgement from client
[18May2025 23:53:54.408] [Server thread/DEBUG] [net.minecraftforge.network.HandshakeHandler/FMLHANDSHAKE]: Sending ticking packet info 'Config securitycraft-server.toml' to 'fml:handshake' sequence 23
[18May2025 23:53:54.438] [Netty Epoll Server IO #6/DEBUG] [net.minecraftforge.network.LoginWrapper/FMLHANDSHAKE]: Recieved login wrapper packet event for channel fml:handshake with index 20
[18May2025 23:53:54.439] [Netty Epoll Server IO #6/DEBUG] [net.minecraftforge.network.HandshakeHandler/FMLHANDSHAKE]: Received client indexed reply 20 of type net.minecraftforge.network.HandshakeMessages$C2SAcknowledge
[18May2025 23:53:54.439] [Netty Epoll Server IO #6/DEBUG] [net.minecraftforge.network.HandshakeHandler/FMLHANDSHAKE]: Received acknowledgement from client
[18May2025 23:53:54.459] [Server thread/DEBUG] [net.minecraftforge.network.HandshakeHandler/FMLHANDSHAKE]: Sending ticking packet info 'Config curios-server.toml' to 'fml:handshake' sequence 24
[18May2025 23:53:54.487] [Netty Epoll Server IO #6/DEBUG] [net.minecraftforge.network.LoginWrapper/FMLHANDSHAKE]: Recieved login wrapper packet event for channel fml:handshake with index 21
[18May2025 23:53:54.487] [Netty Epoll Server IO #6/DEBUG] [net.minecraftforge.network.HandshakeHandler/FMLHANDSHAKE]: Received client indexed reply 21 of type net.minecraftforge.network.HandshakeMessages$C2SAcknowledge
[18May2025 23:53:54.487] [Netty Epoll Server IO #6/DEBUG] [net.minecraftforge.network.HandshakeHandler/FMLHANDSHAKE]: Received acknowledgement from client
[18May2025 23:53:54.507] [Server thread/DEBUG] [net.minecraftforge.network.HandshakeHandler/FMLHANDSHAKE]: Sending ticking packet info 'Config tombstone-server.toml' to 'fml:handshake' sequence 25
[18May2025 23:53:54.557] [Server thread/DEBUG] [net.minecraftforge.network.HandshakeHandler/FMLHANDSHAKE]: Sending ticking packet info 'Config sophisticatedbackpacks-server.toml' to 'fml:handshake' sequence 26
[18May2025 23:53:54.606] [Server thread/DEBUG] [net.minecraftforge.network.HandshakeHandler/FMLHANDSHAKE]: Sending ticking packet info 'Config jei-server.toml' to 'fml:handshake' sequence 27
[18May2025 23:53:54.656] [Server thread/DEBUG] [net.minecraftforge.network.HandshakeHandler/FMLHANDSHAKE]: Sending ticking packet info 'Config forge-server.toml' to 'fml:handshake' sequence 28
[18May2025 23:53:55.449] [Netty Epoll Server IO #6/DEBUG] [net.minecraftforge.network.LoginWrapper/FMLHANDSHAKE]: Recieved login wrapper packet event for channel fml:handshake with index 22
[18May2025 23:53:55.449] [Netty Epoll Server IO #6/DEBUG] [net.minecraftforge.network.HandshakeHandler/FMLHANDSHAKE]: Received client indexed reply 22 of type net.minecraftforge.network.HandshakeMessages$C2SAcknowledge
[18May2025 23:53:55.449] [Netty Epoll Server IO #6/DEBUG] [net.minecraftforge.network.HandshakeHandler/FMLHANDSHAKE]: Received acknowledgement from client
[18May2025 23:53:55.489] [Netty Epoll Server IO #6/DEBUG] [net.minecraftforge.network.LoginWrapper/FMLHANDSHAKE]: Recieved login wrapper packet event for channel fml:handshake with index 23
[18May2025 23:53:55.489] [Netty Epoll Server IO #6/DEBUG] [net.minecraftforge.network.HandshakeHandler/FMLHANDSHAKE]: Received client indexed reply 23 of type net.minecraftforge.network.HandshakeMessages$C2SAcknowledge
[18May2025 23:53:55.489] [Netty Epoll Server IO #6/DEBUG] [net.minecraftforge.network.HandshakeHandler/FMLHANDSHAKE]: Received acknowledgement from client
[18May2025 23:53:55.489] [Netty Epoll Server IO #6/DEBUG] [net.minecraftforge.network.LoginWrapper/FMLHANDSHAKE]: Recieved login wrapper packet event for channel fml:handshake with index 24
[18May2025 23:53:55.490] [Netty Epoll Server IO #6/DEBUG] [net.minecraftforge.network.HandshakeHandler/FMLHANDSHAKE]: Received client indexed reply 24 of type net.minecraftforge.network.HandshakeMessages$C2SAcknowledge
[18May2025 23:53:55.490] [Netty Epoll Server IO #6/DEBUG] [net.minecraftforge.network.HandshakeHandler/FMLHANDSHAKE]: Received acknowledgement from client
[18May2025 23:53:55.490] [Netty Epoll Server IO #6/DEBUG] [net.minecraftforge.network.LoginWrapper/FMLHANDSHAKE]: Recieved login wrapper packet event for channel fml:handshake with index 25
[18May2025 23:53:55.490] [Netty Epoll Server IO #6/DEBUG] [net.minecraftforge.network.HandshakeHandler/FMLHANDSHAKE]: Received client indexed reply 25 of type net.minecraftforge.network.HandshakeMessages$C2SAcknowledge
[18May2025 23:53:55.490] [Netty Epoll Server IO #6/DEBUG] [net.minecraftforge.network.HandshakeHandler/FMLHANDSHAKE]: Received acknowledgement from client
[18May2025 23:53:55.490] [Netty Epoll Server IO #6/DEBUG] [net.minecraftforge.network.LoginWrapper/FMLHANDSHAKE]: Recieved login wrapper packet event for channel fml:handshake with index 26
[18May2025 23:53:55.490] [Netty Epoll Server IO #6/DEBUG] [net.minecraftforge.network.HandshakeHandler/FMLHANDSHAKE]: Received client indexed reply 26 of type net.minecraftforge.network.HandshakeMessages$C2SAcknowledge
[18May2025 23:53:55.490] [Netty Epoll Server IO #6/DEBUG] [net.minecraftforge.network.HandshakeHandler/FMLHANDSHAKE]: Received acknowledgement from client
[18May2025 23:53:55.490] [Netty Epoll Server IO #6/DEBUG] [net.minecraftforge.network.LoginWrapper/FMLHANDSHAKE]: Recieved login wrapper packet event for channel fml:handshake with index 27
[18May2025 23:53:55.490] [Netty Epoll Server IO #6/DEBUG] [net.minecraftforge.network.HandshakeHandler/FMLHANDSHAKE]: Received client indexed reply 27 of type net.minecraftforge.network.HandshakeMessages$C2SAcknowledge
[18May2025 23:53:55.490] [Netty Epoll Server IO #6/DEBUG] [net.minecraftforge.network.HandshakeHandler/FMLHANDSHAKE]: Received acknowledgement from client
[18May2025 23:53:55.490] [Netty Epoll Server IO #6/DEBUG] [net.minecraftforge.network.LoginWrapper/FMLHANDSHAKE]: Recieved login wrapper packet event for channel fml:handshake with index 28
[18May2025 23:53:55.490] [Netty Epoll Server IO #6/DEBUG] [net.minecraftforge.network.HandshakeHandler/FMLHANDSHAKE]: Received client indexed reply 28 of type net.minecraftforge.network.HandshakeMessages$C2SAcknowledge
[18May2025 23:53:55.490] [Netty Epoll Server IO #6/DEBUG] [net.minecraftforge.network.HandshakeHandler/FMLHANDSHAKE]: Received acknowledgement from client
[18May2025 23:53:55.506] [Server thread/DEBUG] [net.minecraftforge.network.HandshakeHandler/FMLHANDSHAKE]: Handshake complete!
[18May2025 23:53:55.566] [Server thread/INFO] [net.minecraft.server.players.PlayerList/]: 1diiiego[/127.166.59.103:45809] logged in with entity id 13921 at (-1830.1420590201412, 88.43330612092737, 334.9981528860572)
[18May2025 23:53:55.566] [Server thread/DEBUG] [net.minecraftforge.network.filters.NetworkFilters/]: Injected net.minecraftforge.network.filters.ForgeConnectionNetworkFilter@7b99cfb6 into net.minecraft.network.Connection@313bb60e
[18May2025 23:53:55.579] [Server thread/INFO] [net.minecraft.server.MinecraftServer/]: 1diiiego joined the game
[18May2025 23:53:55.608] [Server thread/INFO] [Jade/]: Syncing config to 1diiiego (b29720b2-9535-3db9-946a-c053638c1576)
[18May2025 23:53:56.523] [Server thread/INFO] [net.minecraft.server.MinecraftServer/]: [YoungRichFlacko: Killed 1diiiego]
[18May2025 23:54:00.739] [Server thread/INFO] [net.minecraft.server.MinecraftServer/]: [YoungRichFlacko: Killed 1diiiego]
[18May2025 23:54:01.507] [Server thread/WARN] [net.minecraft.server.network.ServerGamePacketListenerImpl/]: 1diiiego was kicked for floating too long!
[18May2025 23:54:01.557] [Server thread/INFO] [net.minecraft.server.network.ServerGamePacketListenerImpl/]: 1diiiego lost connection: Flying is not enabled on this server
[18May2025 23:54:01.557] [Server thread/INFO] [net.minecraft.server.MinecraftServer/]: 1diiiego left the game
[18May2025 23:54:04.616] [Netty Epoll Server IO #1/DEBUG] [net.minecraftforge.network.HandshakeHandler/FMLHANDSHAKE]: Starting new modded impl connection. Found 29 messages to dispatch.
[18May2025 23:54:04.656] [Server thread/DEBUG] [net.minecraftforge.network.HandshakeHandler/FMLHANDSHAKE]: Sending ticking packet info 'FrameworkConfig refurbished_furniture:server' to 'framework:handshake' sequence 0
[18May2025 23:54:04.706] [Server thread/DEBUG] [net.minecraftforge.network.HandshakeHandler/FMLHANDSHAKE]: Sending ticking packet info 'net.minecraftforge.network.HandshakeMessages$S2CModData' to 'fml:handshake' sequence 1
[18May2025 23:54:04.756] [Server thread/DEBUG] [net.minecraftforge.network.HandshakeHandler/FMLHANDSHAKE]: Sending ticking packet info 'net.minecraftforge.network.HandshakeMessages$S2CModList' to 'fml:handshake' sequence 2
[18May2025 23:54:04.806] [Server thread/DEBUG] [net.minecraftforge.network.HandshakeHandler/FMLHANDSHAKE]: Sending ticking packet info 'Registry minecraft:command_argument_type' to 'fml:handshake' sequence 3
[18May2025 23:54:04.818] [Netty Epoll Server IO #1/DEBUG] [net.minecraftforge.network.LoginWrapper/FMLHANDSHAKE]: Recieved login wrapper packet event for channel framework:handshake with index 0
[18May2025 23:54:04.818] [Netty Epoll Server IO #1/DEBUG] [net.minecraftforge.network.HandshakeHandler/FMLHANDSHAKE]: Received client indexed reply 0 of type com.mrcrayfish.framework.api.network.message.HandshakeMessage$Acknowledge
[18May2025 23:54:04.818] [Netty Epoll Server IO #1/DEBUG] [Framework/FRAMEWORK_HANDSHAKE]: Received acknowledgement from client
[18May2025 23:54:04.856] [Server thread/DEBUG] [net.minecraftforge.network.HandshakeHandler/FMLHANDSHAKE]: Sending ticking packet info 'Registry minecraft:recipe_serializer' to 'fml:handshake' sequence 4
[18May2025 23:54:04.912] [Server thread/DEBUG] [net.minecraftforge.network.HandshakeHandler/FMLHANDSHAKE]: Sending ticking packet info 'Registry minecraft:sound_event' to 'fml:handshake' sequence 5
[18May2025 23:54:04.935] [Netty Epoll Server IO #1/DEBUG] [net.minecraftforge.network.LoginWrapper/FMLHANDSHAKE]: Recieved login wrapper packet event for channel fml:handshake with index 2
[18May2025 23:54:04.935] [Netty Epoll Server IO #1/DEBUG] [net.minecraftforge.network.HandshakeHandler/FMLHANDSHAKE]: Received client indexed reply 2 of type net.minecraftforge.network.HandshakeMessages$C2SModListReply
[18May2025 23:54:04.935] [Netty Epoll Server IO #1/DEBUG] [net.minecraftforge.network.HandshakeHandler/FMLHANDSHAKE]: Received client connection with modlist [minecraft, tht, elytraslot, kuma_api, terrablender, trashslot, mixinsquared, jade, jei, spectrelib, libraryferret, goblintraders, caelus, sophisticatedcore, curios, xaerominimap, xaeroworldmap, jumpoverfences, comforts, securitycraft, bettervillage, mixinextras, tombstone, glitchcore, biomesoplenty, sophisticatedbackpacks, architectury, mca, ferritecore, balm, refurbished_furniture, framework, fallingtree, forge]
[18May2025 23:54:04.935] [Netty Epoll Server IO #1/DEBUG] [net.minecraftforge.network.NetworkRegistry/NETREGISTRY]: Channel 'comforts:main' : Version test of '1' from client : ACCEPTED
[18May2025 23:54:04.935] [Netty Epoll Server IO #1/DEBUG] [net.minecraftforge.network.NetworkRegistry/NETREGISTRY]: Channel 'architectury:network' : Version test of '1' from client : ACCEPTED
[18May2025 23:54:04.935] [Netty Epoll Server IO #1/DEBUG] [net.minecraftforge.network.NetworkRegistry/NETREGISTRY]: Channel 'jei:channel' : Version test of '1.0.0' from client : ACCEPTED
[18May2025 23:54:04.936] [Netty Epoll Server IO #1/DEBUG] [net.minecraftforge.network.NetworkRegistry/NETREGISTRY]: Channel 'minecraft:unregister' : Version test of 'FML3' from client : ACCEPTED
[18May2025 23:54:04.936] [Netty Epoll Server IO #1/DEBUG] [net.minecraftforge.network.NetworkRegistry/NETREGISTRY]: Channel 'xaerominimap:main' : Version test of '1.0' from client : ACCEPTED
[18May2025 23:54:04.936] [Netty Epoll Server IO #1/DEBUG] [net.minecraftforge.network.NetworkRegistry/NETREGISTRY]: Channel 'sophisticatedbackpacks:channel' : Version test of '1' from client : ACCEPTED
[18May2025 23:54:04.936] [Netty Epoll Server IO #1/DEBUG] [net.minecraftforge.network.NetworkRegistry/NETREGISTRY]: Channel 'securitycraft:securitycraft' : Version test of 'v1.10.0.1' from client : ACCEPTED
[18May2025 23:54:04.936] [Netty Epoll Server IO #1/DEBUG] [net.minecraftforge.network.NetworkRegistry/NETREGISTRY]: Channel 'framework:play' : Version test of '1' from client : ACCEPTED
[18May2025 23:54:04.936] [Netty Epoll Server IO #1/DEBUG] [net.minecraftforge.network.NetworkRegistry/NETREGISTRY]: Channel 'fallingtree:main' : Version test of '1' from client : ACCEPTED
[18May2025 23:54:04.936] [Netty Epoll Server IO #1/DEBUG] [net.minecraftforge.network.NetworkRegistry/NETREGISTRY]: Channel 'curios:main' : Version test of '1' from client : ACCEPTED
[18May2025 23:54:04.936] [Netty Epoll Server IO #1/DEBUG] [net.minecraftforge.network.NetworkRegistry/NETREGISTRY]: Channel 'balm:network' : Version test of '1.0' from client : ACCEPTED
[18May2025 23:54:04.936] [Netty Epoll Server IO #1/DEBUG] [net.minecraftforge.network.NetworkRegistry/NETREGISTRY]: Channel 'framework:handshake' : Version test of '1' from client : ACCEPTED
[18May2025 23:54:04.936] [Netty Epoll Server IO #1/DEBUG] [net.minecraftforge.network.NetworkRegistry/NETREGISTRY]: Channel 'fml:loginwrapper' : Version test of 'FML3' from client : ACCEPTED
[18May2025 23:54:04.936] [Netty Epoll Server IO #1/DEBUG] [net.minecraftforge.network.NetworkRegistry/NETREGISTRY]: Channel 'forge:tier_sorting' : Version test of '1.0' from client : ACCEPTED
[18May2025 23:54:04.936] [Netty Epoll Server IO #1/DEBUG] [net.minecraftforge.network.NetworkRegistry/NETREGISTRY]: Channel 'spectrelib:main' : Version test of '1' from client : ACCEPTED
[18May2025 23:54:04.936] [Netty Epoll Server IO #1/DEBUG] [net.minecraftforge.network.NetworkRegistry/NETREGISTRY]: Channel 'trashslot:network' : Version test of '1.0' from client : ACCEPTED
[18May2025 23:54:04.936] [Netty Epoll Server IO #1/DEBUG] [net.minecraftforge.network.NetworkRegistry/NETREGISTRY]: Channel 'tombstone:tombstone_channel' : Version test of 'tombstone-8.9.4' from client : ACCEPTED
[18May2025 23:54:04.936] [Netty Epoll Server IO #1/DEBUG] [net.minecraftforge.network.NetworkRegistry/NETREGISTRY]: Channel 'mca:main' : Version test of '1' from client : ACCEPTED
[18May2025 23:54:04.936] [Netty Epoll Server IO #1/DEBUG] [net.minecraftforge.network.NetworkRegistry/NETREGISTRY]: Channel 'fml:play' : Version test of 'FML3' from client : ACCEPTED
[18May2025 23:54:04.936] [Netty Epoll Server IO #1/DEBUG] [net.minecraftforge.network.NetworkRegistry/NETREGISTRY]: Channel 'sophisticatedcore:channel' : Version test of '1' from client : ACCEPTED
[18May2025 23:54:04.936] [Netty Epoll Server IO #1/DEBUG] [net.minecraftforge.network.NetworkRegistry/NETREGISTRY]: Channel 'caelus:main' : Version test of '1' from client : ACCEPTED
[18May2025 23:54:04.936] [Netty Epoll Server IO #1/DEBUG] [net.minecraftforge.network.NetworkRegistry/NETREGISTRY]: Channel 'fml:handshake' : Version test of 'FML3' from client : ACCEPTED
[18May2025 23:54:04.936] [Netty Epoll Server IO #1/DEBUG] [net.minecraftforge.network.NetworkRegistry/NETREGISTRY]: Channel 'tht:tht' : Version test of '1' from client : ACCEPTED
[18May2025 23:54:04.936] [Netty Epoll Server IO #1/DEBUG] [net.minecraftforge.network.NetworkRegistry/NETREGISTRY]: Channel 'xaeroworldmap:main' : Version test of '1.0' from client : ACCEPTED
[18May2025 23:54:04.936] [Netty Epoll Server IO #1/DEBUG] [net.minecraftforge.network.NetworkRegistry/NETREGISTRY]: Channel 'minecraft:register' : Version test of 'FML3' from client : ACCEPTED
[18May2025 23:54:04.936] [Netty Epoll Server IO #1/DEBUG] [net.minecraftforge.network.NetworkRegistry/NETREGISTRY]: Channel 'forge:split' : Version test of '1.1' from client : ACCEPTED
[18May2025 23:54:04.936] [Netty Epoll Server IO #1/DEBUG] [net.minecraftforge.network.NetworkRegistry/NETREGISTRY]: Channel 'jade:networking' : Version test of '2' from client : ACCEPTED
[18May2025 23:54:04.936] [Netty Epoll Server IO #1/DEBUG] [net.minecraftforge.network.NetworkRegistry/NETREGISTRY]: Channel 'refurbished_furniture:play' : Version test of '1' from client : ACCEPTED
[18May2025 23:54:04.936] [Netty Epoll Server IO #1/DEBUG] [net.minecraftforge.network.NetworkRegistry/NETREGISTRY]: Accepting channel list from client
[18May2025 23:54:04.936] [Netty Epoll Server IO #1/DEBUG] [net.minecraftforge.network.HandshakeHandler/FMLHANDSHAKE]: Accepted client connection mod list
[18May2025 23:54:04.958] [Server thread/DEBUG] [net.minecraftforge.network.HandshakeHandler/FMLHANDSHAKE]: Sending ticking packet info 'Registry minecraft:particle_type' to 'fml:handshake' sequence 6
[18May2025 23:54:04.959] [Netty Epoll Server IO #1/DEBUG] [net.minecraftforge.network.LoginWrapper/FMLHANDSHAKE]: Recieved login wrapper packet event for channel fml:handshake with index 3
[18May2025 23:54:04.959] [Netty Epoll Server IO #1/DEBUG] [net.minecraftforge.network.HandshakeHandler/FMLHANDSHAKE]: Received client indexed reply 3 of type net.minecraftforge.network.HandshakeMessages$C2SAcknowledge
[18May2025 23:54:04.959] [Netty Epoll Server IO #1/DEBUG] [net.minecraftforge.network.HandshakeHandler/FMLHANDSHAKE]: Received acknowledgement from client
[18May2025 23:54:05.010] [Server thread/DEBUG] [net.minecraftforge.network.HandshakeHandler/FMLHANDSHAKE]: Sending ticking packet info 'Registry minecraft:villager_profession' to 'fml:handshake' sequence 7
[18May2025 23:54:05.040] [Netty Epoll Server IO #1/DEBUG] [net.minecraftforge.network.LoginWrapper/FMLHANDSHAKE]: Recieved login wrapper packet event for channel fml:handshake with index 4
[18May2025 23:54:05.040] [Netty Epoll Server IO #1/DEBUG] [net.minecraftforge.network.HandshakeHandler/FMLHANDSHAKE]: Received client indexed reply 4 of type net.minecraftforge.network.HandshakeMessages$C2SAcknowledge
[18May2025 23:54:05.041] [Netty Epoll Server IO #1/DEBUG] [net.minecraftforge.network.HandshakeHandler/FMLHANDSHAKE]: Received acknowledgement from client
[18May2025 23:54:05.058] [Server thread/DEBUG] [net.minecraftforge.network.HandshakeHandler/FMLHANDSHAKE]: Sending ticking packet info 'Registry minecraft:item' to 'fml:handshake' sequence 8
[18May2025 23:54:05.107] [Server thread/DEBUG] [net.minecraftforge.network.HandshakeHandler/FMLHANDSHAKE]: Sending ticking packet info 'Registry minecraft:potion' to 'fml:handshake' sequence 9
[18May2025 23:54:05.156] [Server thread/DEBUG] [net.minecraftforge.network.HandshakeHandler/FMLHANDSHAKE]: Sending ticking packet info 'Registry minecraft:painting_variant' to 'fml:handshake' sequence 10
[18May2025 23:54:05.170] [Netty Epoll Server IO #1/DEBUG] [net.minecraftforge.network.LoginWrapper/FMLHANDSHAKE]: Recieved login wrapper packet event for channel fml:handshake with index 5
[18May2025 23:54:05.170] [Netty Epoll Server IO #1/DEBUG] [net.minecraftforge.network.HandshakeHandler/FMLHANDSHAKE]: Received client indexed reply 5 of type net.minecraftforge.network.HandshakeMessages$C2SAcknowledge
[18May2025 23:54:05.170] [Netty Epoll Server IO #1/DEBUG] [net.minecraftforge.network.HandshakeHandler/FMLHANDSHAKE]: Received acknowledgement from client
[18May2025 23:54:05.207] [Server thread/DEBUG] [net.minecraftforge.network.HandshakeHandler/FMLHANDSHAKE]: Sending ticking packet info 'Registry forge:fluid_type' to 'fml:handshake' sequence 11
[18May2025 23:54:05.207] [Netty Epoll Server IO #1/DEBUG] [net.minecraftforge.network.LoginWrapper/FMLHANDSHAKE]: Recieved login wrapper packet event for channel fml:handshake with index 6
[18May2025 23:54:05.207] [Netty Epoll Server IO #1/DEBUG] [net.minecraftforge.network.HandshakeHandler/FMLHANDSHAKE]: Received client indexed reply 6 of type net.minecraftforge.network.HandshakeMessages$C2SAcknowledge
[18May2025 23:54:05.207] [Netty Epoll Server IO #1/DEBUG] [net.minecraftforge.network.HandshakeHandler/FMLHANDSHAKE]: Received acknowledgement from client
[18May2025 23:54:05.207] [Netty Epoll Server IO #1/DEBUG] [net.minecraftforge.network.LoginWrapper/FMLHANDSHAKE]: Recieved login wrapper packet event for channel fml:handshake with index 7
[18May2025 23:54:05.207] [Netty Epoll Server IO #1/DEBUG] [net.minecraftforge.network.HandshakeHandler/FMLHANDSHAKE]: Received client indexed reply 7 of type net.minecraftforge.network.HandshakeMessages$C2SAcknowledge
[18May2025 23:54:05.207] [Netty Epoll Server IO #1/DEBUG] [net.minecraftforge.network.HandshakeHandler/FMLHANDSHAKE]: Received acknowledgement from client
[18May2025 23:54:05.260] [Server thread/DEBUG] [net.minecraftforge.network.HandshakeHandler/FMLHANDSHAKE]: Sending ticking packet info 'Registry minecraft:block_entity_type' to 'fml:handshake' sequence 12
[18May2025 23:54:05.309] [Server thread/DEBUG] [net.minecraftforge.network.HandshakeHandler/FMLHANDSHAKE]: Sending ticking packet info 'Registry forge:display_contexts' to 'fml:handshake' sequence 13
[18May2025 23:54:05.334] [Netty Epoll Server IO #1/DEBUG] [net.minecraftforge.network.LoginWrapper/FMLHANDSHAKE]: Recieved login wrapper packet event for channel fml:handshake with index 8
[18May2025 23:54:05.334] [Netty Epoll Server IO #1/DEBUG] [net.minecraftforge.network.HandshakeHandler/FMLHANDSHAKE]: Received client indexed reply 8 of type net.minecraftforge.network.HandshakeMessages$C2SAcknowledge
[18May2025 23:54:05.334] [Netty Epoll Server IO #1/DEBUG] [net.minecraftforge.network.HandshakeHandler/FMLHANDSHAKE]: Received acknowledgement from client
[18May2025 23:54:05.334] [Netty Epoll Server IO #1/DEBUG] [net.minecraftforge.network.LoginWrapper/FMLHANDSHAKE]: Recieved login wrapper packet event for channel fml:handshake with index 9
[18May2025 23:54:05.334] [Netty Epoll Server IO #1/DEBUG] [net.minecraftforge.network.HandshakeHandler/FMLHANDSHAKE]: Received client indexed reply 9 of type net.minecraftforge.network.HandshakeMessages$C2SAcknowledge
[18May2025 23:54:05.334] [Netty Epoll Server IO #1/DEBUG] [net.minecraftforge.network.HandshakeHandler/FMLHANDSHAKE]: Received acknowledgement from client
[18May2025 23:54:05.359] [Server thread/DEBUG] [net.minecraftforge.network.HandshakeHandler/FMLHANDSHAKE]: Sending ticking packet info 'Registry minecraft:block' to 'fml:handshake' sequence 14
[18May2025 23:54:05.368] [Netty Epoll Server IO #1/DEBUG] [net.minecraftforge.network.LoginWrapper/FMLHANDSHAKE]: Recieved login wrapper packet event for channel fml:handshake with index 10
[18May2025 23:54:05.368] [Netty Epoll Server IO #1/DEBUG] [net.minecraftforge.network.HandshakeHandler/FMLHANDSHAKE]: Received client indexed reply 10 of type net.minecraftforge.network.HandshakeMessages$C2SAcknowledge
[18May2025 23:54:05.368] [Netty Epoll Server IO #1/DEBUG] [net.minecraftforge.network.HandshakeHandler/FMLHANDSHAKE]: Received acknowledgement from client
[18May2025 23:54:05.409] [Server thread/DEBUG] [net.minecraftforge.network.HandshakeHandler/FMLHANDSHAKE]: Sending ticking packet info 'Registry forge:entity_data_serializers' to 'fml:handshake' sequence 15
[18May2025 23:54:05.409] [Netty Epoll Server IO #1/DEBUG] [net.minecraftforge.network.LoginWrapper/FMLHANDSHAKE]: Recieved login wrapper packet event for channel fml:handshake with index 11
[18May2025 23:54:05.409] [Netty Epoll Server IO #1/DEBUG] [net.minecraftforge.network.HandshakeHandler/FMLHANDSHAKE]: Received client indexed reply 11 of type net.minecraftforge.network.HandshakeMessages$C2SAcknowledge
[18May2025 23:54:05.409] [Netty Epoll Server IO #1/DEBUG] [net.minecraftforge.network.HandshakeHandler/FMLHANDSHAKE]: Received acknowledgement from client
[18May2025 23:54:05.457] [Server thread/DEBUG] [net.minecraftforge.network.HandshakeHandler/FMLHANDSHAKE]: Sending ticking packet info 'Registry minecraft:mob_effect' to 'fml:handshake' sequence 16
[18May2025 23:54:05.488] [Netty Epoll Server IO #1/DEBUG] [net.minecraftforge.network.LoginWrapper/FMLHANDSHAKE]: Recieved login wrapper packet event for channel fml:handshake with index 12
[18May2025 23:54:05.488] [Netty Epoll Server IO #1/DEBUG] [net.minecraftforge.network.HandshakeHandler/FMLHANDSHAKE]: Received client indexed reply 12 of type net.minecraftforge.network.HandshakeMessages$C2SAcknowledge
[18May2025 23:54:05.488] [Netty Epoll Server IO #1/DEBUG] [net.minecraftforge.network.HandshakeHandler/FMLHANDSHAKE]: Received acknowledgement from client
[18May2025 23:54:05.488] [Netty Epoll Server IO #1/DEBUG] [net.minecraftforge.network.LoginWrapper/FMLHANDSHAKE]: Recieved login wrapper packet event for channel fml:handshake with index 13
[18May2025 23:54:05.488] [Netty Epoll Server IO #1/DEBUG] [net.minecraftforge.network.HandshakeHandler/FMLHANDSHAKE]: Received client indexed reply 13 of type net.minecraftforge.network.HandshakeMessages$C2SAcknowledge
[18May2025 23:54:05.488] [Netty Epoll Server IO #1/DEBUG] [net.minecraftforge.network.HandshakeHandler/FMLHANDSHAKE]: Received acknowledgement from client
[18May2025 23:54:05.499] [Netty Epoll Server IO #1/DEBUG] [net.minecraftforge.network.LoginWrapper/FMLHANDSHAKE]: Recieved login wrapper packet event for channel fml:handshake with index 14
[18May2025 23:54:05.499] [Netty Epoll Server IO #1/DEBUG] [net.minecraftforge.network.HandshakeHandler/FMLHANDSHAKE]: Received client indexed reply 14 of type net.minecraftforge.network.HandshakeMessages$C2SAcknowledge
[18May2025 23:54:05.499] [Netty Epoll Server IO #1/DEBUG] [net.minecraftforge.network.HandshakeHandler/FMLHANDSHAKE]: Received acknowledgement from client
[18May2025 23:54:05.507] [Server thread/DEBUG] [net.minecraftforge.network.HandshakeHandler/FMLHANDSHAKE]: Sending ticking packet info 'Registry minecraft:stat_type' to 'fml:handshake' sequence 17
[18May2025 23:54:05.557] [Server thread/DEBUG] [net.minecraftforge.network.HandshakeHandler/FMLHANDSHAKE]: Sending ticking packet info 'Registry tombstone:perks' to 'fml:handshake' sequence 18
[18May2025 23:54:05.585] [Netty Epoll Server IO #1/DEBUG] [net.minecraftforge.network.LoginWrapper/FMLHANDSHAKE]: Recieved login wrapper packet event for channel fml:handshake with index 15
[18May2025 23:54:05.585] [Netty Epoll Server IO #1/DEBUG] [net.minecraftforge.network.HandshakeHandler/FMLHANDSHAKE]: Received client indexed reply 15 of type net.minecraftforge.network.HandshakeMessages$C2SAcknowledge
[18May2025 23:54:05.585] [Netty Epoll Server IO #1/DEBUG] [net.minecraftforge.network.HandshakeHandler/FMLHANDSHAKE]: Received acknowledgement from client
[18May2025 23:54:05.608] [Server thread/DEBUG] [net.minecraftforge.network.HandshakeHandler/FMLHANDSHAKE]: Sending ticking packet info 'Registry minecraft:menu' to 'fml:handshake' sequence 19
[18May2025 23:54:05.624] [Netty Epoll Server IO #1/DEBUG] [net.minecraftforge.network.LoginWrapper/FMLHANDSHAKE]: Recieved login wrapper packet event for channel fml:handshake with index 16
[18May2025 23:54:05.624] [Netty Epoll Server IO #1/DEBUG] [net.minecraftforge.network.HandshakeHandler/FMLHANDSHAKE]: Received client indexed reply 16 of type net.minecraftforge.network.HandshakeMessages$C2SAcknowledge
[18May2025 23:54:05.624] [Netty Epoll Server IO #1/DEBUG] [net.minecraftforge.network.HandshakeHandler/FMLHANDSHAKE]: Received acknowledgement from client
[18May2025 23:54:05.656] [Server thread/DEBUG] [net.minecraftforge.network.HandshakeHandler/FMLHANDSHAKE]: Sending ticking packet info 'Registry minecraft:enchantment' to 'fml:handshake' sequence 20
[18May2025 23:54:05.706] [Server thread/DEBUG] [net.minecraftforge.network.HandshakeHandler/FMLHANDSHAKE]: Sending ticking packet info 'Registry minecraft:fluid' to 'fml:handshake' sequence 21
[18May2025 23:54:05.737] [Netty Epoll Server IO #1/DEBUG] [net.minecraftforge.network.LoginWrapper/FMLHANDSHAKE]: Recieved login wrapper packet event for channel fml:handshake with index 17
[18May2025 23:54:05.737] [Netty Epoll Server IO #1/DEBUG] [net.minecraftforge.network.HandshakeHandler/FMLHANDSHAKE]: Received client indexed reply 17 of type net.minecraftforge.network.HandshakeMessages$C2SAcknowledge
[18May2025 23:54:05.737] [Netty Epoll Server IO #1/DEBUG] [net.minecraftforge.network.HandshakeHandler/FMLHANDSHAKE]: Received acknowledgement from client
[18May2025 23:54:05.737] [Netty Epoll Server IO #1/DEBUG] [net.minecraftforge.network.LoginWrapper/FMLHANDSHAKE]: Recieved login wrapper packet event for channel fml:handshake with index 18
[18May2025 23:54:05.737] [Netty Epoll Server IO #1/DEBUG] [net.minecraftforge.network.HandshakeHandler/FMLHANDSHAKE]: Received client indexed reply 18 of type net.minecraftforge.network.HandshakeMessages$C2SAcknowledge
[18May2025 23:54:05.737] [Netty Epoll Server IO #1/DEBUG] [net.minecraftforge.network.HandshakeHandler/FMLHANDSHAKE]: Received acknowledgement from client
[18May2025 23:54:05.757] [Server thread/DEBUG] [net.minecraftforge.network.HandshakeHandler/FMLHANDSHAKE]: Sending ticking packet info 'Registry minecraft:entity_type' to 'fml:handshake' sequence 22
[18May2025 23:54:05.757] [Netty Epoll Server IO #1/DEBUG] [net.minecraftforge.network.LoginWrapper/FMLHANDSHAKE]: Recieved login wrapper packet event for channel fml:handshake with index 19
[18May2025 23:54:05.757] [Netty Epoll Server IO #1/DEBUG] [net.minecraftforge.network.HandshakeHandler/FMLHANDSHAKE]: Received client indexed reply 19 of type net.minecraftforge.network.HandshakeMessages$C2SAcknowledge
[18May2025 23:54:05.757] [Netty Epoll Server IO #1/DEBUG] [net.minecraftforge.network.HandshakeHandler/FMLHANDSHAKE]: Received acknowledgement from client
[18May2025 23:54:05.806] [Server thread/DEBUG] [net.minecraftforge.network.HandshakeHandler/FMLHANDSHAKE]: Sending ticking packet info 'Config securitycraft-server.toml' to 'fml:handshake' sequence 23
[18May2025 23:54:05.834] [Netty Epoll Server IO #1/DEBUG] [net.minecraftforge.network.LoginWrapper/FMLHANDSHAKE]: Recieved login wrapper packet event for channel fml:handshake with index 20
[18May2025 23:54:05.834] [Netty Epoll Server IO #1/DEBUG] [net.minecraftforge.network.HandshakeHandler/FMLHANDSHAKE]: Received client indexed reply 20 of type net.minecraftforge.network.HandshakeMessages$C2SAcknowledge
[18May2025 23:54:05.834] [Netty Epoll Server IO #1/DEBUG] [net.minecraftforge.network.HandshakeHandler/FMLHANDSHAKE]: Received acknowledgement from client
[18May2025 23:54:05.856] [Server thread/DEBUG] [net.minecraftforge.network.HandshakeHandler/FMLHANDSHAKE]: Sending ticking packet info 'Config curios-server.toml' to 'fml:handshake' sequence 24
[18May2025 23:54:05.881] [Netty Epoll Server IO #1/DEBUG] [net.minecraftforge.network.LoginWrapper/FMLHANDSHAKE]: Recieved login wrapper packet event for channel fml:handshake with index 21
[18May2025 23:54:05.881] [Netty Epoll Server IO #1/DEBUG] [net.minecraftforge.network.HandshakeHandler/FMLHANDSHAKE]: Received client indexed reply 21 of type net.minecraftforge.network.HandshakeMessages$C2SAcknowledge
[18May2025 23:54:05.881] [Netty Epoll Server IO #1/DEBUG] [net.minecraftforge.network.HandshakeHandler/FMLHANDSHAKE]: Received acknowledgement from client
[18May2025 23:54:05.908] [Server thread/DEBUG] [net.minecraftforge.network.HandshakeHandler/FMLHANDSHAKE]: Sending ticking packet info 'Config tombstone-server.toml' to 'fml:handshake' sequence 25
[18May2025 23:54:05.957] [Server thread/DEBUG] [net.minecraftforge.network.HandshakeHandler/FMLHANDSHAKE]: Sending ticking packet info 'Config sophisticatedbackpacks-server.toml' to 'fml:handshake' sequence 26
[18May2025 23:54:06.006] [Server thread/DEBUG] [net.minecraftforge.network.HandshakeHandler/FMLHANDSHAKE]: Sending ticking packet info 'Config jei-server.toml' to 'fml:handshake' sequence 27
[18May2025 23:54:06.057] [Server thread/DEBUG] [net.minecraftforge.network.HandshakeHandler/FMLHANDSHAKE]: Sending ticking packet info 'Config forge-server.toml' to 'fml:handshake' sequence 28
[18May2025 23:54:06.895] [Netty Epoll Server IO #1/DEBUG] [net.minecraftforge.network.LoginWrapper/FMLHANDSHAKE]: Recieved login wrapper packet event for channel fml:handshake with index 22
[18May2025 23:54:06.895] [Netty Epoll Server IO #1/DEBUG] [net.minecraftforge.network.HandshakeHandler/FMLHANDSHAKE]: Received client indexed reply 22 of type net.minecraftforge.network.HandshakeMessages$C2SAcknowledge
[18May2025 23:54:06.895] [Netty Epoll Server IO #1/DEBUG] [net.minecraftforge.network.HandshakeHandler/FMLHANDSHAKE]: Received acknowledgement from client
[18May2025 23:54:06.935] [Netty Epoll Server IO #1/DEBUG] [net.minecraftforge.network.LoginWrapper/FMLHANDSHAKE]: Recieved login wrapper packet event for channel fml:handshake with index 23
[18May2025 23:54:06.935] [Netty Epoll Server IO #1/DEBUG] [net.minecraftforge.network.HandshakeHandler/FMLHANDSHAKE]: Received client indexed reply 23 of type net.minecraftforge.network.HandshakeMessages$C2SAcknowledge
[18May2025 23:54:06.936] [Netty Epoll Server IO #1/DEBUG] [net.minecraftforge.network.HandshakeHandler/FMLHANDSHAKE]: Received acknowledgement from client
[18May2025 23:54:06.936] [Netty Epoll Server IO #1/DEBUG] [net.minecraftforge.network.LoginWrapper/FMLHANDSHAKE]: Recieved login wrapper packet event for channel fml:handshake with index 24
[18May2025 23:54:06.936] [Netty Epoll Server IO #1/DEBUG] [net.minecraftforge.network.HandshakeHandler/FMLHANDSHAKE]: Received client indexed reply 24 of type net.minecraftforge.network.HandshakeMessages$C2SAcknowledge
[18May2025 23:54:06.936] [Netty Epoll Server IO #1/DEBUG] [net.minecraftforge.network.HandshakeHandler/FMLHANDSHAKE]: Received acknowledgement from client
[18May2025 23:54:06.936] [Netty Epoll Server IO #1/DEBUG] [net.minecraftforge.network.LoginWrapper/FMLHANDSHAKE]: Recieved login wrapper packet event for channel fml:handshake with index 25
[18May2025 23:54:06.936] [Netty Epoll Server IO #1/DEBUG] [net.minecraftforge.network.HandshakeHandler/FMLHANDSHAKE]: Received client indexed reply 25 of type net.minecraftforge.network.HandshakeMessages$C2SAcknowledge
[18May2025 23:54:06.936] [Netty Epoll Server IO #1/DEBUG] [net.minecraftforge.network.HandshakeHandler/FMLHANDSHAKE]: Received acknowledgement from client
[18May2025 23:54:06.936] [Netty Epoll Server IO #1/DEBUG] [net.minecraftforge.network.LoginWrapper/FMLHANDSHAKE]: Recieved login wrapper packet event for channel fml:handshake with index 26
[18May2025 23:54:06.936] [Netty Epoll Server IO #1/DEBUG] [net.minecraftforge.network.HandshakeHandler/FMLHANDSHAKE]: Received client indexed reply 26 of type net.minecraftforge.network.HandshakeMessages$C2SAcknowledge
[18May2025 23:54:06.936] [Netty Epoll Server IO #1/DEBUG] [net.minecraftforge.network.HandshakeHandler/FMLHANDSHAKE]: Received acknowledgement from client
[18May2025 23:54:06.936] [Netty Epoll Server IO #1/DEBUG] [net.minecraftforge.network.LoginWrapper/FMLHANDSHAKE]: Recieved login wrapper packet event for channel fml:handshake with index 27
[18May2025 23:54:06.936] [Netty Epoll Server IO #1/DEBUG] [net.minecraftforge.network.HandshakeHandler/FMLHANDSHAKE]: Received client indexed reply 27 of type net.minecraftforge.network.HandshakeMessages$C2SAcknowledge
[18May2025 23:54:06.936] [Netty Epoll Server IO #1/DEBUG] [net.minecraftforge.network.HandshakeHandler/FMLHANDSHAKE]: Received acknowledgement from client
[18May2025 23:54:06.936] [Netty Epoll Server IO #1/DEBUG] [net.minecraftforge.network.LoginWrapper/FMLHANDSHAKE]: Recieved login wrapper packet event for channel fml:handshake with index 28
[18May2025 23:54:06.936] [Netty Epoll Server IO #1/DEBUG] [net.minecraftforge.network.HandshakeHandler/FMLHANDSHAKE]: Received client indexed reply 28 of type net.minecraftforge.network.HandshakeMessages$C2SAcknowledge
[18May2025 23:54:06.936] [Netty Epoll Server IO #1/DEBUG] [net.minecraftforge.network.HandshakeHandler/FMLHANDSHAKE]: Received acknowledgement from client
[18May2025 23:54:06.958] [Server thread/DEBUG] [net.minecraftforge.network.HandshakeHandler/FMLHANDSHAKE]: Handshake complete!
[18May2025 23:54:07.017] [Server thread/INFO] [net.minecraft.server.players.PlayerList/]: 1diiiego[/127.166.59.103:33579] logged in with entity id 13976 at (-1821.7800960955399, 73.22795082139511, 334.2337577425851)
[18May2025 23:54:07.017] [Server thread/DEBUG] [net.minecraftforge.network.filters.NetworkFilters/]: Injected net.minecraftforge.network.filters.ForgeConnectionNetworkFilter@368eba2 into net.minecraft.network.Connection@20b8ba9c
[18May2025 23:54:07.029] [Server thread/INFO] [net.minecraft.server.MinecraftServer/]: 1diiiego joined the game
[18May2025 23:54:07.066] [Server thread/INFO] [Jade/]: Syncing config to 1diiiego (b29720b2-9535-3db9-946a-c053638c1576)
[18May2025 23:54:14.159] [Server thread/INFO] [net.minecraft.server.MinecraftServer/]: [YoungRichFlacko: Killed 1diiiego]
[18May2025 23:54:16.430] [Server thread/INFO] [net.minecraft.server.MinecraftServer/]: [YoungRichFlacko: Killed 1diiiego]
[18May2025 23:54:17.133] [Server thread/INFO] [net.minecraft.server.MinecraftServer/]: [YoungRichFlacko: Killed 1diiiego]
[18May2025 23:54:17.782] [Server thread/INFO] [net.minecraft.server.MinecraftServer/]: [YoungRichFlacko: Killed 1diiiego]
[18May2025 23:54:18.390] [Server thread/INFO] [net.minecraft.server.MinecraftServer/]: [YoungRichFlacko: Killed 1diiiego]
[18May2025 23:54:19.028] [Server thread/INFO] [net.minecraft.server.MinecraftServer/]: [YoungRichFlacko: Killed 1diiiego]
[18May2025 23:54:19.623] [Server thread/INFO] [net.minecraft.server.MinecraftServer/]: [YoungRichFlacko: Killed 1diiiego]
[18May2025 23:54:20.251] [Server thread/INFO] [net.minecraft.server.MinecraftServer/]: [YoungRichFlacko: Killed 1diiiego]
[18May2025 23:54:20.916] [Server thread/INFO] [net.minecraft.server.MinecraftServer/]: [YoungRichFlacko: Killed 1diiiego]
[18May2025 23:54:21.593] [Server thread/INFO] [net.minecraft.server.MinecraftServer/]: [YoungRichFlacko: Killed 1diiiego]
[18May2025 23:54:22.309] [Server thread/INFO] [net.minecraft.server.MinecraftServer/]: [YoungRichFlacko: Killed 1diiiego]
[18May2025 23:54:22.986] [Server thread/INFO] [net.minecraft.server.MinecraftServer/]: [YoungRichFlacko: Killed 1diiiego]
[18May2025 23:54:23.665] [Server thread/INFO] [net.minecraft.server.MinecraftServer/]: [YoungRichFlacko: Killed 1diiiego]
[18May2025 23:54:24.312] [Server thread/INFO] [net.minecraft.server.MinecraftServer/]: [YoungRichFlacko: Killed 1diiiego]
[18May2025 23:54:24.915] [Server thread/INFO] [net.minecraft.server.MinecraftServer/]: 1diiiego was killed
[18May2025 23:54:24.916] [Server thread/DEBUG] [tombstone/]: A new grave of the player 1diiiego was created at position [x:-1820, y:65, z:341, dim:minecraft:overworld]
[18May2025 23:54:24.917] [Server thread/INFO] [net.minecraft.server.MinecraftServer/]: [YoungRichFlacko: Killed 1diiiego]
[18May2025 23:54:24.917] [Server thread/INFO] [tombstone/]: The player 1diiiego has successfully been saved
[18May2025 23:54:25.632] [Server thread/INFO] [net.minecraft.server.MinecraftServer/]: [YoungRichFlacko: Killed 1diiiego]
[18May2025 23:54:38.958] [Server thread/WARN] [net.minecraft.server.network.ServerGamePacketListenerImpl/]: 1diiiego was kicked for floating too long!
[18May2025 23:54:39.008] [Server thread/INFO] [net.minecraft.server.network.ServerGamePacketListenerImpl/]: 1diiiego lost connection: Flying is not enabled on this server
[18May2025 23:54:39.008] [Server thread/INFO] [net.minecraft.server.MinecraftServer/]: 1diiiego left the game
[18May2025 23:54:55.778] [Netty Epoll Server IO #4/DEBUG] [net.minecraftforge.network.HandshakeHandler/FMLHANDSHAKE]: Starting new modded impl connection. Found 29 messages to dispatch.
[18May2025 23:54:55.807] [Server thread/DEBUG] [net.minecraftforge.network.HandshakeHandler/FMLHANDSHAKE]: Sending ticking packet info 'FrameworkConfig refurbished_furniture:server' to 'framework:handshake' sequence 0
[18May2025 23:54:55.857] [Server thread/DEBUG] [net.minecraftforge.network.HandshakeHandler/FMLHANDSHAKE]: Sending ticking packet info 'net.minecraftforge.network.HandshakeMessages$S2CModData' to 'fml:handshake' sequence 1
[18May2025 23:54:55.906] [Server thread/DEBUG] [net.minecraftforge.network.HandshakeHandler/FMLHANDSHAKE]: Sending ticking packet info 'net.minecraftforge.network.HandshakeMessages$S2CModList' to 'fml:handshake' sequence 2
[18May2025 23:54:55.956] [Server thread/DEBUG] [net.minecraftforge.network.HandshakeHandler/FMLHANDSHAKE]: Sending ticking packet info 'Registry minecraft:command_argument_type' to 'fml:handshake' sequence 3
[18May2025 23:54:55.961] [Netty Epoll Server IO #4/DEBUG] [net.minecraftforge.network.LoginWrapper/FMLHANDSHAKE]: Recieved login wrapper packet event for channel framework:handshake with index 0
[18May2025 23:54:55.961] [Netty Epoll Server IO #4/DEBUG] [net.minecraftforge.network.HandshakeHandler/FMLHANDSHAKE]: Received client indexed reply 0 of type com.mrcrayfish.framework.api.network.message.HandshakeMessage$Acknowledge
[18May2025 23:54:55.961] [Netty Epoll Server IO #4/DEBUG] [Framework/FRAMEWORK_HANDSHAKE]: Received acknowledgement from client
[18May2025 23:54:56.006] [Server thread/DEBUG] [net.minecraftforge.network.HandshakeHandler/FMLHANDSHAKE]: Sending ticking packet info 'Registry minecraft:recipe_serializer' to 'fml:handshake' sequence 4
[18May2025 23:54:56.057] [Server thread/DEBUG] [net.minecraftforge.network.HandshakeHandler/FMLHANDSHAKE]: Sending ticking packet info 'Registry minecraft:sound_event' to 'fml:handshake' sequence 5
[18May2025 23:54:56.086] [Netty Epoll Server IO #4/DEBUG] [net.minecraftforge.network.LoginWrapper/FMLHANDSHAKE]: Recieved login wrapper packet event for channel fml:handshake with index 2
[18May2025 23:54:56.086] [Netty Epoll Server IO #4/DEBUG] [net.minecraftforge.network.HandshakeHandler/FMLHANDSHAKE]: Received client indexed reply 2 of type net.minecraftforge.network.HandshakeMessages$C2SModListReply
[18May2025 23:54:56.086] [Netty Epoll Server IO #4/DEBUG] [net.minecraftforge.network.HandshakeHandler/FMLHANDSHAKE]: Received client connection with modlist [minecraft, tht, elytraslot, kuma_api, terrablender, trashslot, mixinsquared, jade, jei, spectrelib, libraryferret, goblintraders, caelus, sophisticatedcore, curios, xaerominimap, xaeroworldmap, jumpoverfences, comforts, securitycraft, bettervillage, mixinextras, tombstone, glitchcore, biomesoplenty, sophisticatedbackpacks, architectury, mca, ferritecore, balm, refurbished_furniture, framework, fallingtree, forge]
[18May2025 23:54:56.086] [Netty Epoll Server IO #4/DEBUG] [net.minecraftforge.network.NetworkRegistry/NETREGISTRY]: Channel 'comforts:main' : Version test of '1' from client : ACCEPTED
[18May2025 23:54:56.086] [Netty Epoll Server IO #4/DEBUG] [net.minecraftforge.network.NetworkRegistry/NETREGISTRY]: Channel 'architectury:network' : Version test of '1' from client : ACCEPTED
[18May2025 23:54:56.086] [Netty Epoll Server IO #4/DEBUG] [net.minecraftforge.network.NetworkRegistry/NETREGISTRY]: Channel 'jei:channel' : Version test of '1.0.0' from client : ACCEPTED
[18May2025 23:54:56.086] [Netty Epoll Server IO #4/DEBUG] [net.minecraftforge.network.NetworkRegistry/NETREGISTRY]: Channel 'minecraft:unregister' : Version test of 'FML3' from client : ACCEPTED
[18May2025 23:54:56.086] [Netty Epoll Server IO #4/DEBUG] [net.minecraftforge.network.NetworkRegistry/NETREGISTRY]: Channel 'xaerominimap:main' : Version test of '1.0' from client : ACCEPTED
[18May2025 23:54:56.086] [Netty Epoll Server IO #4/DEBUG] [net.minecraftforge.network.NetworkRegistry/NETREGISTRY]: Channel 'sophisticatedbackpacks:channel' : Version test of '1' from client : ACCEPTED
[18May2025 23:54:56.086] [Netty Epoll Server IO #4/DEBUG] [net.minecraftforge.network.NetworkRegistry/NETREGISTRY]: Channel 'securitycraft:securitycraft' : Version test of 'v1.10.0.1' from client : ACCEPTED
[18May2025 23:54:56.086] [Netty Epoll Server IO #4/DEBUG] [net.minecraftforge.network.NetworkRegistry/NETREGISTRY]: Channel 'framework:play' : Version test of '1' from client : ACCEPTED
[18May2025 23:54:56.086] [Netty Epoll Server IO #4/DEBUG] [net.minecraftforge.network.NetworkRegistry/NETREGISTRY]: Channel 'fallingtree:main' : Version test of '1' from client : ACCEPTED
[18May2025 23:54:56.086] [Netty Epoll Server IO #4/DEBUG] [net.minecraftforge.network.NetworkRegistry/NETREGISTRY]: Channel 'curios:main' : Version test of '1' from client : ACCEPTED
[18May2025 23:54:56.086] [Netty Epoll Server IO #4/DEBUG] [net.minecraftforge.network.NetworkRegistry/NETREGISTRY]: Channel 'balm:network' : Version test of '1.0' from client : ACCEPTED
[18May2025 23:54:56.086] [Netty Epoll Server IO #4/DEBUG] [net.minecraftforge.network.NetworkRegistry/NETREGISTRY]: Channel 'framework:handshake' : Version test of '1' from client : ACCEPTED
[18May2025 23:54:56.086] [Netty Epoll Server IO #4/DEBUG] [net.minecraftforge.network.NetworkRegistry/NETREGISTRY]: Channel 'fml:loginwrapper' : Version test of 'FML3' from client : ACCEPTED
[18May2025 23:54:56.086] [Netty Epoll Server IO #4/DEBUG] [net.minecraftforge.network.NetworkRegistry/NETREGISTRY]: Channel 'forge:tier_sorting' : Version test of '1.0' from client : ACCEPTED
[18May2025 23:54:56.086] [Netty Epoll Server IO #4/DEBUG] [net.minecraftforge.network.NetworkRegistry/NETREGISTRY]: Channel 'spectrelib:main' : Version test of '1' from client : ACCEPTED
[18May2025 23:54:56.086] [Netty Epoll Server IO #4/DEBUG] [net.minecraftforge.network.NetworkRegistry/NETREGISTRY]: Channel 'trashslot:network' : Version test of '1.0' from client : ACCEPTED
[18May2025 23:54:56.086] [Netty Epoll Server IO #4/DEBUG] [net.minecraftforge.network.NetworkRegistry/NETREGISTRY]: Channel 'tombstone:tombstone_channel' : Version test of 'tombstone-8.9.4' from client : ACCEPTED
[18May2025 23:54:56.087] [Netty Epoll Server IO #4/DEBUG] [net.minecraftforge.network.NetworkRegistry/NETREGISTRY]: Channel 'mca:main' : Version test of '1' from client : ACCEPTED
[18May2025 23:54:56.087] [Netty Epoll Server IO #4/DEBUG] [net.minecraftforge.network.NetworkRegistry/NETREGISTRY]: Channel 'fml:play' : Version test of 'FML3' from client : ACCEPTED
[18May2025 23:54:56.087] [Netty Epoll Server IO #4/DEBUG] [net.minecraftforge.network.NetworkRegistry/NETREGISTRY]: Channel 'sophisticatedcore:channel' : Version test of '1' from client : ACCEPTED
[18May2025 23:54:56.087] [Netty Epoll Server IO #4/DEBUG] [net.minecraftforge.network.NetworkRegistry/NETREGISTRY]: Channel 'caelus:main' : Version test of '1' from client : ACCEPTED
[18May2025 23:54:56.087] [Netty Epoll Server IO #4/DEBUG] [net.minecraftforge.network.NetworkRegistry/NETREGISTRY]: Channel 'fml:handshake' : Version test of 'FML3' from client : ACCEPTED
[18May2025 23:54:56.087] [Netty Epoll Server IO #4/DEBUG] [net.minecraftforge.network.NetworkRegistry/NETREGISTRY]: Channel 'tht:tht' : Version test of '1' from client : ACCEPTED
[18May2025 23:54:56.087] [Netty Epoll Server IO #4/DEBUG] [net.minecraftforge.network.NetworkRegistry/NETREGISTRY]: Channel 'xaeroworldmap:main' : Version test of '1.0' from client : ACCEPTED
[18May2025 23:54:56.087] [Netty Epoll Server IO #4/DEBUG] [net.minecraftforge.network.NetworkRegistry/NETREGISTRY]: Channel 'minecraft:register' : Version test of 'FML3' from client : ACCEPTED
[18May2025 23:54:56.087] [Netty Epoll Server IO #4/DEBUG] [net.minecraftforge.network.NetworkRegistry/NETREGISTRY]: Channel 'forge:split' : Version test of '1.1' from client : ACCEPTED
[18May2025 23:54:56.087] [Netty Epoll Server IO #4/DEBUG] [net.minecraftforge.network.NetworkRegistry/NETREGISTRY]: Channel 'jade:networking' : Version test of '2' from client : ACCEPTED
[18May2025 23:54:56.087] [Netty Epoll Server IO #4/DEBUG] [net.minecraftforge.network.NetworkRegistry/NETREGISTRY]: Channel 'refurbished_furniture:play' : Version test of '1' from client : ACCEPTED
[18May2025 23:54:56.087] [Netty Epoll Server IO #4/DEBUG] [net.minecraftforge.network.NetworkRegistry/NETREGISTRY]: Accepting channel list from client
[18May2025 23:54:56.087] [Netty Epoll Server IO #4/DEBUG] [net.minecraftforge.network.HandshakeHandler/FMLHANDSHAKE]: Accepted client connection mod list
[18May2025 23:54:56.088] [Netty Epoll Server IO #4/DEBUG] [net.minecraftforge.network.LoginWrapper/FMLHANDSHAKE]: Recieved login wrapper packet event for channel fml:handshake with index 3
[18May2025 23:54:56.089] [Netty Epoll Server IO #4/DEBUG] [net.minecraftforge.network.HandshakeHandler/FMLHANDSHAKE]: Received client indexed reply 3 of type net.minecraftforge.network.HandshakeMessages$C2SAcknowledge
[18May2025 23:54:56.089] [Netty Epoll Server IO #4/DEBUG] [net.minecraftforge.network.HandshakeHandler/FMLHANDSHAKE]: Received acknowledgement from client
[18May2025 23:54:56.108] [Server thread/DEBUG] [net.minecraftforge.network.HandshakeHandler/FMLHANDSHAKE]: Sending ticking packet info 'Registry minecraft:particle_type' to 'fml:handshake' sequence 6
[18May2025 23:54:56.157] [Server thread/DEBUG] [net.minecraftforge.network.HandshakeHandler/FMLHANDSHAKE]: Sending ticking packet info 'Registry minecraft:villager_profession' to 'fml:handshake' sequence 7
[18May2025 23:54:56.186] [Netty Epoll Server IO #4/DEBUG] [net.minecraftforge.network.LoginWrapper/FMLHANDSHAKE]: Recieved login wrapper packet event for channel fml:handshake with index 4
[18May2025 23:54:56.186] [Netty Epoll Server IO #4/DEBUG] [net.minecraftforge.network.HandshakeHandler/FMLHANDSHAKE]: Received client indexed reply 4 of type net.minecraftforge.network.HandshakeMessages$C2SAcknowledge
[18May2025 23:54:56.186] [Netty Epoll Server IO #4/DEBUG] [net.minecraftforge.network.HandshakeHandler/FMLHANDSHAKE]: Received acknowledgement from client
[18May2025 23:54:56.207] [Server thread/DEBUG] [net.minecraftforge.network.HandshakeHandler/FMLHANDSHAKE]: Sending ticking packet info 'Registry minecraft:item' to 'fml:handshake' sequence 8
[18May2025 23:54:56.256] [Server thread/DEBUG] [net.minecraftforge.network.HandshakeHandler/FMLHANDSHAKE]: Sending ticking packet info 'Registry minecraft:potion' to 'fml:handshake' sequence 9
[18May2025 23:54:56.308] [Server thread/DEBUG] [net.minecraftforge.network.HandshakeHandler/FMLHANDSHAKE]: Sending ticking packet info 'Registry minecraft:painting_variant' to 'fml:handshake' sequence 10
[18May2025 23:54:56.316] [Netty Epoll Server IO #4/DEBUG] [net.minecraftforge.network.LoginWrapper/FMLHANDSHAKE]: Recieved login wrapper packet event for channel fml:handshake with index 5
[18May2025 23:54:56.316] [Netty Epoll Server IO #4/DEBUG] [net.minecraftforge.network.HandshakeHandler/FMLHANDSHAKE]: Received client indexed reply 5 of type net.minecraftforge.network.HandshakeMessages$C2SAcknowledge
[18May2025 23:54:56.316] [Netty Epoll Server IO #4/DEBUG] [net.minecraftforge.network.HandshakeHandler/FMLHANDSHAKE]: Received acknowledgement from client
[18May2025 23:54:56.356] [Netty Epoll Server IO #4/DEBUG] [net.minecraftforge.network.LoginWrapper/FMLHANDSHAKE]: Recieved login wrapper packet event for channel fml:handshake with index 6
[18May2025 23:54:56.356] [Netty Epoll Server IO #4/DEBUG] [net.minecraftforge.network.HandshakeHandler/FMLHANDSHAKE]: Received client indexed reply 6 of type net.minecraftforge.network.HandshakeMessages$C2SAcknowledge
[18May2025 23:54:56.356] [Netty Epoll Server IO #4/DEBUG] [net.minecraftforge.network.HandshakeHandler/FMLHANDSHAKE]: Received acknowledgement from client
[18May2025 23:54:56.357] [Netty Epoll Server IO #4/DEBUG] [net.minecraftforge.network.LoginWrapper/FMLHANDSHAKE]: Recieved login wrapper packet event for channel fml:handshake with index 7
[18May2025 23:54:56.357] [Netty Epoll Server IO #4/DEBUG] [net.minecraftforge.network.HandshakeHandler/FMLHANDSHAKE]: Received client indexed reply 7 of type net.minecraftforge.network.HandshakeMessages$C2SAcknowledge
[18May2025 23:54:56.357] [Netty Epoll Server IO #4/DEBUG] [net.minecraftforge.network.HandshakeHandler/FMLHANDSHAKE]: Received acknowledgement from client
[18May2025 23:54:56.358] [Server thread/DEBUG] [net.minecraftforge.network.HandshakeHandler/FMLHANDSHAKE]: Sending ticking packet info 'Registry forge:fluid_type' to 'fml:handshake' sequence 11
[18May2025 23:54:56.407] [Server thread/DEBUG] [net.minecraftforge.network.HandshakeHandler/FMLHANDSHAKE]: Sending ticking packet info 'Registry minecraft:block_entity_type' to 'fml:handshake' sequence 12
[18May2025 23:54:56.456] [Server thread/DEBUG] [net.minecraftforge.network.HandshakeHandler/FMLHANDSHAKE]: Sending ticking packet info 'Registry forge:display_contexts' to 'fml:handshake' sequence 13
[18May2025 23:54:56.477] [Netty Epoll Server IO #4/DEBUG] [net.minecraftforge.network.LoginWrapper/FMLHANDSHAKE]: Recieved login wrapper packet event for channel fml:handshake with index 8
[18May2025 23:54:56.478] [Netty Epoll Server IO #4/DEBUG] [net.minecraftforge.network.HandshakeHandler/FMLHANDSHAKE]: Received client indexed reply 8 of type net.minecraftforge.network.HandshakeMessages$C2SAcknowledge
[18May2025 23:54:56.478] [Netty Epoll Server IO #4/DEBUG] [net.minecraftforge.network.HandshakeHandler/FMLHANDSHAKE]: Received acknowledgement from client
[18May2025 23:54:56.507] [Server thread/DEBUG] [net.minecraftforge.network.HandshakeHandler/FMLHANDSHAKE]: Sending ticking packet info 'Registry minecraft:block' to 'fml:handshake' sequence 14
[18May2025 23:54:56.507] [Netty Epoll Server IO #4/DEBUG] [net.minecraftforge.network.LoginWrapper/FMLHANDSHAKE]: Recieved login wrapper packet event for channel fml:handshake with index 9
[18May2025 23:54:56.507] [Netty Epoll Server IO #4/DEBUG] [net.minecraftforge.network.HandshakeHandler/FMLHANDSHAKE]: Received client indexed reply 9 of type net.minecraftforge.network.HandshakeMessages$C2SAcknowledge
[18May2025 23:54:56.507] [Netty Epoll Server IO #4/DEBUG] [net.minecraftforge.network.HandshakeHandler/FMLHANDSHAKE]: Received acknowledgement from client
[18May2025 23:54:56.547] [Netty Epoll Server IO #4/DEBUG] [net.minecraftforge.network.LoginWrapper/FMLHANDSHAKE]: Recieved login wrapper packet event for channel fml:handshake with index 10
[18May2025 23:54:56.547] [Netty Epoll Server IO #4/DEBUG] [net.minecraftforge.network.HandshakeHandler/FMLHANDSHAKE]: Received client indexed reply 10 of type net.minecraftforge.network.HandshakeMessages$C2SAcknowledge
[18May2025 23:54:56.547] [Netty Epoll Server IO #4/DEBUG] [net.minecraftforge.network.HandshakeHandler/FMLHANDSHAKE]: Received acknowledgement from client
[18May2025 23:54:56.547] [Netty Epoll Server IO #4/DEBUG] [net.minecraftforge.network.LoginWrapper/FMLHANDSHAKE]: Recieved login wrapper packet event for channel fml:handshake with index 11
[18May2025 23:54:56.548] [Netty Epoll Server IO #4/DEBUG] [net.minecraftforge.network.HandshakeHandler/FMLHANDSHAKE]: Received client indexed reply 11 of type net.minecraftforge.network.HandshakeMessages$C2SAcknowledge
[18May2025 23:54:56.548] [Netty Epoll Server IO #4/DEBUG] [net.minecraftforge.network.HandshakeHandler/FMLHANDSHAKE]: Received acknowledgement from client
[18May2025 23:54:56.556] [Server thread/DEBUG] [net.minecraftforge.network.HandshakeHandler/FMLHANDSHAKE]: Sending ticking packet info 'Registry forge:entity_data_serializers' to 'fml:handshake' sequence 15
[18May2025 23:54:56.606] [Server thread/DEBUG] [net.minecraftforge.network.HandshakeHandler/FMLHANDSHAKE]: Sending ticking packet info 'Registry minecraft:mob_effect' to 'fml:handshake' sequence 16
[18May2025 23:54:56.636] [Netty Epoll Server IO #4/DEBUG] [net.minecraftforge.network.LoginWrapper/FMLHANDSHAKE]: Recieved login wrapper packet event for channel fml:handshake with index 12
[18May2025 23:54:56.636] [Netty Epoll Server IO #4/DEBUG] [net.minecraftforge.network.HandshakeHandler/FMLHANDSHAKE]: Received client indexed reply 12 of type net.minecraftforge.network.HandshakeMessages$C2SAcknowledge
[18May2025 23:54:56.636] [Netty Epoll Server IO #4/DEBUG] [net.minecraftforge.network.HandshakeHandler/FMLHANDSHAKE]: Received acknowledgement from client
[18May2025 23:54:56.657] [Server thread/DEBUG] [net.minecraftforge.network.HandshakeHandler/FMLHANDSHAKE]: Sending ticking packet info 'Registry minecraft:stat_type' to 'fml:handshake' sequence 17
[18May2025 23:54:56.657] [Netty Epoll Server IO #4/DEBUG] [net.minecraftforge.network.LoginWrapper/FMLHANDSHAKE]: Recieved login wrapper packet event for channel fml:handshake with index 13
[18May2025 23:54:56.657] [Netty Epoll Server IO #4/DEBUG] [net.minecraftforge.network.HandshakeHandler/FMLHANDSHAKE]: Received client indexed reply 13 of type net.minecraftforge.network.HandshakeMessages$C2SAcknowledge
[18May2025 23:54:56.657] [Netty Epoll Server IO #4/DEBUG] [net.minecraftforge.network.HandshakeHandler/FMLHANDSHAKE]: Received acknowledgement from client
[18May2025 23:54:56.657] [Netty Epoll Server IO #4/DEBUG] [net.minecraftforge.network.LoginWrapper/FMLHANDSHAKE]: Recieved login wrapper packet event for channel fml:handshake with index 14
[18May2025 23:54:56.657] [Netty Epoll Server IO #4/DEBUG] [net.minecraftforge.network.HandshakeHandler/FMLHANDSHAKE]: Received client indexed reply 14 of type net.minecraftforge.network.HandshakeMessages$C2SAcknowledge
[18May2025 23:54:56.657] [Netty Epoll Server IO #4/DEBUG] [net.minecraftforge.network.HandshakeHandler/FMLHANDSHAKE]: Received acknowledgement from client
[18May2025 23:54:56.707] [Server thread/DEBUG] [net.minecraftforge.network.HandshakeHandler/FMLHANDSHAKE]: Sending ticking packet info 'Registry tombstone:perks' to 'fml:handshake' sequence 18
[18May2025 23:54:56.735] [Netty Epoll Server IO #4/DEBUG] [net.minecraftforge.network.LoginWrapper/FMLHANDSHAKE]: Recieved login wrapper packet event for channel fml:handshake with index 15
[18May2025 23:54:56.735] [Netty Epoll Server IO #4/DEBUG] [net.minecraftforge.network.HandshakeHandler/FMLHANDSHAKE]: Received client indexed reply 15 of type net.minecraftforge.network.HandshakeMessages$C2SAcknowledge
[18May2025 23:54:56.735] [Netty Epoll Server IO #4/DEBUG] [net.minecraftforge.network.HandshakeHandler/FMLHANDSHAKE]: Received acknowledgement from client
[18May2025 23:54:56.757] [Server thread/DEBUG] [net.minecraftforge.network.HandshakeHandler/FMLHANDSHAKE]: Sending ticking packet info 'Registry minecraft:menu' to 'fml:handshake' sequence 19
[18May2025 23:54:56.776] [Netty Epoll Server IO #4/DEBUG] [net.minecraftforge.network.LoginWrapper/FMLHANDSHAKE]: Recieved login wrapper packet event for channel fml:handshake with index 16
[18May2025 23:54:56.776] [Netty Epoll Server IO #4/DEBUG] [net.minecraftforge.network.HandshakeHandler/FMLHANDSHAKE]: Received client indexed reply 16 of type net.minecraftforge.network.HandshakeMessages$C2SAcknowledge
[18May2025 23:54:56.776] [Netty Epoll Server IO #4/DEBUG] [net.minecraftforge.network.HandshakeHandler/FMLHANDSHAKE]: Received acknowledgement from client
[18May2025 23:54:56.806] [Server thread/DEBUG] [net.minecraftforge.network.HandshakeHandler/FMLHANDSHAKE]: Sending ticking packet info 'Registry minecraft:enchantment' to 'fml:handshake' sequence 20
[18May2025 23:54:56.857] [Server thread/DEBUG] [net.minecraftforge.network.HandshakeHandler/FMLHANDSHAKE]: Sending ticking packet info 'Registry minecraft:fluid' to 'fml:handshake' sequence 21
[18May2025 23:54:56.886] [Netty Epoll Server IO #4/DEBUG] [net.minecraftforge.network.LoginWrapper/FMLHANDSHAKE]: Recieved login wrapper packet event for channel fml:handshake with index 17
[18May2025 23:54:56.886] [Netty Epoll Server IO #4/DEBUG] [net.minecraftforge.network.HandshakeHandler/FMLHANDSHAKE]: Received client indexed reply 17 of type net.minecraftforge.network.HandshakeMessages$C2SAcknowledge
[18May2025 23:54:56.886] [Netty Epoll Server IO #4/DEBUG] [net.minecraftforge.network.HandshakeHandler/FMLHANDSHAKE]: Received acknowledgement from client
[18May2025 23:54:56.886] [Netty Epoll Server IO #4/DEBUG] [net.minecraftforge.network.LoginWrapper/FMLHANDSHAKE]: Recieved login wrapper packet event for channel fml:handshake with index 18
[18May2025 23:54:56.886] [Netty Epoll Server IO #4/DEBUG] [net.minecraftforge.network.HandshakeHandler/FMLHANDSHAKE]: Received client indexed reply 18 of type net.minecraftforge.network.HandshakeMessages$C2SAcknowledge
[18May2025 23:54:56.886] [Netty Epoll Server IO #4/DEBUG] [net.minecraftforge.network.HandshakeHandler/FMLHANDSHAKE]: Received acknowledgement from client
[18May2025 23:54:56.907] [Server thread/DEBUG] [net.minecraftforge.network.HandshakeHandler/FMLHANDSHAKE]: Sending ticking packet info 'Registry minecraft:entity_type' to 'fml:handshake' sequence 22
[18May2025 23:54:56.907] [Netty Epoll Server IO #4/DEBUG] [net.minecraftforge.network.LoginWrapper/FMLHANDSHAKE]: Recieved login wrapper packet event for channel fml:handshake with index 19
[18May2025 23:54:56.907] [Netty Epoll Server IO #4/DEBUG] [net.minecraftforge.network.HandshakeHandler/FMLHANDSHAKE]: Received client indexed reply 19 of type net.minecraftforge.network.HandshakeMessages$C2SAcknowledge
[18May2025 23:54:56.907] [Netty Epoll Server IO #4/DEBUG] [net.minecraftforge.network.HandshakeHandler/FMLHANDSHAKE]: Received acknowledgement from client
[18May2025 23:54:56.956] [Server thread/DEBUG] [net.minecraftforge.network.HandshakeHandler/FMLHANDSHAKE]: Sending ticking packet info 'Config securitycraft-server.toml' to 'fml:handshake' sequence 23
[18May2025 23:54:56.985] [Netty Epoll Server IO #4/DEBUG] [net.minecraftforge.network.LoginWrapper/FMLHANDSHAKE]: Recieved login wrapper packet event for channel fml:handshake with index 20
[18May2025 23:54:56.985] [Netty Epoll Server IO #4/DEBUG] [net.minecraftforge.network.HandshakeHandler/FMLHANDSHAKE]: Received client indexed reply 20 of type net.minecraftforge.network.HandshakeMessages$C2SAcknowledge
[18May2025 23:54:56.985] [Netty Epoll Server IO #4/DEBUG] [net.minecraftforge.network.HandshakeHandler/FMLHANDSHAKE]: Received acknowledgement from client
[18May2025 23:54:57.006] [Server thread/DEBUG] [net.minecraftforge.network.HandshakeHandler/FMLHANDSHAKE]: Sending ticking packet info 'Config curios-server.toml' to 'fml:handshake' sequence 24
[18May2025 23:54:57.033] [Netty Epoll Server IO #4/DEBUG] [net.minecraftforge.network.LoginWrapper/FMLHANDSHAKE]: Recieved login wrapper packet event for channel fml:handshake with index 21
[18May2025 23:54:57.033] [Netty Epoll Server IO #4/DEBUG] [net.minecraftforge.network.HandshakeHandler/FMLHANDSHAKE]: Received client indexed reply 21 of type net.minecraftforge.network.HandshakeMessages$C2SAcknowledge
[18May2025 23:54:57.033] [Netty Epoll Server IO #4/DEBUG] [net.minecraftforge.network.HandshakeHandler/FMLHANDSHAKE]: Received acknowledgement from client
[18May2025 23:54:57.056] [Server thread/DEBUG] [net.minecraftforge.network.HandshakeHandler/FMLHANDSHAKE]: Sending ticking packet info 'Config tombstone-server.toml' to 'fml:handshake' sequence 25
[18May2025 23:54:57.106] [Server thread/DEBUG] [net.minecraftforge.network.HandshakeHandler/FMLHANDSHAKE]: Sending ticking packet info 'Config sophisticatedbackpacks-server.toml' to 'fml:handshake' sequence 26
[18May2025 23:54:57.156] [Server thread/DEBUG] [net.minecraftforge.network.HandshakeHandler/FMLHANDSHAKE]: Sending ticking packet info 'Config jei-server.toml' to 'fml:handshake' sequence 27
[18May2025 23:54:57.206] [Server thread/DEBUG] [net.minecraftforge.network.HandshakeHandler/FMLHANDSHAKE]: Sending ticking packet info 'Config forge-server.toml' to 'fml:handshake' sequence 28
[18May2025 23:54:58.053] [Netty Epoll Server IO #4/DEBUG] [net.minecraftforge.network.LoginWrapper/FMLHANDSHAKE]: Recieved login wrapper packet event for channel fml:handshake with index 22
[18May2025 23:54:58.053] [Netty Epoll Server IO #4/DEBUG] [net.minecraftforge.network.HandshakeHandler/FMLHANDSHAKE]: Received client indexed reply 22 of type net.minecraftforge.network.HandshakeMessages$C2SAcknowledge
[18May2025 23:54:58.053] [Netty Epoll Server IO #4/DEBUG] [net.minecraftforge.network.HandshakeHandler/FMLHANDSHAKE]: Received acknowledgement from client
[18May2025 23:54:58.093] [Netty Epoll Server IO #4/DEBUG] [net.minecraftforge.network.LoginWrapper/FMLHANDSHAKE]: Recieved login wrapper packet event for channel fml:handshake with index 23
[18May2025 23:54:58.093] [Netty Epoll Server IO #4/DEBUG] [net.minecraftforge.network.HandshakeHandler/FMLHANDSHAKE]: Received client indexed reply 23 of type net.minecraftforge.network.HandshakeMessages$C2SAcknowledge
[18May2025 23:54:58.093] [Netty Epoll Server IO #4/DEBUG] [net.minecraftforge.network.HandshakeHandler/FMLHANDSHAKE]: Received acknowledgement from client
[18May2025 23:54:58.094] [Netty Epoll Server IO #4/DEBUG] [net.minecraftforge.network.LoginWrapper/FMLHANDSHAKE]: Recieved login wrapper packet event for channel fml:handshake with index 24
[18May2025 23:54:58.094] [Netty Epoll Server IO #4/DEBUG] [net.minecraftforge.network.HandshakeHandler/FMLHANDSHAKE]: Received client indexed reply 24 of type net.minecraftforge.network.HandshakeMessages$C2SAcknowledge
[18May2025 23:54:58.094] [Netty Epoll Server IO #4/DEBUG] [net.minecraftforge.network.HandshakeHandler/FMLHANDSHAKE]: Received acknowledgement from client
[18May2025 23:54:58.094] [Netty Epoll Server IO #4/DEBUG] [net.minecraftforge.network.LoginWrapper/FMLHANDSHAKE]: Recieved login wrapper packet event for channel fml:handshake with index 25
[18May2025 23:54:58.094] [Netty Epoll Server IO #4/DEBUG] [net.minecraftforge.network.HandshakeHandler/FMLHANDSHAKE]: Received client indexed reply 25 of type net.minecraftforge.network.HandshakeMessages$C2SAcknowledge
[18May2025 23:54:58.094] [Netty Epoll Server IO #4/DEBUG] [net.minecraftforge.network.HandshakeHandler/FMLHANDSHAKE]: Received acknowledgement from client
[18May2025 23:54:58.094] [Netty Epoll Server IO #4/DEBUG] [net.minecraftforge.network.LoginWrapper/FMLHANDSHAKE]: Recieved login wrapper packet event for channel fml:handshake with index 26
[18May2025 23:54:58.094] [Netty Epoll Server IO #4/DEBUG] [net.minecraftforge.network.HandshakeHandler/FMLHANDSHAKE]: Received client indexed reply 26 of type net.minecraftforge.network.HandshakeMessages$C2SAcknowledge
[18May2025 23:54:58.094] [Netty Epoll Server IO #4/DEBUG] [net.minecraftforge.network.HandshakeHandler/FMLHANDSHAKE]: Received acknowledgement from client
[18May2025 23:54:58.094] [Netty Epoll Server IO #4/DEBUG] [net.minecraftforge.network.LoginWrapper/FMLHANDSHAKE]: Recieved login wrapper packet event for channel fml:handshake with index 27
[18May2025 23:54:58.094] [Netty Epoll Server IO #4/DEBUG] [net.minecraftforge.network.HandshakeHandler/FMLHANDSHAKE]: Received client indexed reply 27 of type net.minecraftforge.network.HandshakeMessages$C2SAcknowledge
[18May2025 23:54:58.094] [Netty Epoll Server IO #4/DEBUG] [net.minecraftforge.network.HandshakeHandler/FMLHANDSHAKE]: Received acknowledgement from client
[18May2025 23:54:58.094] [Netty Epoll Server IO #4/DEBUG] [net.minecraftforge.network.LoginWrapper/FMLHANDSHAKE]: Recieved login wrapper packet event for channel fml:handshake with index 28
[18May2025 23:54:58.094] [Netty Epoll Server IO #4/DEBUG] [net.minecraftforge.network.HandshakeHandler/FMLHANDSHAKE]: Received client indexed reply 28 of type net.minecraftforge.network.HandshakeMessages$C2SAcknowledge
[18May2025 23:54:58.094] [Netty Epoll Server IO #4/DEBUG] [net.minecraftforge.network.HandshakeHandler/FMLHANDSHAKE]: Received acknowledgement from client
[18May2025 23:54:58.107] [Server thread/DEBUG] [net.minecraftforge.network.HandshakeHandler/FMLHANDSHAKE]: Handshake complete!
[18May2025 23:54:58.166] [Server thread/INFO] [net.minecraft.server.players.PlayerList/]: 1diiiego[/127.166.59.103:53521] logged in with entity id 14219 at (-1822.1147506079692, 67.90667740728323, 355.18369395027224)
[18May2025 23:54:58.166] [Server thread/DEBUG] [net.minecraftforge.network.filters.NetworkFilters/]: Injected net.minecraftforge.network.filters.ForgeConnectionNetworkFilter@41431c7c into net.minecraft.network.Connection@625e0a0
[18May2025 23:54:58.176] [Server thread/INFO] [net.minecraft.server.MinecraftServer/]: 1diiiego joined the game
[18May2025 23:54:58.207] [Server thread/INFO] [Jade/]: Syncing config to 1diiiego (b29720b2-9535-3db9-946a-c053638c1576)
[18May2025 23:55:25.402] [Server thread/INFO] [net.minecraft.server.MinecraftServer/]: 1diiiego has reached the goal [Chain Death]
[18May2025 23:55:25.403] [Server thread/INFO] [net.minecraft.server.MinecraftServer/]: 1diiiego was killed whilst fighting Skeleton
[18May2025 23:55:25.405] [Server thread/DEBUG] [tombstone/]: A new grave of the player 1diiiego was created at position [x:-1802, y:66, z:348, dim:minecraft:overworld]
[18May2025 23:55:25.406] [Server thread/INFO] [net.minecraft.server.MinecraftServer/]: [YoungRichFlacko: Killed 1diiiego]
[18May2025 23:55:25.406] [Server thread/INFO] [tombstone/]: The player 1diiiego has successfully been saved
[18May2025 23:55:36.832] [Server thread/INFO] [net.minecraft.server.MinecraftServer/]: [YoungRichFlacko: Set the time to 1000]
[18May2025 23:55:50.717] [Server thread/INFO] [net.minecraft.server.MinecraftServer/]: [YoungRichFlacko: Set own game mode to Survival Mode]
[18May2025 23:58:43.754] [Server thread/DEBUG] [net.minecraftforge.common.ForgeHooks/WP]: Gathering id map for writing to world save world
[18May2025 23:58:43.766] [Server thread/DEBUG] [net.minecraftforge.common.ForgeHooks/WP]: ID Map collection complete world
[18May2025 23:58:56.329] [Server thread/INFO] [net.minecraft.server.network.ServerGamePacketListenerImpl/]: YoungRichFlacko lost connection: Disconnected
[18May2025 23:58:56.330] [Server thread/INFO] [net.minecraft.server.MinecraftServer/]: YoungRichFlacko left the game
[18May2025 23:59:08.109] [Server thread/INFO] [net.minecraft.server.network.ServerGamePacketListenerImpl/]: 1diiiego lost connection: Disconnected
[18May2025 23:59:08.109] [Server thread/INFO] [net.minecraft.server.MinecraftServer/]: 1diiiego left the game
[18May2025 23:59:36.153] [Server thread/INFO] [net.minecraft.server.MinecraftServer/]: Stopping the server
[18May2025 23:59:36.204] [Server thread/INFO] [net.minecraft.server.MinecraftServer/]: Stopping server
[18May2025 23:59:36.204] [Server thread/INFO] [net.minecraft.server.MinecraftServer/]: Saving players
[18May2025 23:59:36.205] [Server thread/INFO] [net.minecraft.server.MinecraftServer/]: Saving worlds
[18May2025 23:59:36.703] [Server thread/INFO] [net.minecraft.server.MinecraftServer/]: Saving chunks for level 'ServerLevel[world]'/minecraft:overworld
[18May2025 23:59:38.083] [Server thread/INFO] [net.minecraft.server.MinecraftServer/]: Saving chunks for level 'ServerLevel[world]'/minecraft:the_nether
[18May2025 23:59:38.084] [Server thread/INFO] [net.minecraft.server.MinecraftServer/]: Saving chunks for level 'ServerLevel[world]'/tht:dimension
[18May2025 23:59:38.086] [Server thread/INFO] [net.minecraft.server.MinecraftServer/]: Saving chunks for level 'ServerLevel[world]'/minecraft:the_end
[18May2025 23:59:38.088] [Server thread/DEBUG] [net.minecraftforge.common.ForgeHooks/WP]: Gathering id map for writing to world save world
[18May2025 23:59:38.095] [Server thread/DEBUG] [net.minecraftforge.common.ForgeHooks/WP]: ID Map collection complete world
[18May2025 23:59:38.107] [Server thread/INFO] [net.minecraft.server.MinecraftServer/]: ThreadedAnvilChunkStorage (world): All chunks are saved
[18May2025 23:59:38.107] [Server thread/INFO] [net.minecraft.server.MinecraftServer/]: ThreadedAnvilChunkStorage (DIM-1): All chunks are saved
[18May2025 23:59:38.108] [Server thread/INFO] [net.minecraft.server.MinecraftServer/]: ThreadedAnvilChunkStorage (dimension): All chunks are saved
[18May2025 23:59:38.108] [Server thread/INFO] [net.minecraft.server.MinecraftServer/]: ThreadedAnvilChunkStorage (DIM1): All chunks are saved
[18May2025 23:59:38.108] [Server thread/INFO] [net.minecraft.server.MinecraftServer/]: ThreadedAnvilChunkStorage: All dimensions are saved
[18May2025 23:59:38.157] [Server thread/DEBUG] [SpectreLib/CONFIG]: Unloading server configs
[18May2025 23:59:38.158] [Server thread/INFO] [Framework/]: Unloading server configs...
[18May2025 23:59:38.158] [Server thread/DEBUG] [Framework/]: Stopped watching config: /workspaces/server1/servidor_minecraft/config/refurbished_furniture.server.toml
[18May2025 23:59:38.159] [Server thread/INFO] [Framework/]: Sending config unload event for refurbished_furniture.server.toml
[18May2025 23:59:38.160] [Server thread/DEBUG] [Framework/]: Stopped watching config: /workspaces/server1/servidor_minecraft/config/goblintraders-entities.toml
[18May2025 23:59:38.160] [Server thread/INFO] [Framework/]: Sending config unload event for goblintraders-entities.toml
[18May2025 23:59:38.161] [Server thread/INFO] [Framework/]: Finished unloading server configs
[18May2025 23:59:38.161] [Server thread/DEBUG] [Framework/]: Stopping config watcher
[18May2025 23:59:38.161] [Server thread/DEBUG] [net.minecraftforge.fml.config.ConfigTracker/CONFIG]: Unloading configs type SERVER
